<?xml version="1.0" encoding="UTF-8"?>
<gpx creator="Garmin Connect" version="1.1"
  xsi:schemaLocation="http://www.topografix.com/GPX/1/1 http://www.topografix.com/GPX/11.xsd"
  xmlns:ns3="http://www.garmin.com/xmlschemas/TrackPointExtension/v1"
  xmlns="http://www.topografix.com/GPX/1/1"
  xmlns:xsi="http://www.w3.org/2001/XMLSchema-instance" xmlns:ns2="http://www.garmin.com/xmlschemas/GpxExtensions/v3">
  <metadata>
    <link href="connect.garmin.com">
      <text>Garmin Connect</text>
    </link>
    <time>2025-09-01T14:45:58.000Z</time>
  </metadata>
  <trk>
    <name>Highlands Walking</name>
    <type>walking</type>
    <trkseg>
      <trkpt lat="56.95745836012065410614013671875" lon="-5.843404233455657958984375">
        <ele>8.19999980926513671875</ele>
        <time>2025-09-01T14:45:58.000Z</time>
        <extensions>
          <ns3:TrackPointExtension>
            <ns3:hr>80</ns3:hr>
          </ns3:TrackPointExtension>
        </extensions>
      </trkpt>
      <trkpt lat="56.95751778781414031982421875" lon="-5.84350573830306529998779296875">
        <ele>7.599999904632568359375</ele>
        <time>2025-09-01T14:46:06.000Z</time>
        <extensions>
          <ns3:TrackPointExtension>
            <ns3:hr>81</ns3:hr>
          </ns3:TrackPointExtension>
        </extensions>
      </trkpt>
      <trkpt lat="56.95756137371063232421875" lon="-5.84358335472643375396728515625">
        <ele>7.599999904632568359375</ele>
        <time>2025-09-01T14:46:11.000Z</time>
        <extensions>
          <ns3:TrackPointExtension>
            <ns3:hr>78</ns3:hr>
          </ns3:TrackPointExtension>
        </extensions>
      </trkpt>
      <trkpt lat="56.957611329853534698486328125" lon="-5.8436799980700016021728515625">
        <ele>8</ele>
        <time>2025-09-01T14:46:17.000Z</time>
        <extensions>
          <ns3:TrackPointExtension>
            <ns3:hr>78</ns3:hr>
          </ns3:TrackPointExtension>
        </extensions>
      </trkpt>
      <trkpt lat="56.957640834152698516845703125" lon="-5.84373841993510723114013671875">
        <ele>8.19999980926513671875</ele>
        <time>2025-09-01T14:46:21.000Z</time>
        <extensions>
          <ns3:TrackPointExtension>
            <ns3:hr>74</ns3:hr>
          </ns3:TrackPointExtension>
        </extensions>
      </trkpt>
      <trkpt lat="56.957685090601444244384765625" lon="-5.84381486289203166961669921875">
        <ele>8.19999980926513671875</ele>
        <time>2025-09-01T14:46:26.000Z</time>
        <extensions>
          <ns3:TrackPointExtension>
            <ns3:hr>71</ns3:hr>
          </ns3:TrackPointExtension>
        </extensions>
      </trkpt>
      <trkpt lat="56.95770311169326305389404296875" lon="-5.84383866749703884124755859375">
        <ele>8.19999980926513671875</ele>
        <time>2025-09-01T14:46:28.000Z</time>
        <extensions>
          <ns3:TrackPointExtension>
            <ns3:hr>68</ns3:hr>
          </ns3:TrackPointExtension>
        </extensions>
      </trkpt>
      <trkpt lat="56.95776027627289295196533203125" lon="-5.8438734523952007293701171875">
        <ele>8.3999996185302734375</ele>
        <time>2025-09-01T14:46:34.000Z</time>
        <extensions>
          <ns3:TrackPointExtension>
            <ns3:hr>67</ns3:hr>
          </ns3:TrackPointExtension>
        </extensions>
      </trkpt>
      <trkpt lat="56.957818530499935150146484375" lon="-5.84393288008868694305419921875">
        <ele>7.80000019073486328125</ele>
        <time>2025-09-01T14:46:41.000Z</time>
        <extensions>
          <ns3:TrackPointExtension>
            <ns3:hr>68</ns3:hr>
          </ns3:TrackPointExtension>
        </extensions>
      </trkpt>
      <trkpt lat="56.95784409530460834503173828125" lon="-5.84396204911172389984130859375">
        <ele>7.599999904632568359375</ele>
        <time>2025-09-01T14:46:44.000Z</time>
        <extensions>
          <ns3:TrackPointExtension>
            <ns3:hr>71</ns3:hr>
          </ns3:TrackPointExtension>
        </extensions>
      </trkpt>
      <trkpt lat="56.9579112343490123748779296875" lon="-5.84401820786297321319580078125">
        <ele>7.599999904632568359375</ele>
        <time>2025-09-01T14:46:51.000Z</time>
        <extensions>
          <ns3:TrackPointExtension>
            <ns3:hr>73</ns3:hr>
          </ns3:TrackPointExtension>
        </extensions>
      </trkpt>
      <trkpt lat="56.95796814747154712677001953125" lon="-5.844067744910717010498046875">
        <ele>8</ele>
        <time>2025-09-01T14:46:58.000Z</time>
        <extensions>
          <ns3:TrackPointExtension>
            <ns3:hr>70</ns3:hr>
          </ns3:TrackPointExtension>
        </extensions>
      </trkpt>
      <trkpt lat="56.9579870067536830902099609375" lon="-5.8440868556499481201171875">
        <ele>8</ele>
        <time>2025-09-01T14:47:00.000Z</time>
        <extensions>
          <ns3:TrackPointExtension>
            <ns3:hr>67</ns3:hr>
          </ns3:TrackPointExtension>
        </extensions>
      </trkpt>
      <trkpt lat="56.95800486020743846893310546875" lon="-5.8441064693033695220947265625">
        <ele>8</ele>
        <time>2025-09-01T14:47:02.000Z</time>
        <extensions>
          <ns3:TrackPointExtension>
            <ns3:hr>66</ns3:hr>
          </ns3:TrackPointExtension>
        </extensions>
      </trkpt>
      <trkpt lat="56.95811131037771701812744140625" lon="-5.8441778831183910369873046875">
        <ele>8</ele>
        <time>2025-09-01T14:47:12.000Z</time>
        <extensions>
          <ns3:TrackPointExtension>
            <ns3:hr>68</ns3:hr>
          </ns3:TrackPointExtension>
        </extensions>
      </trkpt>
      <trkpt lat="56.958183981478214263916015625" lon="-5.84424988366663455963134765625">
        <ele>8.3999996185302734375</ele>
        <time>2025-09-01T14:47:21.000Z</time>
        <extensions>
          <ns3:TrackPointExtension>
            <ns3:hr>69</ns3:hr>
          </ns3:TrackPointExtension>
        </extensions>
      </trkpt>
      <trkpt lat="56.9581978954374790191650390625" lon="-5.8442767895758152008056640625">
        <ele>8.19999980926513671875</ele>
        <time>2025-09-01T14:47:26.000Z</time>
        <extensions>
          <ns3:TrackPointExtension>
            <ns3:hr>69</ns3:hr>
          </ns3:TrackPointExtension>
        </extensions>
      </trkpt>
      <trkpt lat="56.9582351110875606536865234375" lon="-5.8443401567637920379638671875">
        <ele>9.19999980926513671875</ele>
        <time>2025-09-01T14:47:31.000Z</time>
        <extensions>
          <ns3:TrackPointExtension>
            <ns3:hr>70</ns3:hr>
          </ns3:TrackPointExtension>
        </extensions>
      </trkpt>
      <trkpt lat="56.95826855488121509552001953125" lon="-5.844358094036579132080078125">
        <ele>9</ele>
        <time>2025-09-01T14:47:34.000Z</time>
        <extensions>
          <ns3:TrackPointExtension>
            <ns3:hr>71</ns3:hr>
          </ns3:TrackPointExtension>
        </extensions>
      </trkpt>
      <trkpt lat="56.95834868587553501129150390625" lon="-5.8444843254983425140380859375">
        <ele>8.6000003814697265625</ele>
        <time>2025-09-01T14:47:44.000Z</time>
        <extensions>
          <ns3:TrackPointExtension>
            <ns3:hr>71</ns3:hr>
          </ns3:TrackPointExtension>
        </extensions>
      </trkpt>
      <trkpt lat="56.9584154896438121795654296875" lon="-5.84469060413539409637451171875">
        <ele>8.19999980926513671875</ele>
        <time>2025-09-01T14:47:56.000Z</time>
        <extensions>
          <ns3:TrackPointExtension>
            <ns3:hr>71</ns3:hr>
          </ns3:TrackPointExtension>
        </extensions>
      </trkpt>
      <trkpt lat="56.95848262868821620941162109375" lon="-5.84481985308229923248291015625">
        <ele>7.80000019073486328125</ele>
        <time>2025-09-01T14:48:05.000Z</time>
        <extensions>
          <ns3:TrackPointExtension>
            <ns3:hr>68</ns3:hr>
          </ns3:TrackPointExtension>
        </extensions>
      </trkpt>
      <trkpt lat="56.95850090123713016510009765625" lon="-5.8448460884392261505126953125">
        <ele>8.19999980926513671875</ele>
        <time>2025-09-01T14:48:07.000Z</time>
        <extensions>
          <ns3:TrackPointExtension>
            <ns3:hr>67</ns3:hr>
          </ns3:TrackPointExtension>
        </extensions>
      </trkpt>
      <trkpt lat="56.95853090845048427581787109375" lon="-5.84489126689732074737548828125">
        <ele>8.3999996185302734375</ele>
        <time>2025-09-01T14:48:11.000Z</time>
        <extensions>
          <ns3:TrackPointExtension>
            <ns3:hr>64</ns3:hr>
          </ns3:TrackPointExtension>
        </extensions>
      </trkpt>
      <trkpt lat="56.95857130922377109527587890625" lon="-5.844939462840557098388671875">
        <ele>7.80000019073486328125</ele>
        <time>2025-09-01T14:48:16.000Z</time>
        <extensions>
          <ns3:TrackPointExtension>
            <ns3:hr>63</ns3:hr>
          </ns3:TrackPointExtension>
        </extensions>
      </trkpt>
      <trkpt lat="56.9586597383022308349609375" lon="-5.8450566418468952178955078125">
        <ele>7.599999904632568359375</ele>
        <time>2025-09-01T14:48:27.000Z</time>
        <extensions>
          <ns3:TrackPointExtension>
            <ns3:hr>64</ns3:hr>
          </ns3:TrackPointExtension>
        </extensions>
      </trkpt>
      <trkpt lat="56.9587293080985546112060546875" lon="-5.8451984636485576629638671875">
        <ele>7.599999904632568359375</ele>
        <time>2025-09-01T14:48:37.000Z</time>
        <extensions>
          <ns3:TrackPointExtension>
            <ns3:hr>65</ns3:hr>
          </ns3:TrackPointExtension>
        </extensions>
      </trkpt>
      <trkpt lat="56.95877079851925373077392578125" lon="-5.8453091047704219818115234375">
        <ele>8.19999980926513671875</ele>
        <time>2025-09-01T14:48:44.000Z</time>
        <extensions>
          <ns3:TrackPointExtension>
            <ns3:hr>62</ns3:hr>
          </ns3:TrackPointExtension>
        </extensions>
      </trkpt>
      <trkpt lat="56.95879627950489521026611328125" lon="-5.845421589910984039306640625">
        <ele>7.599999904632568359375</ele>
        <time>2025-09-01T14:48:51.000Z</time>
        <extensions>
          <ns3:TrackPointExtension>
            <ns3:hr>62</ns3:hr>
          </ns3:TrackPointExtension>
        </extensions>
      </trkpt>
      <trkpt lat="56.9588567130267620086669921875" lon="-5.84548118524253368377685546875">
        <ele>8</ele>
        <time>2025-09-01T14:48:58.000Z</time>
        <extensions>
          <ns3:TrackPointExtension>
            <ns3:hr>65</ns3:hr>
          </ns3:TrackPointExtension>
        </extensions>
      </trkpt>
      <trkpt lat="56.9588704593479633331298828125" lon="-5.8454888127744197845458984375">
        <ele>8</ele>
        <time>2025-09-01T14:49:00.000Z</time>
        <extensions>
          <ns3:TrackPointExtension>
            <ns3:hr>65</ns3:hr>
          </ns3:TrackPointExtension>
        </extensions>
      </trkpt>
      <trkpt lat="56.95894874632358551025390625" lon="-5.84555159322917461395263671875">
        <ele>7.80000019073486328125</ele>
        <time>2025-09-01T14:49:10.000Z</time>
        <extensions>
          <ns3:TrackPointExtension>
            <ns3:hr>65</ns3:hr>
          </ns3:TrackPointExtension>
        </extensions>
      </trkpt>
      <trkpt lat="56.95898453705012798309326171875" lon="-5.84560909308493137359619140625">
        <ele>7</ele>
        <time>2025-09-01T14:49:15.000Z</time>
        <extensions>
          <ns3:TrackPointExtension>
            <ns3:hr>66</ns3:hr>
          </ns3:TrackPointExtension>
        </extensions>
      </trkpt>
      <trkpt lat="56.95900716818869113922119140625" lon="-5.84566458128392696380615234375">
        <ele>6.599999904632568359375</ele>
        <time>2025-09-01T14:49:19.000Z</time>
        <extensions>
          <ns3:TrackPointExtension>
            <ns3:hr>66</ns3:hr>
          </ns3:TrackPointExtension>
        </extensions>
      </trkpt>
      <trkpt lat="56.95901714265346527099609375" lon="-5.84572023712098598480224609375">
        <ele>6</ele>
        <time>2025-09-01T14:49:23.000Z</time>
        <extensions>
          <ns3:TrackPointExtension>
            <ns3:hr>66</ns3:hr>
          </ns3:TrackPointExtension>
        </extensions>
      </trkpt>
      <trkpt lat="56.95902342908084392547607421875" lon="-5.8457017131149768829345703125">
        <ele>5.80000019073486328125</ele>
        <time>2025-09-01T14:49:25.000Z</time>
        <extensions>
          <ns3:TrackPointExtension>
            <ns3:hr>66</ns3:hr>
          </ns3:TrackPointExtension>
        </extensions>
      </trkpt>
      <trkpt lat="56.95902711711823940277099609375" lon="-5.84569827653467655181884765625">
        <ele>5.80000019073486328125</ele>
        <time>2025-09-01T14:49:26.000Z</time>
        <extensions>
          <ns3:TrackPointExtension>
            <ns3:hr>67</ns3:hr>
          </ns3:TrackPointExtension>
        </extensions>
      </trkpt>
      <trkpt lat="56.9590196572244167327880859375" lon="-5.84570598788559436798095703125">
        <ele>6.80000019073486328125</ele>
        <time>2025-09-01T14:49:33.000Z</time>
        <extensions>
          <ns3:TrackPointExtension>
            <ns3:hr>66</ns3:hr>
          </ns3:TrackPointExtension>
        </extensions>
      </trkpt>
      <trkpt lat="56.95905226282775402069091796875" lon="-5.84576793015003204345703125">
        <ele>5.80000019073486328125</ele>
        <time>2025-09-01T14:49:39.000Z</time>
        <extensions>
          <ns3:TrackPointExtension>
            <ns3:hr>67</ns3:hr>
          </ns3:TrackPointExtension>
        </extensions>
      </trkpt>
      <trkpt lat="56.95912887342274188995361328125" lon="-5.84582266397774219512939453125">
        <ele>5.599999904632568359375</ele>
        <time>2025-09-01T14:49:48.000Z</time>
        <extensions>
          <ns3:TrackPointExtension>
            <ns3:hr>69</ns3:hr>
          </ns3:TrackPointExtension>
        </extensions>
      </trkpt>
      <trkpt lat="56.95919441990554332733154296875" lon="-5.84588167257606983184814453125">
        <ele>5.599999904632568359375</ele>
        <time>2025-09-01T14:49:57.000Z</time>
        <extensions>
          <ns3:TrackPointExtension>
            <ns3:hr>67</ns3:hr>
          </ns3:TrackPointExtension>
        </extensions>
      </trkpt>
      <trkpt lat="56.95923230610787868499755859375" lon="-5.8459266833961009979248046875">
        <ele>6</ele>
        <time>2025-09-01T14:50:04.000Z</time>
        <extensions>
          <ns3:TrackPointExtension>
            <ns3:hr>70</ns3:hr>
          </ns3:TrackPointExtension>
        </extensions>
      </trkpt>
      <trkpt lat="56.95923834107816219329833984375" lon="-5.845945961773395538330078125">
        <ele>6</ele>
        <time>2025-09-01T14:50:06.000Z</time>
        <extensions>
          <ns3:TrackPointExtension>
            <ns3:hr>71</ns3:hr>
          </ns3:TrackPointExtension>
        </extensions>
      </trkpt>
      <trkpt lat="56.9592597149312496185302734375" lon="-5.845990218222141265869140625">
        <ele>5.599999904632568359375</ele>
        <time>2025-09-01T14:50:11.000Z</time>
        <extensions>
          <ns3:TrackPointExtension>
            <ns3:hr>74</ns3:hr>
          </ns3:TrackPointExtension>
        </extensions>
      </trkpt>
      <trkpt lat="56.9592741318047046661376953125" lon="-5.845988877117633819580078125">
        <ele>5.400000095367431640625</ele>
        <time>2025-09-01T14:50:13.000Z</time>
        <extensions>
          <ns3:TrackPointExtension>
            <ns3:hr>74</ns3:hr>
          </ns3:TrackPointExtension>
        </extensions>
      </trkpt>
      <trkpt lat="56.959280669689178466796875" lon="-5.846014358103275299072265625">
        <ele>6.400000095367431640625</ele>
        <time>2025-09-01T14:50:21.000Z</time>
        <extensions>
          <ns3:TrackPointExtension>
            <ns3:hr>76</ns3:hr>
          </ns3:TrackPointExtension>
        </extensions>
      </trkpt>
      <trkpt lat="56.959286369383335113525390625" lon="-5.846045203506946563720703125">
        <ele>5.400000095367431640625</ele>
        <time>2025-09-01T14:50:27.000Z</time>
        <extensions>
          <ns3:TrackPointExtension>
            <ns3:hr>78</ns3:hr>
          </ns3:TrackPointExtension>
        </extensions>
      </trkpt>
      <trkpt lat="56.95928427390754222869873046875" lon="-5.8460504002869129180908203125">
        <ele>5</ele>
        <time>2025-09-01T14:50:34.000Z</time>
        <extensions>
          <ns3:TrackPointExtension>
            <ns3:hr>77</ns3:hr>
          </ns3:TrackPointExtension>
        </extensions>
      </trkpt>
      <trkpt lat="56.9592707790434360504150390625" lon="-5.84608501754701137542724609375">
        <ele>4.599999904632568359375</ele>
        <time>2025-09-01T14:50:36.000Z</time>
        <extensions>
          <ns3:TrackPointExtension>
            <ns3:hr>77</ns3:hr>
          </ns3:TrackPointExtension>
        </extensions>
      </trkpt>
      <trkpt lat="56.95925183594226837158203125" lon="-5.846165902912616729736328125">
        <ele>5</ele>
        <time>2025-09-01T14:50:41.000Z</time>
        <extensions>
          <ns3:TrackPointExtension>
            <ns3:hr>74</ns3:hr>
          </ns3:TrackPointExtension>
        </extensions>
      </trkpt>
      <trkpt lat="56.95924404077231884002685546875" lon="-5.8461861871182918548583984375">
        <ele>4.80000019073486328125</ele>
        <time>2025-09-01T14:50:43.000Z</time>
        <extensions>
          <ns3:TrackPointExtension>
            <ns3:hr>74</ns3:hr>
          </ns3:TrackPointExtension>
        </extensions>
      </trkpt>
      <trkpt lat="56.95919592864811420440673828125" lon="-5.84634862840175628662109375">
        <ele>4.19999980926513671875</ele>
        <time>2025-09-01T14:50:53.000Z</time>
        <extensions>
          <ns3:TrackPointExtension>
            <ns3:hr>73</ns3:hr>
          </ns3:TrackPointExtension>
        </extensions>
      </trkpt>
      <trkpt lat="56.95916156284511089324951171875" lon="-5.8464674837887287139892578125">
        <ele>4</ele>
        <time>2025-09-01T14:51:00.000Z</time>
        <extensions>
          <ns3:TrackPointExtension>
            <ns3:hr>72</ns3:hr>
          </ns3:TrackPointExtension>
        </extensions>
      </trkpt>
      <trkpt lat="56.95915033109486103057861328125" lon="-5.84653629921376705169677734375">
        <ele>4.19999980926513671875</ele>
        <time>2025-09-01T14:51:04.000Z</time>
        <extensions>
          <ns3:TrackPointExtension>
            <ns3:hr>70</ns3:hr>
          </ns3:TrackPointExtension>
        </extensions>
      </trkpt>
      <trkpt lat="56.95912082679569721221923828125" lon="-5.84667745046317577362060546875">
        <ele>4</ele>
        <time>2025-09-01T14:51:15.000Z</time>
        <extensions>
          <ns3:TrackPointExtension>
            <ns3:hr>70</ns3:hr>
          </ns3:TrackPointExtension>
        </extensions>
      </trkpt>
      <trkpt lat="56.95912585593760013580322265625" lon="-5.84675707854330539703369140625">
        <ele>3.7999999523162841796875</ele>
        <time>2025-09-01T14:51:21.000Z</time>
        <extensions>
          <ns3:TrackPointExtension>
            <ns3:hr>71</ns3:hr>
          </ns3:TrackPointExtension>
        </extensions>
      </trkpt>
      <trkpt lat="56.95909065194427967071533203125" lon="-5.84700417704880237579345703125">
        <ele>3.400000095367431640625</ele>
        <time>2025-09-01T14:51:35.000Z</time>
        <extensions>
          <ns3:TrackPointExtension>
            <ns3:hr>70</ns3:hr>
          </ns3:TrackPointExtension>
        </extensions>
      </trkpt>
      <trkpt lat="56.95906433276832103729248046875" lon="-5.8471008203923702239990234375">
        <ele>3</ele>
        <time>2025-09-01T14:51:40.000Z</time>
        <extensions>
          <ns3:TrackPointExtension>
            <ns3:hr>66</ns3:hr>
          </ns3:TrackPointExtension>
        </extensions>
      </trkpt>
      <trkpt lat="56.9590585492551326751708984375" lon="-5.8471150696277618408203125">
        <ele>2.7999999523162841796875</ele>
        <time>2025-09-01T14:51:41.000Z</time>
        <extensions>
          <ns3:TrackPointExtension>
            <ns3:hr>64</ns3:hr>
          </ns3:TrackPointExtension>
        </extensions>
      </trkpt>
      <trkpt lat="56.9590464793145656585693359375" lon="-5.84714415483176708221435546875">
        <ele>2.599999904632568359375</ele>
        <time>2025-09-01T14:51:43.000Z</time>
        <extensions>
          <ns3:TrackPointExtension>
            <ns3:hr>61</ns3:hr>
          </ns3:TrackPointExtension>
        </extensions>
      </trkpt>
      <trkpt lat="56.959031559526920318603515625" lon="-5.8471960388123989105224609375">
        <ele>2.2000000476837158203125</ele>
        <time>2025-09-01T14:51:46.000Z</time>
        <extensions>
          <ns3:TrackPointExtension>
            <ns3:hr>61</ns3:hr>
          </ns3:TrackPointExtension>
        </extensions>
      </trkpt>
      <trkpt lat="56.9590126164257526397705078125" lon="-5.8472436480224132537841796875">
        <ele>1.7999999523162841796875</ele>
        <time>2025-09-01T14:51:49.000Z</time>
        <extensions>
          <ns3:TrackPointExtension>
            <ns3:hr>61</ns3:hr>
          </ns3:TrackPointExtension>
        </extensions>
      </trkpt>
      <trkpt lat="56.9590059109032154083251953125" lon="-5.84725731052458286285400390625">
        <ele>1.7999999523162841796875</ele>
        <time>2025-09-01T14:51:50.000Z</time>
        <extensions>
          <ns3:TrackPointExtension>
            <ns3:hr>54</ns3:hr>
          </ns3:TrackPointExtension>
        </extensions>
      </trkpt>
      <trkpt lat="56.95899970829486846923828125" lon="-5.8472708053886890411376953125">
        <ele>1.7999999523162841796875</ele>
        <time>2025-09-01T14:51:51.000Z</time>
        <extensions>
          <ns3:TrackPointExtension>
            <ns3:hr>51</ns3:hr>
          </ns3:TrackPointExtension>
        </extensions>
      </trkpt>
      <trkpt lat="56.95899694226682186126708984375" lon="-5.84728463552892208099365234375">
        <ele>1.7999999523162841796875</ele>
        <time>2025-09-01T14:51:52.000Z</time>
        <extensions>
          <ns3:TrackPointExtension>
            <ns3:hr>51</ns3:hr>
          </ns3:TrackPointExtension>
        </extensions>
      </trkpt>
      <trkpt lat="56.95898705162107944488525390625" lon="-5.8473140560090541839599609375">
        <ele>1.39999997615814208984375</ele>
        <time>2025-09-01T14:51:56.000Z</time>
        <extensions>
          <ns3:TrackPointExtension>
            <ns3:hr>52</ns3:hr>
          </ns3:TrackPointExtension>
        </extensions>
      </trkpt>
      <trkpt lat="56.95894413627684116363525390625" lon="-5.84737834520637989044189453125">
        <ele>3.599999904632568359375</ele>
        <time>2025-09-01T14:52:01.000Z</time>
        <extensions>
          <ns3:TrackPointExtension>
            <ns3:hr>53</ns3:hr>
          </ns3:TrackPointExtension>
        </extensions>
      </trkpt>
      <trkpt lat="56.9589190743863582611083984375" lon="-5.84742293693125247955322265625">
        <ele>3.400000095367431640625</ele>
        <time>2025-09-01T14:52:04.000Z</time>
        <extensions>
          <ns3:TrackPointExtension>
            <ns3:hr>53</ns3:hr>
          </ns3:TrackPointExtension>
        </extensions>
      </trkpt>
      <trkpt lat="56.95883148349821567535400390625" lon="-5.8475651778280735015869140625">
        <ele>2.7999999523162841796875</ele>
        <time>2025-09-01T14:52:15.000Z</time>
        <extensions>
          <ns3:TrackPointExtension>
            <ns3:hr>50</ns3:hr>
          </ns3:TrackPointExtension>
        </extensions>
      </trkpt>
      <trkpt lat="56.95882360450923442840576171875" lon="-5.84757381118834018707275390625">
        <ele>2.599999904632568359375</ele>
        <time>2025-09-01T14:52:16.000Z</time>
        <extensions>
          <ns3:TrackPointExtension>
            <ns3:hr>50</ns3:hr>
          </ns3:TrackPointExtension>
        </extensions>
      </trkpt>
      <trkpt lat="56.95872520096600055694580078125" lon="-5.8476917445659637451171875">
        <ele>2.400000095367431640625</ele>
        <time>2025-09-01T14:52:27.000Z</time>
        <extensions>
          <ns3:TrackPointExtension>
            <ns3:hr>52</ns3:hr>
          </ns3:TrackPointExtension>
        </extensions>
      </trkpt>
      <trkpt lat="56.95868228562176227569580078125" lon="-5.8477442152798175811767578125">
        <ele>1.39999997615814208984375</ele>
        <time>2025-09-01T14:52:32.000Z</time>
        <extensions>
          <ns3:TrackPointExtension>
            <ns3:hr>51</ns3:hr>
          </ns3:TrackPointExtension>
        </extensions>
      </trkpt>
      <trkpt lat="56.9586320780217647552490234375" lon="-5.8478095941245555877685546875">
        <ele>1.7999999523162841796875</ele>
        <time>2025-09-01T14:52:38.000Z</time>
        <extensions>
          <ns3:TrackPointExtension>
            <ns3:hr>51</ns3:hr>
          </ns3:TrackPointExtension>
        </extensions>
      </trkpt>
      <trkpt lat="56.95856410078704357147216796875" lon="-5.84790120832622051239013671875">
        <ele>2.400000095367431640625</ele>
        <time>2025-09-01T14:52:46.000Z</time>
        <extensions>
          <ns3:TrackPointExtension>
            <ns3:hr>50</ns3:hr>
          </ns3:TrackPointExtension>
        </extensions>
      </trkpt>
      <trkpt lat="56.95852772332727909088134765625" lon="-5.84794479422271251678466796875">
        <ele>1.39999997615814208984375</ele>
        <time>2025-09-01T14:52:50.000Z</time>
        <extensions>
          <ns3:TrackPointExtension>
            <ns3:hr>49</ns3:hr>
          </ns3:TrackPointExtension>
        </extensions>
      </trkpt>
      <trkpt lat="56.95840400643646717071533203125" lon="-5.84806432016193866729736328125">
        <ele>2.599999904632568359375</ele>
        <time>2025-09-01T14:53:03.000Z</time>
        <extensions>
          <ns3:TrackPointExtension>
            <ns3:hr>49</ns3:hr>
          </ns3:TrackPointExtension>
        </extensions>
      </trkpt>
      <trkpt lat="56.9582773558795452117919921875" lon="-5.848210416734218597412109375">
        <ele>2.7999999523162841796875</ele>
        <time>2025-09-01T14:53:16.000Z</time>
        <extensions>
          <ns3:TrackPointExtension>
            <ns3:hr>50</ns3:hr>
          </ns3:TrackPointExtension>
        </extensions>
      </trkpt>
      <trkpt lat="56.95820602588355541229248046875" lon="-5.84829465486109256744384765625">
        <ele>3.2000000476837158203125</ele>
        <time>2025-09-01T14:53:24.000Z</time>
        <extensions>
          <ns3:TrackPointExtension>
            <ns3:hr>53</ns3:hr>
          </ns3:TrackPointExtension>
        </extensions>
      </trkpt>
      <trkpt lat="56.95817182771861553192138671875" lon="-5.8483376540243625640869140625">
        <ele>3.599999904632568359375</ele>
        <time>2025-09-01T14:53:28.000Z</time>
        <extensions>
          <ns3:TrackPointExtension>
            <ns3:hr>53</ns3:hr>
          </ns3:TrackPointExtension>
        </extensions>
      </trkpt>
      <trkpt lat="56.95806487463414669036865234375" lon="-5.84846212528645992279052734375">
        <ele>3</ele>
        <time>2025-09-01T14:53:40.000Z</time>
        <extensions>
          <ns3:TrackPointExtension>
            <ns3:hr>53</ns3:hr>
          </ns3:TrackPointExtension>
        </extensions>
      </trkpt>
      <trkpt lat="56.95797787047922611236572265625" lon="-5.8485902845859527587890625">
        <ele>2.7999999523162841796875</ele>
        <time>2025-09-01T14:53:51.000Z</time>
        <extensions>
          <ns3:TrackPointExtension>
            <ns3:hr>56</ns3:hr>
          </ns3:TrackPointExtension>
        </extensions>
      </trkpt>
      <trkpt lat="56.9579702429473400115966796875" lon="-5.84860260598361492156982421875">
        <ele>3</ele>
        <time>2025-09-01T14:53:52.000Z</time>
        <extensions>
          <ns3:TrackPointExtension>
            <ns3:hr>56</ns3:hr>
          </ns3:TrackPointExtension>
        </extensions>
      </trkpt>
      <trkpt lat="56.9579548202455043792724609375" lon="-5.8486243151128292083740234375">
        <ele>3.400000095367431640625</ele>
        <time>2025-09-01T14:53:54.000Z</time>
        <extensions>
          <ns3:TrackPointExtension>
            <ns3:hr>59</ns3:hr>
          </ns3:TrackPointExtension>
        </extensions>
      </trkpt>
      <trkpt lat="56.95793847553431987762451171875" lon="-5.84865004755556583404541015625">
        <ele>2.599999904632568359375</ele>
        <time>2025-09-01T14:53:56.000Z</time>
        <extensions>
          <ns3:TrackPointExtension>
            <ns3:hr>63</ns3:hr>
          </ns3:TrackPointExtension>
        </extensions>
      </trkpt>
      <trkpt lat="56.95791500620543956756591796875" lon="-5.84868256933987140655517578125">
        <ele>1.60000002384185791015625</ele>
        <time>2025-09-01T14:53:59.000Z</time>
        <extensions>
          <ns3:TrackPointExtension>
            <ns3:hr>65</ns3:hr>
          </ns3:TrackPointExtension>
        </extensions>
      </trkpt>
      <trkpt lat="56.9578497111797332763671875" lon="-5.84876555018126964569091796875">
        <ele>1.60000002384185791015625</ele>
        <time>2025-09-01T14:54:06.000Z</time>
        <extensions>
          <ns3:TrackPointExtension>
            <ns3:hr>66</ns3:hr>
          </ns3:TrackPointExtension>
        </extensions>
      </trkpt>
      <trkpt lat="56.95781894959509372711181640625" lon="-5.84881651215255260467529296875">
        <ele>3</ele>
        <time>2025-09-01T14:54:10.000Z</time>
        <extensions>
          <ns3:TrackPointExtension>
            <ns3:hr>66</ns3:hr>
          </ns3:TrackPointExtension>
        </extensions>
      </trkpt>
      <trkpt lat="56.95775306783616542816162109375" lon="-5.848897732794284820556640625">
        <ele>1.60000002384185791015625</ele>
        <time>2025-09-01T14:54:17.000Z</time>
        <extensions>
          <ns3:TrackPointExtension>
            <ns3:hr>66</ns3:hr>
          </ns3:TrackPointExtension>
        </extensions>
      </trkpt>
      <trkpt lat="56.9577261619269847869873046875" lon="-5.84892832674086093902587890625">
        <ele>1</ele>
        <time>2025-09-01T14:54:20.000Z</time>
        <extensions>
          <ns3:TrackPointExtension>
            <ns3:hr>66</ns3:hr>
          </ns3:TrackPointExtension>
        </extensions>
      </trkpt>
      <trkpt lat="56.95765919052064418792724609375" lon="-5.84900661371648311614990234375">
        <ele>1.2000000476837158203125</ele>
        <time>2025-09-01T14:54:28.000Z</time>
        <extensions>
          <ns3:TrackPointExtension>
            <ns3:hr>64</ns3:hr>
          </ns3:TrackPointExtension>
        </extensions>
      </trkpt>
      <trkpt lat="56.9575692526996135711669921875" lon="-5.84913074970245361328125">
        <ele>1.60000002384185791015625</ele>
        <time>2025-09-01T14:54:38.000Z</time>
        <extensions>
          <ns3:TrackPointExtension>
            <ns3:hr>61</ns3:hr>
          </ns3:TrackPointExtension>
        </extensions>
      </trkpt>
      <trkpt lat="56.95753513835370540618896484375" lon="-5.849187411367893218994140625">
        <ele>1.7999999523162841796875</ele>
        <time>2025-09-01T14:54:42.000Z</time>
        <extensions>
          <ns3:TrackPointExtension>
            <ns3:hr>61</ns3:hr>
          </ns3:TrackPointExtension>
        </extensions>
      </trkpt>
      <trkpt lat="56.95748652331531047821044921875" lon="-5.8492787741124629974365234375">
        <ele>1.7999999523162841796875</ele>
        <time>2025-09-01T14:54:49.000Z</time>
        <extensions>
          <ns3:TrackPointExtension>
            <ns3:hr>59</ns3:hr>
          </ns3:TrackPointExtension>
        </extensions>
      </trkpt>
      <trkpt lat="56.95743287913501262664794921875" lon="-5.84937860257923603057861328125">
        <ele>0.60000002384185791015625</ele>
        <time>2025-09-01T14:54:58.000Z</time>
        <extensions>
          <ns3:TrackPointExtension>
            <ns3:hr>56</ns3:hr>
          </ns3:TrackPointExtension>
        </extensions>
      </trkpt>
      <trkpt lat="56.957387365400791168212890625" lon="-5.8494512736797332763671875">
        <ele>1</ele>
        <time>2025-09-01T14:55:03.000Z</time>
        <extensions>
          <ns3:TrackPointExtension>
            <ns3:hr>53</ns3:hr>
          </ns3:TrackPointExtension>
        </extensions>
      </trkpt>
      <trkpt lat="56.9573141075670719146728515625" lon="-5.8495674468576908111572265625">
        <ele>1.2000000476837158203125</ele>
        <time>2025-09-01T14:55:11.000Z</time>
        <extensions>
          <ns3:TrackPointExtension>
            <ns3:hr>53</ns3:hr>
          </ns3:TrackPointExtension>
        </extensions>
      </trkpt>
      <trkpt lat="56.95719131268560886383056640625" lon="-5.84978780709207057952880859375">
        <ele>2</ele>
        <time>2025-09-01T14:55:26.000Z</time>
        <extensions>
          <ns3:TrackPointExtension>
            <ns3:hr>54</ns3:hr>
          </ns3:TrackPointExtension>
        </extensions>
      </trkpt>
      <trkpt lat="56.9571159593760967254638671875" lon="-5.8498926647007465362548828125">
        <ele>3.2000000476837158203125</ele>
        <time>2025-09-01T14:55:34.000Z</time>
        <extensions>
          <ns3:TrackPointExtension>
            <ns3:hr>54</ns3:hr>
          </ns3:TrackPointExtension>
        </extensions>
      </trkpt>
      <trkpt lat="56.95707597769796848297119140625" lon="-5.8499302156269550323486328125">
        <ele>3.599999904632568359375</ele>
        <time>2025-09-01T14:55:38.000Z</time>
        <extensions>
          <ns3:TrackPointExtension>
            <ns3:hr>54</ns3:hr>
          </ns3:TrackPointExtension>
        </extensions>
      </trkpt>
      <trkpt lat="56.95702266879379749298095703125" lon="-5.84995712153613567352294921875">
        <ele>4.19999980926513671875</ele>
        <time>2025-09-01T14:55:46.000Z</time>
        <extensions>
          <ns3:TrackPointExtension>
            <ns3:hr>55</ns3:hr>
          </ns3:TrackPointExtension>
        </extensions>
      </trkpt>
      <trkpt lat="56.95702317170798778533935546875" lon="-5.8499624021351337432861328125">
        <ele>4.19999980926513671875</ele>
        <time>2025-09-01T14:55:47.000Z</time>
        <extensions>
          <ns3:TrackPointExtension>
            <ns3:hr>55</ns3:hr>
          </ns3:TrackPointExtension>
        </extensions>
      </trkpt>
      <trkpt lat="56.95702585391700267791748046875" lon="-5.84996751509606838226318359375">
        <ele>4.19999980926513671875</ele>
        <time>2025-09-01T14:55:48.000Z</time>
        <extensions>
          <ns3:TrackPointExtension>
            <ns3:hr>55</ns3:hr>
          </ns3:TrackPointExtension>
        </extensions>
      </trkpt>
      <trkpt lat="56.9570195674896240234375" lon="-5.8500133641064167022705078125">
        <ele>4.19999980926513671875</ele>
        <time>2025-09-01T14:55:54.000Z</time>
        <extensions>
          <ns3:TrackPointExtension>
            <ns3:hr>56</ns3:hr>
          </ns3:TrackPointExtension>
        </extensions>
      </trkpt>
      <trkpt lat="56.95701277814805507659912109375" lon="-5.8500106818974018096923828125">
        <ele>4.599999904632568359375</ele>
        <time>2025-09-01T14:55:56.000Z</time>
        <extensions>
          <ns3:TrackPointExtension>
            <ns3:hr>56</ns3:hr>
          </ns3:TrackPointExtension>
        </extensions>
      </trkpt>
      <trkpt lat="56.95701495744287967681884765625" lon="-5.850021578371524810791015625">
        <ele>5.400000095367431640625</ele>
        <time>2025-09-01T14:55:58.000Z</time>
        <extensions>
          <ns3:TrackPointExtension>
            <ns3:hr>56</ns3:hr>
          </ns3:TrackPointExtension>
        </extensions>
      </trkpt>
      <trkpt lat="56.957019902765750885009765625" lon="-5.85004203021526336669921875">
        <ele>6.19999980926513671875</ele>
        <time>2025-09-01T14:56:01.000Z</time>
        <extensions>
          <ns3:TrackPointExtension>
            <ns3:hr>57</ns3:hr>
          </ns3:TrackPointExtension>
        </extensions>
      </trkpt>
      <trkpt lat="56.9570230878889560699462890625" lon="-5.8500489033758640289306640625">
        <ele>6.400000095367431640625</ele>
        <time>2025-09-01T14:56:02.000Z</time>
        <extensions>
          <ns3:TrackPointExtension>
            <ns3:hr>58</ns3:hr>
          </ns3:TrackPointExtension>
        </extensions>
      </trkpt>
      <trkpt lat="56.9570304639637470245361328125" lon="-5.8500948362052440643310546875">
        <ele>7.19999980926513671875</ele>
        <time>2025-09-01T14:56:07.000Z</time>
        <extensions>
          <ns3:TrackPointExtension>
            <ns3:hr>61</ns3:hr>
          </ns3:TrackPointExtension>
        </extensions>
      </trkpt>
      <trkpt lat="56.95703071542084217071533203125" lon="-5.8501082472503185272216796875">
        <ele>7.599999904632568359375</ele>
        <time>2025-09-01T14:56:09.000Z</time>
        <extensions>
          <ns3:TrackPointExtension>
            <ns3:hr>62</ns3:hr>
          </ns3:TrackPointExtension>
        </extensions>
      </trkpt>
      <trkpt lat="56.957031972706317901611328125" lon="-5.85011956281960010528564453125">
        <ele>7.80000019073486328125</ele>
        <time>2025-09-01T14:56:10.000Z</time>
        <extensions>
          <ns3:TrackPointExtension>
            <ns3:hr>63</ns3:hr>
          </ns3:TrackPointExtension>
        </extensions>
      </trkpt>
      <trkpt lat="56.9570244289934635162353515625" lon="-5.85016113705933094024658203125">
        <ele>8.80000019073486328125</ele>
        <time>2025-09-01T14:56:15.000Z</time>
        <extensions>
          <ns3:TrackPointExtension>
            <ns3:hr>65</ns3:hr>
          </ns3:TrackPointExtension>
        </extensions>
      </trkpt>
      <trkpt lat="56.95701981894671916961669921875" lon="-5.85020740516483783721923828125">
        <ele>9.3999996185302734375</ele>
        <time>2025-09-01T14:56:19.000Z</time>
        <extensions>
          <ns3:TrackPointExtension>
            <ns3:hr>66</ns3:hr>
          </ns3:TrackPointExtension>
        </extensions>
      </trkpt>
      <trkpt lat="56.95701478980481624603271484375" lon="-5.85037772543728351593017578125">
        <ele>8.3999996185302734375</ele>
        <time>2025-09-01T14:56:28.000Z</time>
        <extensions>
          <ns3:TrackPointExtension>
            <ns3:hr>68</ns3:hr>
          </ns3:TrackPointExtension>
        </extensions>
      </trkpt>
      <trkpt lat="56.95700355805456638336181640625" lon="-5.85053983144462108612060546875">
        <ele>7.599999904632568359375</ele>
        <time>2025-09-01T14:56:36.000Z</time>
        <extensions>
          <ns3:TrackPointExtension>
            <ns3:hr>69</ns3:hr>
          </ns3:TrackPointExtension>
        </extensions>
      </trkpt>
      <trkpt lat="56.956999786198139190673828125" lon="-5.85055542178452014923095703125">
        <ele>7.599999904632568359375</ele>
        <time>2025-09-01T14:56:37.000Z</time>
        <extensions>
          <ns3:TrackPointExtension>
            <ns3:hr>68</ns3:hr>
          </ns3:TrackPointExtension>
        </extensions>
      </trkpt>
      <trkpt lat="56.9569972716271877288818359375" lon="-5.85060018114745616912841796875">
        <ele>7.80000019073486328125</ele>
        <time>2025-09-01T14:56:41.000Z</time>
        <extensions>
          <ns3:TrackPointExtension>
            <ns3:hr>64</ns3:hr>
          </ns3:TrackPointExtension>
        </extensions>
      </trkpt>
      <trkpt lat="56.95698914118111133575439453125" lon="-5.85060596466064453125">
        <ele>7.599999904632568359375</ele>
        <time>2025-09-01T14:56:43.000Z</time>
        <extensions>
          <ns3:TrackPointExtension>
            <ns3:hr>60</ns3:hr>
          </ns3:TrackPointExtension>
        </extensions>
      </trkpt>
      <trkpt lat="56.95699349977076053619384765625" lon="-5.8506011031568050384521484375">
        <ele>7.19999980926513671875</ele>
        <time>2025-09-01T14:56:45.000Z</time>
        <extensions>
          <ns3:TrackPointExtension>
            <ns3:hr>59</ns3:hr>
          </ns3:TrackPointExtension>
        </extensions>
      </trkpt>
      <trkpt lat="56.957015208899974822998046875" lon="-5.85059992969036102294921875">
        <ele>6.599999904632568359375</ele>
        <time>2025-09-01T14:56:48.000Z</time>
        <extensions>
          <ns3:TrackPointExtension>
            <ns3:hr>58</ns3:hr>
          </ns3:TrackPointExtension>
        </extensions>
      </trkpt>
      <trkpt lat="56.95705569349229335784912109375" lon="-5.8506477065384387969970703125">
        <ele>6</ele>
        <time>2025-09-01T14:56:52.000Z</time>
        <extensions>
          <ns3:TrackPointExtension>
            <ns3:hr>58</ns3:hr>
          </ns3:TrackPointExtension>
        </extensions>
      </trkpt>
      <trkpt lat="56.9571062363684177398681640625" lon="-5.85073077119886875152587890625">
        <ele>6.80000019073486328125</ele>
        <time>2025-09-01T14:57:00.000Z</time>
        <extensions>
          <ns3:TrackPointExtension>
            <ns3:hr>60</ns3:hr>
          </ns3:TrackPointExtension>
        </extensions>
      </trkpt>
      <trkpt lat="56.95715292356908321380615234375" lon="-5.8507816493511199951171875">
        <ele>5.80000019073486328125</ele>
        <time>2025-09-01T14:57:07.000Z</time>
        <extensions>
          <ns3:TrackPointExtension>
            <ns3:hr>59</ns3:hr>
          </ns3:TrackPointExtension>
        </extensions>
      </trkpt>
      <trkpt lat="56.9571618922054767608642578125" lon="-5.85079581476747989654541015625">
        <ele>5.599999904632568359375</ele>
        <time>2025-09-01T14:57:10.000Z</time>
        <extensions>
          <ns3:TrackPointExtension>
            <ns3:hr>59</ns3:hr>
          </ns3:TrackPointExtension>
        </extensions>
      </trkpt>
      <trkpt lat="56.9571615569293498992919921875" lon="-5.8507965691387653350830078125">
        <ele>6.19999980926513671875</ele>
        <time>2025-09-01T14:57:13.000Z</time>
        <extensions>
          <ns3:TrackPointExtension>
            <ns3:hr>59</ns3:hr>
          </ns3:TrackPointExtension>
        </extensions>
      </trkpt>
      <trkpt lat="56.9571608863770961761474609375" lon="-5.8507935516536235809326171875">
        <ele>5.80000019073486328125</ele>
        <time>2025-09-01T14:57:21.000Z</time>
        <extensions>
          <ns3:TrackPointExtension>
            <ns3:hr>65</ns3:hr>
          </ns3:TrackPointExtension>
        </extensions>
      </trkpt>
      <trkpt lat="56.9571608863770961761474609375" lon="-5.8507935516536235809326171875">
        <ele>5.400000095367431640625</ele>
        <time>2025-09-01T14:57:22.000Z</time>
        <extensions>
          <ns3:TrackPointExtension>
            <ns3:hr>69</ns3:hr>
          </ns3:TrackPointExtension>
        </extensions>
      </trkpt>
      <trkpt lat="56.9571608863770961761474609375" lon="-5.8507935516536235809326171875">
        <ele>4.80000019073486328125</ele>
        <time>2025-09-01T14:57:24.000Z</time>
        <extensions>
          <ns3:TrackPointExtension>
            <ns3:hr>72</ns3:hr>
          </ns3:TrackPointExtension>
        </extensions>
      </trkpt>
      <trkpt lat="56.9571608863770961761474609375" lon="-5.8507935516536235809326171875">
        <ele>5</ele>
        <time>2025-09-01T14:57:25.000Z</time>
        <extensions>
          <ns3:TrackPointExtension>
            <ns3:hr>73</ns3:hr>
          </ns3:TrackPointExtension>
        </extensions>
      </trkpt>
      <trkpt lat="56.9571608863770961761474609375" lon="-5.8507935516536235809326171875">
        <ele>5.80000019073486328125</ele>
        <time>2025-09-01T14:57:28.000Z</time>
        <extensions>
          <ns3:TrackPointExtension>
            <ns3:hr>76</ns3:hr>
          </ns3:TrackPointExtension>
        </extensions>
      </trkpt>
      <trkpt lat="56.95715610869228839874267578125" lon="-5.85079212673008441925048828125">
        <ele>6.19999980926513671875</ele>
        <time>2025-09-01T14:57:34.000Z</time>
        <extensions>
          <ns3:TrackPointExtension>
            <ns3:hr>77</ns3:hr>
          </ns3:TrackPointExtension>
        </extensions>
      </trkpt>
      <trkpt lat="56.9571162946522235870361328125" lon="-5.850749127566814422607421875">
        <ele>6.599999904632568359375</ele>
        <time>2025-09-01T14:57:42.000Z</time>
        <extensions>
          <ns3:TrackPointExtension>
            <ns3:hr>78</ns3:hr>
          </ns3:TrackPointExtension>
        </extensions>
      </trkpt>
      <trkpt lat="56.95712291635572910308837890625" lon="-5.85075683891773223876953125">
        <ele>7</ele>
        <time>2025-09-01T14:57:48.000Z</time>
        <extensions>
          <ns3:TrackPointExtension>
            <ns3:hr>80</ns3:hr>
          </ns3:TrackPointExtension>
        </extensions>
      </trkpt>
      <trkpt lat="56.95709207095205783843994140625" lon="-5.85071719251573085784912109375">
        <ele>7.19999980926513671875</ele>
        <time>2025-09-01T14:57:52.000Z</time>
        <extensions>
          <ns3:TrackPointExtension>
            <ns3:hr>83</ns3:hr>
          </ns3:TrackPointExtension>
        </extensions>
      </trkpt>
      <trkpt lat="56.95706474594771862030029296875" lon="-5.85067930631339550018310546875">
        <ele>7.599999904632568359375</ele>
        <time>2025-09-01T14:57:55.000Z</time>
        <extensions>
          <ns3:TrackPointExtension>
            <ns3:hr>84</ns3:hr>
          </ns3:TrackPointExtension>
        </extensions>
      </trkpt>
      <trkpt lat="56.95705804042518138885498046875" lon="-5.85066623054444789886474609375">
        <ele>7.80000019073486328125</ele>
        <time>2025-09-01T14:57:56.000Z</time>
        <extensions>
          <ns3:TrackPointExtension>
            <ns3:hr>85</ns3:hr>
          </ns3:TrackPointExtension>
        </extensions>
      </trkpt>
      <trkpt lat="56.956987045705318450927734375" lon="-5.85061962716281414031982421875">
        <ele>7.400000095367431640625</ele>
        <time>2025-09-01T14:58:03.000Z</time>
        <extensions>
          <ns3:TrackPointExtension>
            <ns3:hr>85</ns3:hr>
          </ns3:TrackPointExtension>
        </extensions>
      </trkpt>
      <trkpt lat="56.95693868212401866912841796875" lon="-5.85056782700121402740478515625">
        <ele>7.400000095367431640625</ele>
        <time>2025-09-01T14:58:11.000Z</time>
        <extensions>
          <ns3:TrackPointExtension>
            <ns3:hr>84</ns3:hr>
          </ns3:TrackPointExtension>
        </extensions>
      </trkpt>
      <trkpt lat="56.95691387169063091278076171875" lon="-5.85054486058652400970458984375">
        <ele>6.80000019073486328125</ele>
        <time>2025-09-01T14:58:17.000Z</time>
        <extensions>
          <ns3:TrackPointExtension>
            <ns3:hr>84</ns3:hr>
          </ns3:TrackPointExtension>
        </extensions>
      </trkpt>
      <trkpt lat="56.95689442567527294158935546875" lon="-5.85053295828402042388916015625">
        <ele>5.599999904632568359375</ele>
        <time>2025-09-01T14:58:20.000Z</time>
        <extensions>
          <ns3:TrackPointExtension>
            <ns3:hr>83</ns3:hr>
          </ns3:TrackPointExtension>
        </extensions>
      </trkpt>
      <trkpt lat="56.9568534381687641143798828125" lon="-5.850518457591533660888671875">
        <ele>5.19999980926513671875</ele>
        <time>2025-09-01T14:58:28.000Z</time>
        <extensions>
          <ns3:TrackPointExtension>
            <ns3:hr>83</ns3:hr>
          </ns3:TrackPointExtension>
        </extensions>
      </trkpt>
      <trkpt lat="56.956846229732036590576171875" lon="-5.85052407346665859222412109375">
        <ele>5.19999980926513671875</ele>
        <time>2025-09-01T14:58:33.000Z</time>
        <extensions>
          <ns3:TrackPointExtension>
            <ns3:hr>80</ns3:hr>
          </ns3:TrackPointExtension>
        </extensions>
      </trkpt>
      <trkpt lat="56.95683390833437442779541015625" lon="-5.8505216427147388458251953125">
        <ele>5.599999904632568359375</ele>
        <time>2025-09-01T14:58:36.000Z</time>
        <extensions>
          <ns3:TrackPointExtension>
            <ns3:hr>75</ns3:hr>
          </ns3:TrackPointExtension>
        </extensions>
      </trkpt>
      <trkpt lat="56.95680574513971805572509765625" lon="-5.8505156077444553375244140625">
        <ele>5.599999904632568359375</ele>
        <time>2025-09-01T14:58:39.000Z</time>
        <extensions>
          <ns3:TrackPointExtension>
            <ns3:hr>72</ns3:hr>
          </ns3:TrackPointExtension>
        </extensions>
      </trkpt>
      <trkpt lat="56.9567850418388843536376953125" lon="-5.85050948895514011383056640625">
        <ele>5.19999980926513671875</ele>
        <time>2025-09-01T14:58:45.000Z</time>
        <extensions>
          <ns3:TrackPointExtension>
            <ns3:hr>75</ns3:hr>
          </ns3:TrackPointExtension>
        </extensions>
      </trkpt>
      <trkpt lat="56.95676484145224094390869140625" lon="-5.85051502101123332977294921875">
        <ele>4.599999904632568359375</ele>
        <time>2025-09-01T14:58:51.000Z</time>
        <extensions>
          <ns3:TrackPointExtension>
            <ns3:hr>76</ns3:hr>
          </ns3:TrackPointExtension>
        </extensions>
      </trkpt>
      <trkpt lat="56.9567649252712726593017578125" lon="-5.85051703266799449920654296875">
        <ele>4.599999904632568359375</ele>
        <time>2025-09-01T14:58:53.000Z</time>
        <extensions>
          <ns3:TrackPointExtension>
            <ns3:hr>75</ns3:hr>
          </ns3:TrackPointExtension>
        </extensions>
      </trkpt>
      <trkpt lat="56.956763751804828643798828125" lon="-5.8505122549831867218017578125">
        <ele>4</ele>
        <time>2025-09-01T14:59:00.000Z</time>
        <extensions>
          <ns3:TrackPointExtension>
            <ns3:hr>75</ns3:hr>
          </ns3:TrackPointExtension>
        </extensions>
      </trkpt>
      <trkpt lat="56.95673684589564800262451171875" lon="-5.85051367990672588348388671875">
        <ele>3.400000095367431640625</ele>
        <time>2025-09-01T14:59:03.000Z</time>
        <extensions>
          <ns3:TrackPointExtension>
            <ns3:hr>74</ns3:hr>
          </ns3:TrackPointExtension>
        </extensions>
      </trkpt>
      <trkpt lat="56.95671220310032367706298828125" lon="-5.850560702383518218994140625">
        <ele>3.2000000476837158203125</ele>
        <time>2025-09-01T14:59:06.000Z</time>
        <extensions>
          <ns3:TrackPointExtension>
            <ns3:hr>73</ns3:hr>
          </ns3:TrackPointExtension>
        </extensions>
      </trkpt>
      <trkpt lat="56.95669778622686862945556640625" lon="-5.85061929188668727874755859375">
        <ele>3.599999904632568359375</ele>
        <time>2025-09-01T14:59:09.000Z</time>
        <extensions>
          <ns3:TrackPointExtension>
            <ns3:hr>70</ns3:hr>
          </ns3:TrackPointExtension>
        </extensions>
      </trkpt>
      <trkpt lat="56.9566827826201915740966796875" lon="-5.8506979979574680328369140625">
        <ele>4</ele>
        <time>2025-09-01T14:59:13.000Z</time>
        <extensions>
          <ns3:TrackPointExtension>
            <ns3:hr>67</ns3:hr>
          </ns3:TrackPointExtension>
        </extensions>
      </trkpt>
      <trkpt lat="56.95667951367795467376708984375" lon="-5.85071987472474575042724609375">
        <ele>4</ele>
        <time>2025-09-01T14:59:14.000Z</time>
        <extensions>
          <ns3:TrackPointExtension>
            <ns3:hr>65</ns3:hr>
          </ns3:TrackPointExtension>
        </extensions>
      </trkpt>
      <trkpt lat="56.95667616091668605804443359375" lon="-5.8507962338626384735107421875">
        <ele>4.19999980926513671875</ele>
        <time>2025-09-01T14:59:20.000Z</time>
        <extensions>
          <ns3:TrackPointExtension>
            <ns3:hr>64</ns3:hr>
          </ns3:TrackPointExtension>
        </extensions>
      </trkpt>
      <trkpt lat="56.95668362081050872802734375" lon="-5.850803442299365997314453125">
        <ele>4.19999980926513671875</ele>
        <time>2025-09-01T14:59:22.000Z</time>
        <extensions>
          <ns3:TrackPointExtension>
            <ns3:hr>64</ns3:hr>
          </ns3:TrackPointExtension>
        </extensions>
      </trkpt>
      <trkpt lat="56.9566928409039974212646484375" lon="-5.8508205413818359375">
        <ele>4.400000095367431640625</ele>
        <time>2025-09-01T14:59:25.000Z</time>
        <extensions>
          <ns3:TrackPointExtension>
            <ns3:hr>64</ns3:hr>
          </ns3:TrackPointExtension>
        </extensions>
      </trkpt>
      <trkpt lat="56.9567096047103404998779296875" lon="-5.8508487045764923095703125">
        <ele>5.19999980926513671875</ele>
        <time>2025-09-01T14:59:28.000Z</time>
        <extensions>
          <ns3:TrackPointExtension>
            <ns3:hr>65</ns3:hr>
          </ns3:TrackPointExtension>
        </extensions>
      </trkpt>
      <trkpt lat="56.95673785172402858734130859375" lon="-5.85088298656046390533447265625">
        <ele>5.400000095367431640625</ele>
        <time>2025-09-01T14:59:34.000Z</time>
        <extensions>
          <ns3:TrackPointExtension>
            <ns3:hr>68</ns3:hr>
          </ns3:TrackPointExtension>
        </extensions>
      </trkpt>
      <trkpt lat="56.95674103684723377227783203125" lon="-5.85088700987398624420166015625">
        <ele>5.599999904632568359375</ele>
        <time>2025-09-01T14:59:35.000Z</time>
        <extensions>
          <ns3:TrackPointExtension>
            <ns3:hr>68</ns3:hr>
          </ns3:TrackPointExtension>
        </extensions>
      </trkpt>
      <trkpt lat="56.95673936046659946441650390625" lon="-5.85092640481889247894287109375">
        <ele>5.599999904632568359375</ele>
        <time>2025-09-01T14:59:44.000Z</time>
        <extensions>
          <ns3:TrackPointExtension>
            <ns3:hr>67</ns3:hr>
          </ns3:TrackPointExtension>
        </extensions>
      </trkpt>
      <trkpt lat="56.9567473232746124267578125" lon="-5.85097703151404857635498046875">
        <ele>6.599999904632568359375</ele>
        <time>2025-09-01T14:59:52.000Z</time>
        <extensions>
          <ns3:TrackPointExtension>
            <ns3:hr>68</ns3:hr>
          </ns3:TrackPointExtension>
        </extensions>
      </trkpt>
      <trkpt lat="56.956753022968769073486328125" lon="-5.8509813062846660614013671875">
        <ele>6.80000019073486328125</ele>
        <time>2025-09-01T14:59:53.000Z</time>
        <extensions>
          <ns3:TrackPointExtension>
            <ns3:hr>68</ns3:hr>
          </ns3:TrackPointExtension>
        </extensions>
      </trkpt>
      <trkpt lat="56.95680029690265655517578125" lon="-5.851051546633243560791015625">
        <ele>6.599999904632568359375</ele>
        <time>2025-09-01T14:59:59.000Z</time>
        <extensions>
          <ns3:TrackPointExtension>
            <ns3:hr>68</ns3:hr>
          </ns3:TrackPointExtension>
        </extensions>
      </trkpt>
      <trkpt lat="56.9568135403096675872802734375" lon="-5.85107509978115558624267578125">
        <ele>7</ele>
        <time>2025-09-01T15:00:03.000Z</time>
        <extensions>
          <ns3:TrackPointExtension>
            <ns3:hr>64</ns3:hr>
          </ns3:TrackPointExtension>
        </extensions>
      </trkpt>
      <trkpt lat="56.956818401813507080078125" lon="-5.85108515806496143341064453125">
        <ele>5.80000019073486328125</ele>
        <time>2025-09-01T15:00:07.000Z</time>
        <extensions>
          <ns3:TrackPointExtension>
            <ns3:hr>63</ns3:hr>
          </ns3:TrackPointExtension>
        </extensions>
      </trkpt>
      <trkpt lat="56.9568494148552417755126953125" lon="-5.85110376589000225067138671875">
        <ele>5.80000019073486328125</ele>
        <time>2025-09-01T15:00:15.000Z</time>
        <extensions>
          <ns3:TrackPointExtension>
            <ns3:hr>66</ns3:hr>
          </ns3:TrackPointExtension>
        </extensions>
      </trkpt>
      <trkpt lat="56.9568638317286968231201171875" lon="-5.8511821366846561431884765625">
        <ele>6.400000095367431640625</ele>
        <time>2025-09-01T15:00:21.000Z</time>
        <extensions>
          <ns3:TrackPointExtension>
            <ns3:hr>68</ns3:hr>
          </ns3:TrackPointExtension>
        </extensions>
      </trkpt>
      <trkpt lat="56.95686559192836284637451171875" lon="-5.8511812984943389892578125">
        <ele>6.599999904632568359375</ele>
        <time>2025-09-01T15:00:28.000Z</time>
        <extensions>
          <ns3:TrackPointExtension>
            <ns3:hr>70</ns3:hr>
          </ns3:TrackPointExtension>
        </extensions>
      </trkpt>
      <trkpt lat="56.9568671844899654388427734375" lon="-5.851174257695674896240234375">
        <ele>6.80000019073486328125</ele>
        <time>2025-09-01T15:00:31.000Z</time>
        <extensions>
          <ns3:TrackPointExtension>
            <ns3:hr>73</ns3:hr>
          </ns3:TrackPointExtension>
        </extensions>
      </trkpt>
      <trkpt lat="56.95686525665223598480224609375" lon="-5.851176939904689788818359375">
        <ele>6.599999904632568359375</ele>
        <time>2025-09-01T15:00:34.000Z</time>
        <extensions>
          <ns3:TrackPointExtension>
            <ns3:hr>77</ns3:hr>
          </ns3:TrackPointExtension>
        </extensions>
      </trkpt>
      <trkpt lat="56.95686559192836284637451171875" lon="-5.8511812984943389892578125">
        <ele>6.599999904632568359375</ele>
        <time>2025-09-01T15:00:35.000Z</time>
        <extensions>
          <ns3:TrackPointExtension>
            <ns3:hr>79</ns3:hr>
          </ns3:TrackPointExtension>
        </extensions>
      </trkpt>
      <trkpt lat="56.9568574614822864532470703125" lon="-5.85119781084358692169189453125">
        <ele>6.599999904632568359375</ele>
        <time>2025-09-01T15:00:41.000Z</time>
        <extensions>
          <ns3:TrackPointExtension>
            <ns3:hr>80</ns3:hr>
          </ns3:TrackPointExtension>
        </extensions>
      </trkpt>
      <trkpt lat="56.9568665139377117156982421875" lon="-5.8512361161410808563232421875">
        <ele>6.400000095367431640625</ele>
        <time>2025-09-01T15:00:51.000Z</time>
        <extensions>
          <ns3:TrackPointExtension>
            <ns3:hr>82</ns3:hr>
          </ns3:TrackPointExtension>
        </extensions>
      </trkpt>
      <trkpt lat="56.95687447674572467803955078125" lon="-5.8512669615447521209716796875">
        <ele>6.19999980926513671875</ele>
        <time>2025-09-01T15:00:59.000Z</time>
        <extensions>
          <ns3:TrackPointExtension>
            <ns3:hr>83</ns3:hr>
          </ns3:TrackPointExtension>
        </extensions>
      </trkpt>
      <trkpt lat="56.95689207874238491058349609375" lon="-5.85134432651102542877197265625">
        <ele>6.19999980926513671875</ele>
        <time>2025-09-01T15:01:06.000Z</time>
        <extensions>
          <ns3:TrackPointExtension>
            <ns3:hr>84</ns3:hr>
          </ns3:TrackPointExtension>
        </extensions>
      </trkpt>
      <trkpt lat="56.9568993709981441497802734375" lon="-5.8514221943914890289306640625">
        <ele>6.400000095367431640625</ele>
        <time>2025-09-01T15:01:13.000Z</time>
        <extensions>
          <ns3:TrackPointExtension>
            <ns3:hr>84</ns3:hr>
          </ns3:TrackPointExtension>
        </extensions>
      </trkpt>
      <trkpt lat="56.956877410411834716796875" lon="-5.8514510281383991241455078125">
        <ele>6.599999904632568359375</ele>
        <time>2025-09-01T15:01:17.000Z</time>
        <extensions>
          <ns3:TrackPointExtension>
            <ns3:hr>87</ns3:hr>
          </ns3:TrackPointExtension>
        </extensions>
      </trkpt>
      <trkpt lat="56.95687665604054927825927734375" lon="-5.8514506928622722625732421875">
        <ele>6.599999904632568359375</ele>
        <time>2025-09-01T15:01:19.000Z</time>
        <extensions>
          <ns3:TrackPointExtension>
            <ns3:hr>87</ns3:hr>
          </ns3:TrackPointExtension>
        </extensions>
      </trkpt>
      <trkpt lat="56.9568792544305324554443359375" lon="-5.85146628320217132568359375">
        <ele>5.599999904632568359375</ele>
        <time>2025-09-01T15:01:26.000Z</time>
        <extensions>
          <ns3:TrackPointExtension>
            <ns3:hr>85</ns3:hr>
          </ns3:TrackPointExtension>
        </extensions>
      </trkpt>
      <trkpt lat="56.956883110105991363525390625" lon="-5.8514664508402347564697265625">
        <ele>5.19999980926513671875</ele>
        <time>2025-09-01T15:01:28.000Z</time>
        <extensions>
          <ns3:TrackPointExtension>
            <ns3:hr>85</ns3:hr>
          </ns3:TrackPointExtension>
        </extensions>
      </trkpt>
      <trkpt lat="56.95688319392502307891845703125" lon="-5.85146452300250530242919921875">
        <ele>6.19999980926513671875</ele>
        <time>2025-09-01T15:01:40.000Z</time>
        <extensions>
          <ns3:TrackPointExtension>
            <ns3:hr>83</ns3:hr>
          </ns3:TrackPointExtension>
        </extensions>
      </trkpt>
      <trkpt lat="56.95688369683921337127685546875" lon="-5.85146427154541015625">
        <ele>5.80000019073486328125</ele>
        <time>2025-09-01T15:01:49.000Z</time>
        <extensions>
          <ns3:TrackPointExtension>
            <ns3:hr>84</ns3:hr>
          </ns3:TrackPointExtension>
        </extensions>
      </trkpt>
      <trkpt lat="56.9568410329520702362060546875" lon="-5.85149042308330535888671875">
        <ele>5.599999904632568359375</ele>
        <time>2025-09-01T15:01:56.000Z</time>
        <extensions>
          <ns3:TrackPointExtension>
            <ns3:hr>83</ns3:hr>
          </ns3:TrackPointExtension>
        </extensions>
      </trkpt>
      <trkpt lat="56.95679987780749797821044921875" lon="-5.85158304311335086822509765625">
        <ele>4.80000019073486328125</ele>
        <time>2025-09-01T15:02:03.000Z</time>
        <extensions>
          <ns3:TrackPointExtension>
            <ns3:hr>83</ns3:hr>
          </ns3:TrackPointExtension>
        </extensions>
      </trkpt>
      <trkpt lat="56.9567746482789516448974609375" lon="-5.85163316689431667327880859375">
        <ele>5.19999980926513671875</ele>
        <time>2025-09-01T15:02:10.000Z</time>
        <extensions>
          <ns3:TrackPointExtension>
            <ns3:hr>83</ns3:hr>
          </ns3:TrackPointExtension>
        </extensions>
      </trkpt>
      <trkpt lat="56.9567612372338771820068359375" lon="-5.85164691321551799774169921875">
        <ele>4.80000019073486328125</ele>
        <time>2025-09-01T15:02:15.000Z</time>
        <extensions>
          <ns3:TrackPointExtension>
            <ns3:hr>81</ns3:hr>
          </ns3:TrackPointExtension>
        </extensions>
      </trkpt>
      <trkpt lat="56.95675729773938655853271484375" lon="-5.85164171643555164337158203125">
        <ele>4.599999904632568359375</ele>
        <time>2025-09-01T15:02:18.000Z</time>
        <extensions>
          <ns3:TrackPointExtension>
            <ns3:hr>80</ns3:hr>
          </ns3:TrackPointExtension>
        </extensions>
      </trkpt>
      <trkpt lat="56.95674740709364414215087890625" lon="-5.851646997034549713134765625">
        <ele>4.19999980926513671875</ele>
        <time>2025-09-01T15:02:22.000Z</time>
        <extensions>
          <ns3:TrackPointExtension>
            <ns3:hr>79</ns3:hr>
          </ns3:TrackPointExtension>
        </extensions>
      </trkpt>
      <trkpt lat="56.95673483423888683319091796875" lon="-5.85166518576443195343017578125">
        <ele>3.2000000476837158203125</ele>
        <time>2025-09-01T15:02:25.000Z</time>
        <extensions>
          <ns3:TrackPointExtension>
            <ns3:hr>79</ns3:hr>
          </ns3:TrackPointExtension>
        </extensions>
      </trkpt>
      <trkpt lat="56.956730224192142486572265625" lon="-5.851668454706668853759765625">
        <ele>2.599999904632568359375</ele>
        <time>2025-09-01T15:02:29.000Z</time>
        <extensions>
          <ns3:TrackPointExtension>
            <ns3:hr>79</ns3:hr>
          </ns3:TrackPointExtension>
        </extensions>
      </trkpt>
      <trkpt lat="56.9566837884485721588134765625" lon="-5.85166744887828826904296875">
        <ele>3.599999904632568359375</ele>
        <time>2025-09-01T15:02:34.000Z</time>
        <extensions>
          <ns3:TrackPointExtension>
            <ns3:hr>79</ns3:hr>
          </ns3:TrackPointExtension>
        </extensions>
      </trkpt>
      <trkpt lat="56.95666660554707050323486328125" lon="-5.851679183542728424072265625">
        <ele>4.19999980926513671875</ele>
        <time>2025-09-01T15:02:38.000Z</time>
        <extensions>
          <ns3:TrackPointExtension>
            <ns3:hr>77</ns3:hr>
          </ns3:TrackPointExtension>
        </extensions>
      </trkpt>
      <trkpt lat="56.95666241459548473358154296875" lon="-5.851692259311676025390625">
        <ele>4.19999980926513671875</ele>
        <time>2025-09-01T15:02:40.000Z</time>
        <extensions>
          <ns3:TrackPointExtension>
            <ns3:hr>77</ns3:hr>
          </ns3:TrackPointExtension>
        </extensions>
      </trkpt>
      <trkpt lat="56.9566730596125125885009765625" lon="-5.85171078331768512725830078125">
        <ele>4.80000019073486328125</ele>
        <time>2025-09-01T15:02:47.000Z</time>
        <extensions>
          <ns3:TrackPointExtension>
            <ns3:hr>81</ns3:hr>
          </ns3:TrackPointExtension>
        </extensions>
      </trkpt>
      <trkpt lat="56.95666828192770481109619140625" lon="-5.851710699498653411865234375">
        <ele>5.19999980926513671875</ele>
        <time>2025-09-01T15:02:49.000Z</time>
        <extensions>
          <ns3:TrackPointExtension>
            <ns3:hr>81</ns3:hr>
          </ns3:TrackPointExtension>
        </extensions>
      </trkpt>
      <trkpt lat="56.9566576369106769561767578125" lon="-5.85172570310533046722412109375">
        <ele>5.599999904632568359375</ele>
        <time>2025-09-01T15:02:52.000Z</time>
        <extensions>
          <ns3:TrackPointExtension>
            <ns3:hr>80</ns3:hr>
          </ns3:TrackPointExtension>
        </extensions>
      </trkpt>
      <trkpt lat="56.9566391967236995697021484375" lon="-5.85175487212836742401123046875">
        <ele>6</ele>
        <time>2025-09-01T15:02:57.000Z</time>
        <extensions>
          <ns3:TrackPointExtension>
            <ns3:hr>80</ns3:hr>
          </ns3:TrackPointExtension>
        </extensions>
      </trkpt>
      <trkpt lat="56.95661111734807491302490234375" lon="-5.85178705863654613494873046875">
        <ele>5.19999980926513671875</ele>
        <time>2025-09-01T15:03:03.000Z</time>
        <extensions>
          <ns3:TrackPointExtension>
            <ns3:hr>83</ns3:hr>
          </ns3:TrackPointExtension>
        </extensions>
      </trkpt>
      <trkpt lat="56.95659938268363475799560546875" lon="-5.85187138058245182037353515625">
        <ele>4</ele>
        <time>2025-09-01T15:03:08.000Z</time>
        <extensions>
          <ns3:TrackPointExtension>
            <ns3:hr>83</ns3:hr>
          </ns3:TrackPointExtension>
        </extensions>
      </trkpt>
      <trkpt lat="56.95660047233104705810546875" lon="-5.85190323181450366973876953125">
        <ele>3.7999999523162841796875</ele>
        <time>2025-09-01T15:03:10.000Z</time>
        <extensions>
          <ns3:TrackPointExtension>
            <ns3:hr>84</ns3:hr>
          </ns3:TrackPointExtension>
        </extensions>
      </trkpt>
      <trkpt lat="56.956604160368442535400390625" lon="-5.8520380966365337371826171875">
        <ele>3.400000095367431640625</ele>
        <time>2025-09-01T15:03:18.000Z</time>
        <extensions>
          <ns3:TrackPointExtension>
            <ns3:hr>85</ns3:hr>
          </ns3:TrackPointExtension>
        </extensions>
      </trkpt>
      <trkpt lat="56.9565882347524166107177734375" lon="-5.852225683629512786865234375">
        <ele>3.7999999523162841796875</ele>
        <time>2025-09-01T15:03:28.000Z</time>
        <extensions>
          <ns3:TrackPointExtension>
            <ns3:hr>86</ns3:hr>
          </ns3:TrackPointExtension>
        </extensions>
      </trkpt>
      <trkpt lat="56.9565808586776256561279296875" lon="-5.8523680083453655242919921875">
        <ele>3.599999904632568359375</ele>
        <time>2025-09-01T15:03:36.000Z</time>
        <extensions>
          <ns3:TrackPointExtension>
            <ns3:hr>83</ns3:hr>
          </ns3:TrackPointExtension>
        </extensions>
      </trkpt>
      <trkpt lat="56.95657691918313503265380859375" lon="-5.8523857779800891876220703125">
        <ele>3.2000000476837158203125</ele>
        <time>2025-09-01T15:03:37.000Z</time>
        <extensions>
          <ns3:TrackPointExtension>
            <ns3:hr>83</ns3:hr>
          </ns3:TrackPointExtension>
        </extensions>
      </trkpt>
      <trkpt lat="56.9565729796886444091796875" lon="-5.8524062298238277435302734375">
        <ele>2.7999999523162841796875</ele>
        <time>2025-09-01T15:03:38.000Z</time>
        <extensions>
          <ns3:TrackPointExtension>
            <ns3:hr>83</ns3:hr>
          </ns3:TrackPointExtension>
        </extensions>
      </trkpt>
      <trkpt lat="56.956540457904338836669921875" lon="-5.85259725339710712432861328125">
        <ele>2.599999904632568359375</ele>
        <time>2025-09-01T15:03:48.000Z</time>
        <extensions>
          <ns3:TrackPointExtension>
            <ns3:hr>82</ns3:hr>
          </ns3:TrackPointExtension>
        </extensions>
      </trkpt>
      <trkpt lat="56.956502906978130340576171875" lon="-5.8528092317283153533935546875">
        <ele>2</ele>
        <time>2025-09-01T15:03:59.000Z</time>
        <extensions>
          <ns3:TrackPointExtension>
            <ns3:hr>81</ns3:hr>
          </ns3:TrackPointExtension>
        </extensions>
      </trkpt>
      <trkpt lat="56.95647315122187137603759765625" lon="-5.8530295081436634063720703125">
        <ele>2.400000095367431640625</ele>
        <time>2025-09-01T15:04:11.000Z</time>
        <extensions>
          <ns3:TrackPointExtension>
            <ns3:hr>80</ns3:hr>
          </ns3:TrackPointExtension>
        </extensions>
      </trkpt>
      <trkpt lat="56.95644465275108814239501953125" lon="-5.8532521314918994903564453125">
        <ele>2.599999904632568359375</ele>
        <time>2025-09-01T15:04:24.000Z</time>
        <extensions>
          <ns3:TrackPointExtension>
            <ns3:hr>81</ns3:hr>
          </ns3:TrackPointExtension>
        </extensions>
      </trkpt>
      <trkpt lat="56.95642587728798389434814453125" lon="-5.853446088731288909912109375">
        <ele>2.599999904632568359375</ele>
        <time>2025-09-01T15:04:34.000Z</time>
        <extensions>
          <ns3:TrackPointExtension>
            <ns3:hr>79</ns3:hr>
          </ns3:TrackPointExtension>
        </extensions>
      </trkpt>
      <trkpt lat="56.956416405737400054931640625" lon="-5.85363996215164661407470703125">
        <ele>3.400000095367431640625</ele>
        <time>2025-09-01T15:04:44.000Z</time>
        <extensions>
          <ns3:TrackPointExtension>
            <ns3:hr>79</ns3:hr>
          </ns3:TrackPointExtension>
        </extensions>
      </trkpt>
      <trkpt lat="56.956409700214862823486328125" lon="-5.85382721386849880218505859375">
        <ele>3.2000000476837158203125</ele>
        <time>2025-09-01T15:04:54.000Z</time>
        <extensions>
          <ns3:TrackPointExtension>
            <ns3:hr>79</ns3:hr>
          </ns3:TrackPointExtension>
        </extensions>
      </trkpt>
      <trkpt lat="56.9564051739871501922607421875" lon="-5.85384381003677845001220703125">
        <ele>3.599999904632568359375</ele>
        <time>2025-09-01T15:04:56.000Z</time>
        <extensions>
          <ns3:TrackPointExtension>
            <ns3:hr>79</ns3:hr>
          </ns3:TrackPointExtension>
        </extensions>
      </trkpt>
      <trkpt lat="56.95640458725392818450927734375" lon="-5.85384230129420757293701171875">
        <ele>4</ele>
        <time>2025-09-01T15:04:57.000Z</time>
        <extensions>
          <ns3:TrackPointExtension>
            <ns3:hr>79</ns3:hr>
          </ns3:TrackPointExtension>
        </extensions>
      </trkpt>
      <trkpt lat="56.95640056394040584564208984375" lon="-5.8538428880274295806884765625">
        <ele>4.19999980926513671875</ele>
        <time>2025-09-01T15:05:00.000Z</time>
        <extensions>
          <ns3:TrackPointExtension>
            <ns3:hr>79</ns3:hr>
          </ns3:TrackPointExtension>
        </extensions>
      </trkpt>
      <trkpt lat="56.9563957862555980682373046875" lon="-5.853867195546627044677734375">
        <ele>4.400000095367431640625</ele>
        <time>2025-09-01T15:05:07.000Z</time>
        <extensions>
          <ns3:TrackPointExtension>
            <ns3:hr>80</ns3:hr>
          </ns3:TrackPointExtension>
        </extensions>
      </trkpt>
      <trkpt lat="56.9563967920839786529541015625" lon="-5.85388974286615848541259765625">
        <ele>4.80000019073486328125</ele>
        <time>2025-09-01T15:05:10.000Z</time>
        <extensions>
          <ns3:TrackPointExtension>
            <ns3:hr>77</ns3:hr>
          </ns3:TrackPointExtension>
        </extensions>
      </trkpt>
      <trkpt lat="56.95640173740684986114501953125" lon="-5.8539018966257572174072265625">
        <ele>4.80000019073486328125</ele>
        <time>2025-09-01T15:05:14.000Z</time>
        <extensions>
          <ns3:TrackPointExtension>
            <ns3:hr>74</ns3:hr>
          </ns3:TrackPointExtension>
        </extensions>
      </trkpt>
      <trkpt lat="56.9563927687704563140869140625" lon="-5.853902734816074371337890625">
        <ele>5</ele>
        <time>2025-09-01T15:05:18.000Z</time>
        <extensions>
          <ns3:TrackPointExtension>
            <ns3:hr>73</ns3:hr>
          </ns3:TrackPointExtension>
        </extensions>
      </trkpt>
      <trkpt lat="56.95639126002788543701171875" lon="-5.8539106138050556182861328125">
        <ele>5.19999980926513671875</ele>
        <time>2025-09-01T15:05:19.000Z</time>
        <extensions>
          <ns3:TrackPointExtension>
            <ns3:hr>73</ns3:hr>
          </ns3:TrackPointExtension>
        </extensions>
      </trkpt>
      <trkpt lat="56.9563840515911579132080078125" lon="-5.85396082140505313873291015625">
        <ele>6.19999980926513671875</ele>
        <time>2025-09-01T15:05:23.000Z</time>
        <extensions>
          <ns3:TrackPointExtension>
            <ns3:hr>74</ns3:hr>
          </ns3:TrackPointExtension>
        </extensions>
      </trkpt>
      <trkpt lat="56.95638648234307765960693359375" lon="-5.8539702929556369781494140625">
        <ele>6.599999904632568359375</ele>
        <time>2025-09-01T15:05:25.000Z</time>
        <extensions>
          <ns3:TrackPointExtension>
            <ns3:hr>74</ns3:hr>
          </ns3:TrackPointExtension>
        </extensions>
      </trkpt>
      <trkpt lat="56.95638782344758510589599609375" lon="-5.85396341979503631591796875">
        <ele>7</ele>
        <time>2025-09-01T15:05:27.000Z</time>
        <extensions>
          <ns3:TrackPointExtension>
            <ns3:hr>73</ns3:hr>
          </ns3:TrackPointExtension>
        </extensions>
      </trkpt>
      <trkpt lat="56.9563874043524265289306640625" lon="-5.85395746864378452301025390625">
        <ele>7.400000095367431640625</ele>
        <time>2025-09-01T15:05:28.000Z</time>
        <extensions>
          <ns3:TrackPointExtension>
            <ns3:hr>74</ns3:hr>
          </ns3:TrackPointExtension>
        </extensions>
      </trkpt>
      <trkpt lat="56.95639260113239288330078125" lon="-5.8539538644254207611083984375">
        <ele>8</ele>
        <time>2025-09-01T15:05:35.000Z</time>
        <extensions>
          <ns3:TrackPointExtension>
            <ns3:hr>73</ns3:hr>
          </ns3:TrackPointExtension>
        </extensions>
      </trkpt>
      <trkpt lat="56.95639100857079029083251953125" lon="-5.8539545349776744842529296875">
        <ele>6.400000095367431640625</ele>
        <time>2025-09-01T15:05:44.000Z</time>
        <extensions>
          <ns3:TrackPointExtension>
            <ns3:hr>71</ns3:hr>
          </ns3:TrackPointExtension>
        </extensions>
      </trkpt>
      <trkpt lat="56.95639100857079029083251953125" lon="-5.8539545349776744842529296875">
        <ele>6.19999980926513671875</ele>
        <time>2025-09-01T15:05:45.000Z</time>
        <extensions>
          <ns3:TrackPointExtension>
            <ns3:hr>71</ns3:hr>
          </ns3:TrackPointExtension>
        </extensions>
      </trkpt>
      <trkpt lat="56.95637189783155918121337890625" lon="-5.85398487746715545654296875">
        <ele>6.400000095367431640625</ele>
        <time>2025-09-01T15:05:49.000Z</time>
        <extensions>
          <ns3:TrackPointExtension>
            <ns3:hr>69</ns3:hr>
          </ns3:TrackPointExtension>
        </extensions>
      </trkpt>
      <trkpt lat="56.9563699699938297271728515625" lon="-5.8539857156574726104736328125">
        <ele>7</ele>
        <time>2025-09-01T15:05:51.000Z</time>
        <extensions>
          <ns3:TrackPointExtension>
            <ns3:hr>69</ns3:hr>
          </ns3:TrackPointExtension>
        </extensions>
      </trkpt>
      <trkpt lat="56.95636988617479801177978515625" lon="-5.85398529656231403350830078125">
        <ele>7.400000095367431640625</ele>
        <time>2025-09-01T15:05:52.000Z</time>
        <extensions>
          <ns3:TrackPointExtension>
            <ns3:hr>70</ns3:hr>
          </ns3:TrackPointExtension>
        </extensions>
      </trkpt>
      <trkpt lat="56.9563396275043487548828125" lon="-5.8539454825222492218017578125">
        <ele>7</ele>
        <time>2025-09-01T15:05:56.000Z</time>
        <extensions>
          <ns3:TrackPointExtension>
            <ns3:hr>70</ns3:hr>
          </ns3:TrackPointExtension>
        </extensions>
      </trkpt>
      <trkpt lat="56.9563250429928302764892578125" lon="-5.8539139665663242340087890625">
        <ele>6.599999904632568359375</ele>
        <time>2025-09-01T15:06:03.000Z</time>
        <extensions>
          <ns3:TrackPointExtension>
            <ns3:hr>70</ns3:hr>
          </ns3:TrackPointExtension>
        </extensions>
      </trkpt>
      <trkpt lat="56.9562911801040172576904296875" lon="-5.85387499071657657623291015625">
        <ele>7.400000095367431640625</ele>
        <time>2025-09-01T15:06:07.000Z</time>
        <extensions>
          <ns3:TrackPointExtension>
            <ns3:hr>70</ns3:hr>
          </ns3:TrackPointExtension>
        </extensions>
      </trkpt>
      <trkpt lat="56.95627299137413501739501953125" lon="-5.853869877755641937255859375">
        <ele>8</ele>
        <time>2025-09-01T15:06:13.000Z</time>
        <extensions>
          <ns3:TrackPointExtension>
            <ns3:hr>70</ns3:hr>
          </ns3:TrackPointExtension>
        </extensions>
      </trkpt>
      <trkpt lat="56.95623728446662425994873046875" lon="-5.8538774214684963226318359375">
        <ele>7.400000095367431640625</ele>
        <time>2025-09-01T15:06:20.000Z</time>
        <extensions>
          <ns3:TrackPointExtension>
            <ns3:hr>69</ns3:hr>
          </ns3:TrackPointExtension>
        </extensions>
      </trkpt>
      <trkpt lat="56.956205852329730987548828125" lon="-5.85396031849086284637451171875">
        <ele>6.80000019073486328125</ele>
        <time>2025-09-01T15:06:27.000Z</time>
        <extensions>
          <ns3:TrackPointExtension>
            <ns3:hr>70</ns3:hr>
          </ns3:TrackPointExtension>
        </extensions>
      </trkpt>
      <trkpt lat="56.95620325393974781036376953125" lon="-5.853977836668491363525390625">
        <ele>6.400000095367431640625</ele>
        <time>2025-09-01T15:06:28.000Z</time>
        <extensions>
          <ns3:TrackPointExtension>
            <ns3:hr>70</ns3:hr>
          </ns3:TrackPointExtension>
        </extensions>
      </trkpt>
      <trkpt lat="56.956174336373805999755859375" lon="-5.8540943451225757598876953125">
        <ele>5.80000019073486328125</ele>
        <time>2025-09-01T15:06:34.000Z</time>
        <extensions>
          <ns3:TrackPointExtension>
            <ns3:hr>70</ns3:hr>
          </ns3:TrackPointExtension>
        </extensions>
      </trkpt>
      <trkpt lat="56.95618380792438983917236328125" lon="-5.8541915751993656158447265625">
        <ele>6.80000019073486328125</ele>
        <time>2025-09-01T15:06:40.000Z</time>
        <extensions>
          <ns3:TrackPointExtension>
            <ns3:hr>69</ns3:hr>
          </ns3:TrackPointExtension>
        </extensions>
      </trkpt>
      <trkpt lat="56.9561724923551082611083984375" lon="-5.8542163856327533721923828125">
        <ele>7.400000095367431640625</ele>
        <time>2025-09-01T15:06:42.000Z</time>
        <extensions>
          <ns3:TrackPointExtension>
            <ns3:hr>70</ns3:hr>
          </ns3:TrackPointExtension>
        </extensions>
      </trkpt>
      <trkpt lat="56.95614458061754703521728515625" lon="-5.85424446500837802886962890625">
        <ele>8.3999996185302734375</ele>
        <time>2025-09-01T15:06:46.000Z</time>
        <extensions>
          <ns3:TrackPointExtension>
            <ns3:hr>72</ns3:hr>
          </ns3:TrackPointExtension>
        </extensions>
      </trkpt>
      <trkpt lat="56.95613921619951725006103515625" lon="-5.85424228571355342864990234375">
        <ele>8.6000003814697265625</ele>
        <time>2025-09-01T15:06:47.000Z</time>
        <extensions>
          <ns3:TrackPointExtension>
            <ns3:hr>72</ns3:hr>
          </ns3:TrackPointExtension>
        </extensions>
      </trkpt>
      <trkpt lat="56.95609152317047119140625" lon="-5.85423407144844532012939453125">
        <ele>9.19999980926513671875</ele>
        <time>2025-09-01T15:06:53.000Z</time>
        <extensions>
          <ns3:TrackPointExtension>
            <ns3:hr>71</ns3:hr>
          </ns3:TrackPointExtension>
        </extensions>
      </trkpt>
      <trkpt lat="56.95599521510303020477294921875" lon="-5.8541741408407688140869140625">
        <ele>8</ele>
        <time>2025-09-01T15:07:03.000Z</time>
        <extensions>
          <ns3:TrackPointExtension>
            <ns3:hr>71</ns3:hr>
          </ns3:TrackPointExtension>
        </extensions>
      </trkpt>
      <trkpt lat="56.95594928227365016937255859375" lon="-5.8540313132107257843017578125">
        <ele>7.400000095367431640625</ele>
        <time>2025-09-01T15:07:13.000Z</time>
        <extensions>
          <ns3:TrackPointExtension>
            <ns3:hr>71</ns3:hr>
          </ns3:TrackPointExtension>
        </extensions>
      </trkpt>
      <trkpt lat="56.955926902592182159423828125" lon="-5.853879936039447784423828125">
        <ele>7.400000095367431640625</ele>
        <time>2025-09-01T15:07:22.000Z</time>
        <extensions>
          <ns3:TrackPointExtension>
            <ns3:hr>71</ns3:hr>
          </ns3:TrackPointExtension>
        </extensions>
      </trkpt>
      <trkpt lat="56.95590569637715816497802734375" lon="-5.85376049391925334930419921875">
        <ele>7.19999980926513671875</ele>
        <time>2025-09-01T15:07:32.000Z</time>
        <extensions>
          <ns3:TrackPointExtension>
            <ns3:hr>72</ns3:hr>
          </ns3:TrackPointExtension>
        </extensions>
      </trkpt>
      <trkpt lat="56.955910138785839080810546875" lon="-5.85375688970088958740234375">
        <ele>6.400000095367431640625</ele>
        <time>2025-09-01T15:07:34.000Z</time>
        <extensions>
          <ns3:TrackPointExtension>
            <ns3:hr>72</ns3:hr>
          </ns3:TrackPointExtension>
        </extensions>
      </trkpt>
      <trkpt lat="56.95591726340353488922119140625" lon="-5.85369385778903961181640625">
        <ele>5.599999904632568359375</ele>
        <time>2025-09-01T15:07:39.000Z</time>
        <extensions>
          <ns3:TrackPointExtension>
            <ns3:hr>73</ns3:hr>
          </ns3:TrackPointExtension>
        </extensions>
      </trkpt>
      <trkpt lat="56.9559344463050365447998046875" lon="-5.8536376990377902984619140625">
        <ele>5.400000095367431640625</ele>
        <time>2025-09-01T15:07:45.000Z</time>
        <extensions>
          <ns3:TrackPointExtension>
            <ns3:hr>72</ns3:hr>
          </ns3:TrackPointExtension>
        </extensions>
      </trkpt>
      <trkpt lat="56.95592748932540416717529296875" lon="-5.85362143814563751220703125">
        <ele>5.19999980926513671875</ele>
        <time>2025-09-01T15:07:46.000Z</time>
        <extensions>
          <ns3:TrackPointExtension>
            <ns3:hr>72</ns3:hr>
          </ns3:TrackPointExtension>
        </extensions>
      </trkpt>
      <trkpt lat="56.95592380128800868988037109375" lon="-5.8535739965736865997314453125">
        <ele>4.19999980926513671875</ele>
        <time>2025-09-01T15:07:52.000Z</time>
        <extensions>
          <ns3:TrackPointExtension>
            <ns3:hr>74</ns3:hr>
          </ns3:TrackPointExtension>
        </extensions>
      </trkpt>
      <trkpt lat="56.955914832651615142822265625" lon="-5.8535478450357913970947265625">
        <ele>4</ele>
        <time>2025-09-01T15:07:58.000Z</time>
        <extensions>
          <ns3:TrackPointExtension>
            <ns3:hr>75</ns3:hr>
          </ns3:TrackPointExtension>
        </extensions>
      </trkpt>
      <trkpt lat="56.95590519346296787261962890625" lon="-5.85354206152260303497314453125">
        <ele>3.599999904632568359375</ele>
        <time>2025-09-01T15:08:02.000Z</time>
        <extensions>
          <ns3:TrackPointExtension>
            <ns3:hr>78</ns3:hr>
          </ns3:TrackPointExtension>
        </extensions>
      </trkpt>
      <trkpt lat="56.9558948837220668792724609375" lon="-5.8535283990204334259033203125">
        <ele>3.400000095367431640625</ele>
        <time>2025-09-01T15:08:04.000Z</time>
        <extensions>
          <ns3:TrackPointExtension>
            <ns3:hr>79</ns3:hr>
          </ns3:TrackPointExtension>
        </extensions>
      </trkpt>
      <trkpt lat="56.95588423870503902435302734375" lon="-5.853523872792720794677734375">
        <ele>3.2000000476837158203125</ele>
        <time>2025-09-01T15:08:05.000Z</time>
        <extensions>
          <ns3:TrackPointExtension>
            <ns3:hr>79</ns3:hr>
          </ns3:TrackPointExtension>
        </extensions>
      </trkpt>
      <trkpt lat="56.9558393955230712890625" lon="-5.85344399325549602508544921875">
        <ele>3</ele>
        <time>2025-09-01T15:08:11.000Z</time>
        <extensions>
          <ns3:TrackPointExtension>
            <ns3:hr>79</ns3:hr>
          </ns3:TrackPointExtension>
        </extensions>
      </trkpt>
      <trkpt lat="56.95583336055278778076171875" lon="-5.85343276150524616241455078125">
        <ele>3.599999904632568359375</ele>
        <time>2025-09-01T15:08:16.000Z</time>
        <extensions>
          <ns3:TrackPointExtension>
            <ns3:hr>79</ns3:hr>
          </ns3:TrackPointExtension>
        </extensions>
      </trkpt>
      <trkpt lat="56.9557818956673145294189453125" lon="-5.8533855713903903961181640625">
        <ele>2.599999904632568359375</ele>
        <time>2025-09-01T15:08:24.000Z</time>
        <extensions>
          <ns3:TrackPointExtension>
            <ns3:hr>80</ns3:hr>
          </ns3:TrackPointExtension>
        </extensions>
      </trkpt>
      <trkpt lat="56.9557580910623073577880859375" lon="-5.8533674664795398712158203125">
        <ele>2.2000000476837158203125</ele>
        <time>2025-09-01T15:08:33.000Z</time>
        <extensions>
          <ns3:TrackPointExtension>
            <ns3:hr>83</ns3:hr>
          </ns3:TrackPointExtension>
        </extensions>
      </trkpt>
      <trkpt lat="56.9557580910623073577880859375" lon="-5.8533674664795398712158203125">
        <ele>2.2000000476837158203125</ele>
        <time>2025-09-01T15:08:34.000Z</time>
        <extensions>
          <ns3:TrackPointExtension>
            <ns3:hr>83</ns3:hr>
          </ns3:TrackPointExtension>
        </extensions>
      </trkpt>
      <trkpt lat="56.95572548545897006988525390625" lon="-5.8533218689262866973876953125">
        <ele>1.60000002384185791015625</ele>
        <time>2025-09-01T15:08:45.000Z</time>
        <extensions>
          <ns3:TrackPointExtension>
            <ns3:hr>80</ns3:hr>
          </ns3:TrackPointExtension>
        </extensions>
      </trkpt>
      <trkpt lat="56.95571978576481342315673828125" lon="-5.85331390611827373504638671875">
        <ele>1.7999999523162841796875</ele>
        <time>2025-09-01T15:08:54.000Z</time>
        <extensions>
          <ns3:TrackPointExtension>
            <ns3:hr>82</ns3:hr>
          </ns3:TrackPointExtension>
        </extensions>
      </trkpt>
      <trkpt lat="56.9556766189634799957275390625" lon="-5.8532410673797130584716796875">
        <ele>2.400000095367431640625</ele>
        <time>2025-09-01T15:09:02.000Z</time>
        <extensions>
          <ns3:TrackPointExtension>
            <ns3:hr>83</ns3:hr>
          </ns3:TrackPointExtension>
        </extensions>
      </trkpt>
      <trkpt lat="56.9556303508579730987548828125" lon="-5.85313453339040279388427734375">
        <ele>2.2000000476837158203125</ele>
        <time>2025-09-01T15:09:13.000Z</time>
        <extensions>
          <ns3:TrackPointExtension>
            <ns3:hr>83</ns3:hr>
          </ns3:TrackPointExtension>
        </extensions>
      </trkpt>
      <trkpt lat="56.95556974969804286956787109375" lon="-5.85302070714533329010009765625">
        <ele>2</ele>
        <time>2025-09-01T15:09:22.000Z</time>
        <extensions>
          <ns3:TrackPointExtension>
            <ns3:hr>83</ns3:hr>
          </ns3:TrackPointExtension>
        </extensions>
      </trkpt>
      <trkpt lat="56.95555114187300205230712890625" lon="-5.8529926277697086334228515625">
        <ele>2.599999904632568359375</ele>
        <time>2025-09-01T15:09:28.000Z</time>
        <extensions>
          <ns3:TrackPointExtension>
            <ns3:hr>82</ns3:hr>
          </ns3:TrackPointExtension>
        </extensions>
      </trkpt>
      <trkpt lat="56.95553773082792758941650390625" lon="-5.8529748581349849700927734375">
        <ele>3.2000000476837158203125</ele>
        <time>2025-09-01T15:09:31.000Z</time>
        <extensions>
          <ns3:TrackPointExtension>
            <ns3:hr>82</ns3:hr>
          </ns3:TrackPointExtension>
        </extensions>
      </trkpt>
      <trkpt lat="56.95551694370806217193603515625" lon="-5.8529577590525150299072265625">
        <ele>3.599999904632568359375</ele>
        <time>2025-09-01T15:09:35.000Z</time>
        <extensions>
          <ns3:TrackPointExtension>
            <ns3:hr>80</ns3:hr>
          </ns3:TrackPointExtension>
        </extensions>
      </trkpt>
      <trkpt lat="56.95553840138018131256103515625" lon="-5.8529676496982574462890625">
        <ele>2.599999904632568359375</ele>
        <time>2025-09-01T15:09:40.000Z</time>
        <extensions>
          <ns3:TrackPointExtension>
            <ns3:hr>77</ns3:hr>
          </ns3:TrackPointExtension>
        </extensions>
      </trkpt>
      <trkpt lat="56.95553957484662532806396484375" lon="-5.85296991281211376190185546875">
        <ele>2.599999904632568359375</ele>
        <time>2025-09-01T15:09:41.000Z</time>
        <extensions>
          <ns3:TrackPointExtension>
            <ns3:hr>77</ns3:hr>
          </ns3:TrackPointExtension>
        </extensions>
      </trkpt>
      <trkpt lat="56.9555301032960414886474609375" lon="-5.8529423363506793975830078125">
        <ele>2.599999904632568359375</ele>
        <time>2025-09-01T15:09:52.000Z</time>
        <extensions>
          <ns3:TrackPointExtension>
            <ns3:hr>79</ns3:hr>
          </ns3:TrackPointExtension>
        </extensions>
      </trkpt>
      <trkpt lat="56.9555217213928699493408203125" lon="-5.85293135605752468109130859375">
        <ele>2.2000000476837158203125</ele>
        <time>2025-09-01T15:09:53.000Z</time>
        <extensions>
          <ns3:TrackPointExtension>
            <ns3:hr>79</ns3:hr>
          </ns3:TrackPointExtension>
        </extensions>
      </trkpt>
      <trkpt lat="56.9554657302796840667724609375" lon="-5.8528434298932552337646484375">
        <ele>2.400000095367431640625</ele>
        <time>2025-09-01T15:10:00.000Z</time>
        <extensions>
          <ns3:TrackPointExtension>
            <ns3:hr>81</ns3:hr>
          </ns3:TrackPointExtension>
        </extensions>
      </trkpt>
      <trkpt lat="56.95540395565330982208251953125" lon="-5.8528119139373302459716796875">
        <ele>3.2000000476837158203125</ele>
        <time>2025-09-01T15:10:08.000Z</time>
        <extensions>
          <ns3:TrackPointExtension>
            <ns3:hr>82</ns3:hr>
          </ns3:TrackPointExtension>
        </extensions>
      </trkpt>
      <trkpt lat="56.95538920350372791290283203125" lon="-5.8527860976755619049072265625">
        <ele>2.7999999523162841796875</ele>
        <time>2025-09-01T15:10:15.000Z</time>
        <extensions>
          <ns3:TrackPointExtension>
            <ns3:hr>83</ns3:hr>
          </ns3:TrackPointExtension>
        </extensions>
      </trkpt>
      <trkpt lat="56.9553674943745136260986328125" lon="-5.8527629636228084564208984375">
        <ele>2.7999999523162841796875</ele>
        <time>2025-09-01T15:10:20.000Z</time>
        <extensions>
          <ns3:TrackPointExtension>
            <ns3:hr>80</ns3:hr>
          </ns3:TrackPointExtension>
        </extensions>
      </trkpt>
      <trkpt lat="56.9553648121654987335205078125" lon="-5.8527612872421741485595703125">
        <ele>3</ele>
        <time>2025-09-01T15:10:25.000Z</time>
        <extensions>
          <ns3:TrackPointExtension>
            <ns3:hr>79</ns3:hr>
          </ns3:TrackPointExtension>
        </extensions>
      </trkpt>
      <trkpt lat="56.95533455349504947662353515625" lon="-5.852732956409454345703125">
        <ele>3.7999999523162841796875</ele>
        <time>2025-09-01T15:10:33.000Z</time>
        <extensions>
          <ns3:TrackPointExtension>
            <ns3:hr>77</ns3:hr>
          </ns3:TrackPointExtension>
        </extensions>
      </trkpt>
      <trkpt lat="56.9553205557167530059814453125" lon="-5.85260647349059581756591796875">
        <ele>3</ele>
        <time>2025-09-01T15:10:40.000Z</time>
        <extensions>
          <ns3:TrackPointExtension>
            <ns3:hr>77</ns3:hr>
          </ns3:TrackPointExtension>
        </extensions>
      </trkpt>
      <trkpt lat="56.9553024508059024810791015625" lon="-5.8524843491613864898681640625">
        <ele>3.7999999523162841796875</ele>
        <time>2025-09-01T15:10:48.000Z</time>
        <extensions>
          <ns3:TrackPointExtension>
            <ns3:hr>77</ns3:hr>
          </ns3:TrackPointExtension>
        </extensions>
      </trkpt>
      <trkpt lat="56.955246962606906890869140625" lon="-5.85247420705854892730712890625">
        <ele>4.19999980926513671875</ele>
        <time>2025-09-01T15:10:55.000Z</time>
        <extensions>
          <ns3:TrackPointExtension>
            <ns3:hr>77</ns3:hr>
          </ns3:TrackPointExtension>
        </extensions>
      </trkpt>
      <trkpt lat="56.955222152173519134521484375" lon="-5.8525064773857593536376953125">
        <ele>4.19999980926513671875</ele>
        <time>2025-09-01T15:10:58.000Z</time>
        <extensions>
          <ns3:TrackPointExtension>
            <ns3:hr>80</ns3:hr>
          </ns3:TrackPointExtension>
        </extensions>
      </trkpt>
      <trkpt lat="56.95519960485398769378662109375" lon="-5.8525336347520351409912109375">
        <ele>5.400000095367431640625</ele>
        <time>2025-09-01T15:11:03.000Z</time>
        <extensions>
          <ns3:TrackPointExtension>
            <ns3:hr>82</ns3:hr>
          </ns3:TrackPointExtension>
        </extensions>
      </trkpt>
      <trkpt lat="56.9551991857588291168212890625" lon="-5.85253656841814517974853515625">
        <ele>5.80000019073486328125</ele>
        <time>2025-09-01T15:11:04.000Z</time>
        <extensions>
          <ns3:TrackPointExtension>
            <ns3:hr>82</ns3:hr>
          </ns3:TrackPointExtension>
        </extensions>
      </trkpt>
      <trkpt lat="56.955187618732452392578125" lon="-5.85254360921680927276611328125">
        <ele>6.400000095367431640625</ele>
        <time>2025-09-01T15:11:08.000Z</time>
        <extensions>
          <ns3:TrackPointExtension>
            <ns3:hr>81</ns3:hr>
          </ns3:TrackPointExtension>
        </extensions>
      </trkpt>
      <trkpt lat="56.95517957210540771484375" lon="-5.8525384962558746337890625">
        <ele>7</ele>
        <time>2025-09-01T15:11:11.000Z</time>
        <extensions>
          <ns3:TrackPointExtension>
            <ns3:hr>81</ns3:hr>
          </ns3:TrackPointExtension>
        </extensions>
      </trkpt>
      <trkpt lat="56.95516088046133518218994140625" lon="-5.85254344157874584197998046875">
        <ele>7.599999904632568359375</ele>
        <time>2025-09-01T15:11:18.000Z</time>
        <extensions>
          <ns3:TrackPointExtension>
            <ns3:hr>83</ns3:hr>
          </ns3:TrackPointExtension>
        </extensions>
      </trkpt>
      <trkpt lat="56.95514948107302188873291015625" lon="-5.85254897363483905792236328125">
        <ele>8.80000019073486328125</ele>
        <time>2025-09-01T15:11:23.000Z</time>
        <extensions>
          <ns3:TrackPointExtension>
            <ns3:hr>85</ns3:hr>
          </ns3:TrackPointExtension>
        </extensions>
      </trkpt>
      <trkpt lat="56.9551452063024044036865234375" lon="-5.8525500632822513580322265625">
        <ele>9</ele>
        <time>2025-09-01T15:11:24.000Z</time>
        <extensions>
          <ns3:TrackPointExtension>
            <ns3:hr>85</ns3:hr>
          </ns3:TrackPointExtension>
        </extensions>
      </trkpt>
      <trkpt lat="56.9551324658095836639404296875" lon="-5.85256154648959636688232421875">
        <ele>9</ele>
        <time>2025-09-01T15:11:31.000Z</time>
        <extensions>
          <ns3:TrackPointExtension>
            <ns3:hr>88</ns3:hr>
          </ns3:TrackPointExtension>
        </extensions>
      </trkpt>
      <trkpt lat="56.95514671504497528076171875" lon="-5.85258568637073040008544921875">
        <ele>8.6000003814697265625</ele>
        <time>2025-09-01T15:11:36.000Z</time>
        <extensions>
          <ns3:TrackPointExtension>
            <ns3:hr>87</ns3:hr>
          </ns3:TrackPointExtension>
        </extensions>
      </trkpt>
      <trkpt lat="56.95512047968804836273193359375" lon="-5.8526244945824146270751953125">
        <ele>8.6000003814697265625</ele>
        <time>2025-09-01T15:11:42.000Z</time>
        <extensions>
          <ns3:TrackPointExtension>
            <ns3:hr>84</ns3:hr>
          </ns3:TrackPointExtension>
        </extensions>
      </trkpt>
      <trkpt lat="56.95506197400391101837158203125" lon="-5.85266883485019207000732421875">
        <ele>8.80000019073486328125</ele>
        <time>2025-09-01T15:11:50.000Z</time>
        <extensions>
          <ns3:TrackPointExtension>
            <ns3:hr>84</ns3:hr>
          </ns3:TrackPointExtension>
        </extensions>
      </trkpt>
      <trkpt lat="56.9550157897174358367919921875" lon="-5.85270068608224391937255859375">
        <ele>7.80000019073486328125</ele>
        <time>2025-09-01T15:11:54.000Z</time>
        <extensions>
          <ns3:TrackPointExtension>
            <ns3:hr>84</ns3:hr>
          </ns3:TrackPointExtension>
        </extensions>
      </trkpt>
      <trkpt lat="56.9549851119518280029296875" lon="-5.8527183718979358673095703125">
        <ele>6.599999904632568359375</ele>
        <time>2025-09-01T15:11:57.000Z</time>
        <extensions>
          <ns3:TrackPointExtension>
            <ns3:hr>83</ns3:hr>
          </ns3:TrackPointExtension>
        </extensions>
      </trkpt>
      <trkpt lat="56.95497597567737102508544921875" lon="-5.8527210541069507598876953125">
        <ele>6.400000095367431640625</ele>
        <time>2025-09-01T15:11:58.000Z</time>
        <extensions>
          <ns3:TrackPointExtension>
            <ns3:hr>83</ns3:hr>
          </ns3:TrackPointExtension>
        </extensions>
      </trkpt>
      <trkpt lat="56.954887211322784423828125" lon="-5.85270521230995655059814453125">
        <ele>7.599999904632568359375</ele>
        <time>2025-09-01T15:12:07.000Z</time>
        <extensions>
          <ns3:TrackPointExtension>
            <ns3:hr>82</ns3:hr>
          </ns3:TrackPointExtension>
        </extensions>
      </trkpt>
      <trkpt lat="56.9548800028860569000244140625" lon="-5.85269934497773647308349609375">
        <ele>7.80000019073486328125</ele>
        <time>2025-09-01T15:12:08.000Z</time>
        <extensions>
          <ns3:TrackPointExtension>
            <ns3:hr>83</ns3:hr>
          </ns3:TrackPointExtension>
        </extensions>
      </trkpt>
      <trkpt lat="56.954808421432971954345703125" lon="-5.85259423591196537017822265625">
        <ele>7.19999980926513671875</ele>
        <time>2025-09-01T15:12:17.000Z</time>
        <extensions>
          <ns3:TrackPointExtension>
            <ns3:hr>82</ns3:hr>
          </ns3:TrackPointExtension>
        </extensions>
      </trkpt>
      <trkpt lat="56.95474932901561260223388671875" lon="-5.8524726144969463348388671875">
        <ele>7</ele>
        <time>2025-09-01T15:12:26.000Z</time>
        <extensions>
          <ns3:TrackPointExtension>
            <ns3:hr>80</ns3:hr>
          </ns3:TrackPointExtension>
        </extensions>
      </trkpt>
      <trkpt lat="56.95473725907504558563232421875" lon="-5.8524474687874317169189453125">
        <ele>6.599999904632568359375</ele>
        <time>2025-09-01T15:12:28.000Z</time>
        <extensions>
          <ns3:TrackPointExtension>
            <ns3:hr>79</ns3:hr>
          </ns3:TrackPointExtension>
        </extensions>
      </trkpt>
      <trkpt lat="56.9546900689601898193359375" lon="-5.85232685320079326629638671875">
        <ele>6.400000095367431640625</ele>
        <time>2025-09-01T15:12:36.000Z</time>
        <extensions>
          <ns3:TrackPointExtension>
            <ns3:hr>77</ns3:hr>
          </ns3:TrackPointExtension>
        </extensions>
      </trkpt>
      <trkpt lat="56.95464908145368099212646484375" lon="-5.8522499911487102508544921875">
        <ele>7</ele>
        <time>2025-09-01T15:12:43.000Z</time>
        <extensions>
          <ns3:TrackPointExtension>
            <ns3:hr>78</ns3:hr>
          </ns3:TrackPointExtension>
        </extensions>
      </trkpt>
      <trkpt lat="56.95459074340760707855224609375" lon="-5.85223699919879436492919921875">
        <ele>6.80000019073486328125</ele>
        <time>2025-09-01T15:12:50.000Z</time>
        <extensions>
          <ns3:TrackPointExtension>
            <ns3:hr>78</ns3:hr>
          </ns3:TrackPointExtension>
        </extensions>
      </trkpt>
      <trkpt lat="56.9545383565127849578857421875" lon="-5.85221906192600727081298828125">
        <ele>6.599999904632568359375</ele>
        <time>2025-09-01T15:12:57.000Z</time>
        <extensions>
          <ns3:TrackPointExtension>
            <ns3:hr>77</ns3:hr>
          </ns3:TrackPointExtension>
        </extensions>
      </trkpt>
      <trkpt lat="56.9544941000640392303466796875" lon="-5.85221235640347003936767578125">
        <ele>7.599999904632568359375</ele>
        <time>2025-09-01T15:13:04.000Z</time>
        <extensions>
          <ns3:TrackPointExtension>
            <ns3:hr>79</ns3:hr>
          </ns3:TrackPointExtension>
        </extensions>
      </trkpt>
      <trkpt lat="56.9544904120266437530517578125" lon="-5.85220791399478912353515625">
        <ele>8</ele>
        <time>2025-09-01T15:13:05.000Z</time>
        <extensions>
          <ns3:TrackPointExtension>
            <ns3:hr>79</ns3:hr>
          </ns3:TrackPointExtension>
        </extensions>
      </trkpt>
      <trkpt lat="56.95447213947772979736328125" lon="-5.8522023819386959075927734375">
        <ele>7.80000019073486328125</ele>
        <time>2025-09-01T15:13:12.000Z</time>
        <extensions>
          <ns3:TrackPointExtension>
            <ns3:hr>80</ns3:hr>
          </ns3:TrackPointExtension>
        </extensions>
      </trkpt>
      <trkpt lat="56.95440969429910182952880859375" lon="-5.85219291038811206817626953125">
        <ele>6.80000019073486328125</ele>
        <time>2025-09-01T15:13:18.000Z</time>
        <extensions>
          <ns3:TrackPointExtension>
            <ns3:hr>82</ns3:hr>
          </ns3:TrackPointExtension>
        </extensions>
      </trkpt>
      <trkpt lat="56.95439142175018787384033203125" lon="-5.852206908166408538818359375">
        <ele>6.599999904632568359375</ele>
        <time>2025-09-01T15:13:20.000Z</time>
        <extensions>
          <ns3:TrackPointExtension>
            <ns3:hr>82</ns3:hr>
          </ns3:TrackPointExtension>
        </extensions>
      </trkpt>
      <trkpt lat="56.9543428905308246612548828125" lon="-5.8522486500442028045654296875">
        <ele>6.599999904632568359375</ele>
        <time>2025-09-01T15:13:25.000Z</time>
        <extensions>
          <ns3:TrackPointExtension>
            <ns3:hr>83</ns3:hr>
          </ns3:TrackPointExtension>
        </extensions>
      </trkpt>
      <trkpt lat="56.95431246422231197357177734375" lon="-5.8522459678351879119873046875">
        <ele>7</ele>
        <time>2025-09-01T15:13:31.000Z</time>
        <extensions>
          <ns3:TrackPointExtension>
            <ns3:hr>83</ns3:hr>
          </ns3:TrackPointExtension>
        </extensions>
      </trkpt>
      <trkpt lat="56.95430424995720386505126953125" lon="-5.852237083017826080322265625">
        <ele>7</ele>
        <time>2025-09-01T15:13:37.000Z</time>
        <extensions>
          <ns3:TrackPointExtension>
            <ns3:hr>82</ns3:hr>
          </ns3:TrackPointExtension>
        </extensions>
      </trkpt>
      <trkpt lat="56.95426762104034423828125" lon="-5.852212607860565185546875">
        <ele>7.400000095367431640625</ele>
        <time>2025-09-01T15:13:43.000Z</time>
        <extensions>
          <ns3:TrackPointExtension>
            <ns3:hr>81</ns3:hr>
          </ns3:TrackPointExtension>
        </extensions>
      </trkpt>
      <trkpt lat="56.95423208177089691162109375" lon="-5.8521772362291812896728515625">
        <ele>7.599999904632568359375</ele>
        <time>2025-09-01T15:13:50.000Z</time>
        <extensions>
          <ns3:TrackPointExtension>
            <ns3:hr>83</ns3:hr>
          </ns3:TrackPointExtension>
        </extensions>
      </trkpt>
      <trkpt lat="56.95417365990579128265380859375" lon="-5.85216541774570941925048828125">
        <ele>7.400000095367431640625</ele>
        <time>2025-09-01T15:13:57.000Z</time>
        <extensions>
          <ns3:TrackPointExtension>
            <ns3:hr>82</ns3:hr>
          </ns3:TrackPointExtension>
        </extensions>
      </trkpt>
      <trkpt lat="56.95415874011814594268798828125" lon="-5.85215535946190357208251953125">
        <ele>7.599999904632568359375</ele>
        <time>2025-09-01T15:13:59.000Z</time>
        <extensions>
          <ns3:TrackPointExtension>
            <ns3:hr>82</ns3:hr>
          </ns3:TrackPointExtension>
        </extensions>
      </trkpt>
      <trkpt lat="56.95412185974419116973876953125" lon="-5.8521334826946258544921875">
        <ele>8.6000003814697265625</ele>
        <time>2025-09-01T15:14:05.000Z</time>
        <extensions>
          <ns3:TrackPointExtension>
            <ns3:hr>82</ns3:hr>
          </ns3:TrackPointExtension>
        </extensions>
      </trkpt>
      <trkpt lat="56.9540649466216564178466796875" lon="-5.85208143107593059539794921875">
        <ele>9.6000003814697265625</ele>
        <time>2025-09-01T15:14:14.000Z</time>
        <extensions>
          <ns3:TrackPointExtension>
            <ns3:hr>82</ns3:hr>
          </ns3:TrackPointExtension>
        </extensions>
      </trkpt>
      <trkpt lat="56.95401825942099094390869140625" lon="-5.8520605601370334625244140625">
        <ele>9.80000019073486328125</ele>
        <time>2025-09-01T15:14:21.000Z</time>
        <extensions>
          <ns3:TrackPointExtension>
            <ns3:hr>80</ns3:hr>
          </ns3:TrackPointExtension>
        </extensions>
      </trkpt>
      <trkpt lat="56.95401004515588283538818359375" lon="-5.85206433199346065521240234375">
        <ele>9.80000019073486328125</ele>
        <time>2025-09-01T15:14:23.000Z</time>
        <extensions>
          <ns3:TrackPointExtension>
            <ns3:hr>79</ns3:hr>
          </ns3:TrackPointExtension>
        </extensions>
      </trkpt>
      <trkpt lat="56.95397861301898956298828125" lon="-5.8520531840622425079345703125">
        <ele>10.80000019073486328125</ele>
        <time>2025-09-01T15:14:29.000Z</time>
        <extensions>
          <ns3:TrackPointExtension>
            <ns3:hr>77</ns3:hr>
          </ns3:TrackPointExtension>
        </extensions>
      </trkpt>
      <trkpt lat="56.9539725780487060546875" lon="-5.85205142386257648468017578125">
        <ele>11</ele>
        <time>2025-09-01T15:14:30.000Z</time>
        <extensions>
          <ns3:TrackPointExtension>
            <ns3:hr>77</ns3:hr>
          </ns3:TrackPointExtension>
        </extensions>
      </trkpt>
      <trkpt lat="56.95395254530012607574462890625" lon="-5.85205678828060626983642578125">
        <ele>11.19999980926513671875</ele>
        <time>2025-09-01T15:14:36.000Z</time>
        <extensions>
          <ns3:TrackPointExtension>
            <ns3:hr>80</ns3:hr>
          </ns3:TrackPointExtension>
        </extensions>
      </trkpt>
      <trkpt lat="56.953948102891445159912109375" lon="-5.8520545251667499542236328125">
        <ele>11.19999980926513671875</ele>
        <time>2025-09-01T15:14:37.000Z</time>
        <extensions>
          <ns3:TrackPointExtension>
            <ns3:hr>81</ns3:hr>
          </ns3:TrackPointExtension>
        </extensions>
      </trkpt>
      <trkpt lat="56.95391750894486904144287109375" lon="-5.8520246855914592742919921875">
        <ele>9.80000019073486328125</ele>
        <time>2025-09-01T15:14:44.000Z</time>
        <extensions>
          <ns3:TrackPointExtension>
            <ns3:hr>81</ns3:hr>
          </ns3:TrackPointExtension>
        </extensions>
      </trkpt>
      <trkpt lat="56.95390996523201465606689453125" lon="-5.85202778689563274383544921875">
        <ele>9.6000003814697265625</ele>
        <time>2025-09-01T15:14:45.000Z</time>
        <extensions>
          <ns3:TrackPointExtension>
            <ns3:hr>81</ns3:hr>
          </ns3:TrackPointExtension>
        </extensions>
      </trkpt>
      <trkpt lat="56.9538882561028003692626953125" lon="-5.8520206622779369354248046875">
        <ele>8.80000019073486328125</ele>
        <time>2025-09-01T15:14:49.000Z</time>
        <extensions>
          <ns3:TrackPointExtension>
            <ns3:hr>80</ns3:hr>
          </ns3:TrackPointExtension>
        </extensions>
      </trkpt>
      <trkpt lat="56.9538792036473751068115234375" lon="-5.85201990790665149688720703125">
        <ele>8.80000019073486328125</ele>
        <time>2025-09-01T15:14:51.000Z</time>
        <extensions>
          <ns3:TrackPointExtension>
            <ns3:hr>80</ns3:hr>
          </ns3:TrackPointExtension>
        </extensions>
      </trkpt>
      <trkpt lat="56.9538490287959575653076171875" lon="-5.85201345384120941162109375">
        <ele>7.599999904632568359375</ele>
        <time>2025-09-01T15:14:54.000Z</time>
        <extensions>
          <ns3:TrackPointExtension>
            <ns3:hr>80</ns3:hr>
          </ns3:TrackPointExtension>
        </extensions>
      </trkpt>
      <trkpt lat="56.95381633937358856201171875" lon="-5.85200046189129352569580078125">
        <ele>6.599999904632568359375</ele>
        <time>2025-09-01T15:14:58.000Z</time>
        <extensions>
          <ns3:TrackPointExtension>
            <ns3:hr>82</ns3:hr>
          </ns3:TrackPointExtension>
        </extensions>
      </trkpt>
      <trkpt lat="56.95380452089011669158935546875" lon="-5.8520018868148326873779296875">
        <ele>6.400000095367431640625</ele>
        <time>2025-09-01T15:14:59.000Z</time>
        <extensions>
          <ns3:TrackPointExtension>
            <ns3:hr>81</ns3:hr>
          </ns3:TrackPointExtension>
        </extensions>
      </trkpt>
      <trkpt lat="56.9537861645221710205078125" lon="-5.85198604501783847808837890625">
        <ele>5.599999904632568359375</ele>
        <time>2025-09-01T15:15:03.000Z</time>
        <extensions>
          <ns3:TrackPointExtension>
            <ns3:hr>81</ns3:hr>
          </ns3:TrackPointExtension>
        </extensions>
      </trkpt>
      <trkpt lat="56.9537772797048091888427734375" lon="-5.85198453627526760101318359375">
        <ele>5.599999904632568359375</ele>
        <time>2025-09-01T15:15:04.000Z</time>
        <extensions>
          <ns3:TrackPointExtension>
            <ns3:hr>80</ns3:hr>
          </ns3:TrackPointExtension>
        </extensions>
      </trkpt>
      <trkpt lat="56.9537618570029735565185546875" lon="-5.851952098309993743896484375">
        <ele>5.599999904632568359375</ele>
        <time>2025-09-01T15:15:10.000Z</time>
        <extensions>
          <ns3:TrackPointExtension>
            <ns3:hr>80</ns3:hr>
          </ns3:TrackPointExtension>
        </extensions>
      </trkpt>
      <trkpt lat="56.9537611864507198333740234375" lon="-5.85195310413837432861328125">
        <ele>5.400000095367431640625</ele>
        <time>2025-09-01T15:15:11.000Z</time>
        <extensions>
          <ns3:TrackPointExtension>
            <ns3:hr>80</ns3:hr>
          </ns3:TrackPointExtension>
        </extensions>
      </trkpt>
      <trkpt lat="56.95373076014220714569091796875" lon="-5.851902477443218231201171875">
        <ele>5.19999980926513671875</ele>
        <time>2025-09-01T15:15:18.000Z</time>
        <extensions>
          <ns3:TrackPointExtension>
            <ns3:hr>78</ns3:hr>
          </ns3:TrackPointExtension>
        </extensions>
      </trkpt>
      <trkpt lat="56.9537058658897876739501953125" lon="-5.8518759906291961669921875">
        <ele>5.19999980926513671875</ele>
        <time>2025-09-01T15:15:23.000Z</time>
        <extensions>
          <ns3:TrackPointExtension>
            <ns3:hr>79</ns3:hr>
          </ns3:TrackPointExtension>
        </extensions>
      </trkpt>
      <trkpt lat="56.9536837376654148101806640625" lon="-5.85183567367494106292724609375">
        <ele>4.80000019073486328125</ele>
        <time>2025-09-01T15:15:30.000Z</time>
        <extensions>
          <ns3:TrackPointExtension>
            <ns3:hr>79</ns3:hr>
          </ns3:TrackPointExtension>
        </extensions>
      </trkpt>
      <trkpt lat="56.95366370491683483123779296875" lon="-5.8517968654632568359375">
        <ele>4.599999904632568359375</ele>
        <time>2025-09-01T15:15:37.000Z</time>
        <extensions>
          <ns3:TrackPointExtension>
            <ns3:hr>80</ns3:hr>
          </ns3:TrackPointExtension>
        </extensions>
      </trkpt>
      <trkpt lat="56.953675858676433563232421875" lon="-5.8517579734325408935546875">
        <ele>5.400000095367431640625</ele>
        <time>2025-09-01T15:15:43.000Z</time>
        <extensions>
          <ns3:TrackPointExtension>
            <ns3:hr>79</ns3:hr>
          </ns3:TrackPointExtension>
        </extensions>
      </trkpt>
      <trkpt lat="56.95369689725339412689208984375" lon="-5.851682536303997039794921875">
        <ele>5.80000019073486328125</ele>
        <time>2025-09-01T15:15:52.000Z</time>
        <extensions>
          <ns3:TrackPointExtension>
            <ns3:hr>78</ns3:hr>
          </ns3:TrackPointExtension>
        </extensions>
      </trkpt>
      <trkpt lat="56.95371516980230808258056640625" lon="-5.8515985496342182159423828125">
        <ele>6.19999980926513671875</ele>
        <time>2025-09-01T15:16:01.000Z</time>
        <extensions>
          <ns3:TrackPointExtension>
            <ns3:hr>78</ns3:hr>
          </ns3:TrackPointExtension>
        </extensions>
      </trkpt>
      <trkpt lat="56.953719444572925567626953125" lon="-5.85156041197478771209716796875">
        <ele>6</ele>
        <time>2025-09-01T15:16:08.000Z</time>
        <extensions>
          <ns3:TrackPointExtension>
            <ns3:hr>78</ns3:hr>
          </ns3:TrackPointExtension>
        </extensions>
      </trkpt>
      <trkpt lat="56.9537129066884517669677734375" lon="-5.8514718152582645416259765625">
        <ele>6</ele>
        <time>2025-09-01T15:16:15.000Z</time>
        <extensions>
          <ns3:TrackPointExtension>
            <ns3:hr>78</ns3:hr>
          </ns3:TrackPointExtension>
        </extensions>
      </trkpt>
      <trkpt lat="56.95371684618294239044189453125" lon="-5.8514092862606048583984375">
        <ele>5.80000019073486328125</ele>
        <time>2025-09-01T15:16:20.000Z</time>
        <extensions>
          <ns3:TrackPointExtension>
            <ns3:hr>81</ns3:hr>
          </ns3:TrackPointExtension>
        </extensions>
      </trkpt>
      <trkpt lat="56.9537112303078174591064453125" lon="-5.8513859845697879791259765625">
        <ele>6</ele>
        <time>2025-09-01T15:16:22.000Z</time>
        <extensions>
          <ns3:TrackPointExtension>
            <ns3:hr>82</ns3:hr>
          </ns3:TrackPointExtension>
        </extensions>
      </trkpt>
      <trkpt lat="56.95369237102568149566650390625" lon="-5.8513648621737957000732421875">
        <ele>6.19999980926513671875</ele>
        <time>2025-09-01T15:16:26.000Z</time>
        <extensions>
          <ns3:TrackPointExtension>
            <ns3:hr>85</ns3:hr>
          </ns3:TrackPointExtension>
        </extensions>
      </trkpt>
      <trkpt lat="56.95366973988711833953857421875" lon="-5.8513259701430797576904296875">
        <ele>6</ele>
        <time>2025-09-01T15:16:29.000Z</time>
        <extensions>
          <ns3:TrackPointExtension>
            <ns3:hr>86</ns3:hr>
          </ns3:TrackPointExtension>
        </extensions>
      </trkpt>
      <trkpt lat="56.95361592806875705718994140625" lon="-5.85127408616244792938232421875">
        <ele>5.599999904632568359375</ele>
        <time>2025-09-01T15:16:37.000Z</time>
        <extensions>
          <ns3:TrackPointExtension>
            <ns3:hr>85</ns3:hr>
          </ns3:TrackPointExtension>
        </extensions>
      </trkpt>
      <trkpt lat="56.95360578596591949462890625" lon="-5.85119806230068206787109375">
        <ele>5.80000019073486328125</ele>
        <time>2025-09-01T15:16:43.000Z</time>
        <extensions>
          <ns3:TrackPointExtension>
            <ns3:hr>83</ns3:hr>
          </ns3:TrackPointExtension>
        </extensions>
      </trkpt>
      <trkpt lat="56.9535670615732669830322265625" lon="-5.8512049354612827301025390625">
        <ele>5.80000019073486328125</ele>
        <time>2025-09-01T15:16:49.000Z</time>
        <extensions>
          <ns3:TrackPointExtension>
            <ns3:hr>83</ns3:hr>
          </ns3:TrackPointExtension>
        </extensions>
      </trkpt>
      <trkpt lat="56.95354082621634006500244140625" lon="-5.85121256299316883087158203125">
        <ele>6</ele>
        <time>2025-09-01T15:16:53.000Z</time>
        <extensions>
          <ns3:TrackPointExtension>
            <ns3:hr>86</ns3:hr>
          </ns3:TrackPointExtension>
        </extensions>
      </trkpt>
      <trkpt lat="56.95350813679397106170654296875" lon="-5.85123050026595592498779296875">
        <ele>5.80000019073486328125</ele>
        <time>2025-09-01T15:16:57.000Z</time>
        <extensions>
          <ns3:TrackPointExtension>
            <ns3:hr>86</ns3:hr>
          </ns3:TrackPointExtension>
        </extensions>
      </trkpt>
      <trkpt lat="56.9534560851752758026123046875" lon="-5.8511693961918354034423828125">
        <ele>6.400000095367431640625</ele>
        <time>2025-09-01T15:17:05.000Z</time>
        <extensions>
          <ns3:TrackPointExtension>
            <ns3:hr>86</ns3:hr>
          </ns3:TrackPointExtension>
        </extensions>
      </trkpt>
      <trkpt lat="56.95345315150916576385498046875" lon="-5.85115514695644378662109375">
        <ele>6.599999904632568359375</ele>
        <time>2025-09-01T15:17:06.000Z</time>
        <extensions>
          <ns3:TrackPointExtension>
            <ns3:hr>85</ns3:hr>
          </ns3:TrackPointExtension>
        </extensions>
      </trkpt>
      <trkpt lat="56.95343990810215473175048828125" lon="-5.851112902164459228515625">
        <ele>6.19999980926513671875</ele>
        <time>2025-09-01T15:17:12.000Z</time>
        <extensions>
          <ns3:TrackPointExtension>
            <ns3:hr>84</ns3:hr>
          </ns3:TrackPointExtension>
        </extensions>
      </trkpt>
      <trkpt lat="56.95341023616492748260498046875" lon="-5.8510946296155452728271484375">
        <ele>6.19999980926513671875</ele>
        <time>2025-09-01T15:17:18.000Z</time>
        <extensions>
          <ns3:TrackPointExtension>
            <ns3:hr>82</ns3:hr>
          </ns3:TrackPointExtension>
        </extensions>
      </trkpt>
      <trkpt lat="56.95337050594389438629150390625" lon="-5.85105012170970439910888671875">
        <ele>5.80000019073486328125</ele>
        <time>2025-09-01T15:17:25.000Z</time>
        <extensions>
          <ns3:TrackPointExtension>
            <ns3:hr>82</ns3:hr>
          </ns3:TrackPointExtension>
        </extensions>
      </trkpt>
      <trkpt lat="56.9533508084714412689208984375" lon="-5.8510020934045314788818359375">
        <ele>5.400000095367431640625</ele>
        <time>2025-09-01T15:17:30.000Z</time>
        <extensions>
          <ns3:TrackPointExtension>
            <ns3:hr>81</ns3:hr>
          </ns3:TrackPointExtension>
        </extensions>
      </trkpt>
      <trkpt lat="56.95333697833120822906494140625" lon="-5.85099161602556705474853515625">
        <ele>5.19999980926513671875</ele>
        <time>2025-09-01T15:17:32.000Z</time>
        <extensions>
          <ns3:TrackPointExtension>
            <ns3:hr>82</ns3:hr>
          </ns3:TrackPointExtension>
        </extensions>
      </trkpt>
      <trkpt lat="56.95329104550182819366455078125" lon="-5.8509464375674724578857421875">
        <ele>5.400000095367431640625</ele>
        <time>2025-09-01T15:17:38.000Z</time>
        <extensions>
          <ns3:TrackPointExtension>
            <ns3:hr>79</ns3:hr>
          </ns3:TrackPointExtension>
        </extensions>
      </trkpt>
      <trkpt lat="56.9532747007906436920166015625" lon="-5.850919447839260101318359375">
        <ele>5.599999904632568359375</ele>
        <time>2025-09-01T15:17:41.000Z</time>
        <extensions>
          <ns3:TrackPointExtension>
            <ns3:hr>79</ns3:hr>
          </ns3:TrackPointExtension>
        </extensions>
      </trkpt>
      <trkpt lat="56.953217200934886932373046875" lon="-5.85084593854844570159912109375">
        <ele>5.19999980926513671875</ele>
        <time>2025-09-01T15:17:51.000Z</time>
        <extensions>
          <ns3:TrackPointExtension>
            <ns3:hr>77</ns3:hr>
          </ns3:TrackPointExtension>
        </extensions>
      </trkpt>
      <trkpt lat="56.9531741179525852203369140625" lon="-5.850800760090351104736328125">
        <ele>6</ele>
        <time>2025-09-01T15:17:58.000Z</time>
        <extensions>
          <ns3:TrackPointExtension>
            <ns3:hr>79</ns3:hr>
          </ns3:TrackPointExtension>
        </extensions>
      </trkpt>
      <trkpt lat="56.95311670191586017608642578125" lon="-5.85084912367165088653564453125">
        <ele>6.400000095367431640625</ele>
        <time>2025-09-01T15:18:06.000Z</time>
        <extensions>
          <ns3:TrackPointExtension>
            <ns3:hr>79</ns3:hr>
          </ns3:TrackPointExtension>
        </extensions>
      </trkpt>
      <trkpt lat="56.9530953280627727508544921875" lon="-5.85084761492908000946044921875">
        <ele>4.400000095367431640625</ele>
        <time>2025-09-01T15:18:10.000Z</time>
        <extensions>
          <ns3:TrackPointExtension>
            <ns3:hr>79</ns3:hr>
          </ns3:TrackPointExtension>
        </extensions>
      </trkpt>
      <trkpt lat="56.9530859403312206268310546875" lon="-5.85087343119084835052490234375">
        <ele>3.599999904632568359375</ele>
        <time>2025-09-01T15:18:12.000Z</time>
        <extensions>
          <ns3:TrackPointExtension>
            <ns3:hr>80</ns3:hr>
          </ns3:TrackPointExtension>
        </extensions>
      </trkpt>
      <trkpt lat="56.95308275520801544189453125" lon="-5.85088365711271762847900390625">
        <ele>3.400000095367431640625</ele>
        <time>2025-09-01T15:18:13.000Z</time>
        <extensions>
          <ns3:TrackPointExtension>
            <ns3:hr>80</ns3:hr>
          </ns3:TrackPointExtension>
        </extensions>
      </trkpt>
      <trkpt lat="56.95306641049683094024658203125" lon="-5.8508887700736522674560546875">
        <ele>3.2000000476837158203125</ele>
        <time>2025-09-01T15:18:19.000Z</time>
        <extensions>
          <ns3:TrackPointExtension>
            <ns3:hr>80</ns3:hr>
          </ns3:TrackPointExtension>
        </extensions>
      </trkpt>
      <trkpt lat="56.953002624213695526123046875" lon="-5.8508756943047046661376953125">
        <ele>2.599999904632568359375</ele>
        <time>2025-09-01T15:18:27.000Z</time>
        <extensions>
          <ns3:TrackPointExtension>
            <ns3:hr>81</ns3:hr>
          </ns3:TrackPointExtension>
        </extensions>
      </trkpt>
      <trkpt lat="56.9529426097869873046875" lon="-5.8508542366325855255126953125">
        <ele>2.599999904632568359375</ele>
        <time>2025-09-01T15:18:34.000Z</time>
        <extensions>
          <ns3:TrackPointExtension>
            <ns3:hr>81</ns3:hr>
          </ns3:TrackPointExtension>
        </extensions>
      </trkpt>
      <trkpt lat="56.952878572046756744384765625" lon="-5.85083001293241977691650390625">
        <ele>2.2000000476837158203125</ele>
        <time>2025-09-01T15:18:42.000Z</time>
        <extensions>
          <ns3:TrackPointExtension>
            <ns3:hr>82</ns3:hr>
          </ns3:TrackPointExtension>
        </extensions>
      </trkpt>
      <trkpt lat="56.9528039731085300445556640625" lon="-5.85079883225262165069580078125">
        <ele>2.2000000476837158203125</ele>
        <time>2025-09-01T15:18:51.000Z</time>
        <extensions>
          <ns3:TrackPointExtension>
            <ns3:hr>83</ns3:hr>
          </ns3:TrackPointExtension>
        </extensions>
      </trkpt>
      <trkpt lat="56.95269291289150714874267578125" lon="-5.850773267447948455810546875">
        <ele>3.2000000476837158203125</ele>
        <time>2025-09-01T15:19:02.000Z</time>
        <extensions>
          <ns3:TrackPointExtension>
            <ns3:hr>83</ns3:hr>
          </ns3:TrackPointExtension>
        </extensions>
      </trkpt>
      <trkpt lat="56.9526836089789867401123046875" lon="-5.85077234543859958648681640625">
        <ele>3.599999904632568359375</ele>
        <time>2025-09-01T15:19:03.000Z</time>
        <extensions>
          <ns3:TrackPointExtension>
            <ns3:hr>83</ns3:hr>
          </ns3:TrackPointExtension>
        </extensions>
      </trkpt>
      <trkpt lat="56.9526232592761516571044921875" lon="-5.85076614283025264739990234375">
        <ele>2.599999904632568359375</ele>
        <time>2025-09-01T15:19:09.000Z</time>
        <extensions>
          <ns3:TrackPointExtension>
            <ns3:hr>82</ns3:hr>
          </ns3:TrackPointExtension>
        </extensions>
      </trkpt>
      <trkpt lat="56.95259467698633670806884765625" lon="-5.85076077841222286224365234375">
        <ele>2.400000095367431640625</ele>
        <time>2025-09-01T15:19:12.000Z</time>
        <extensions>
          <ns3:TrackPointExtension>
            <ns3:hr>82</ns3:hr>
          </ns3:TrackPointExtension>
        </extensions>
      </trkpt>
      <trkpt lat="56.9524878077208995819091796875" lon="-5.85074736736714839935302734375">
        <ele>3.2000000476837158203125</ele>
        <time>2025-09-01T15:19:22.000Z</time>
        <extensions>
          <ns3:TrackPointExtension>
            <ns3:hr>80</ns3:hr>
          </ns3:TrackPointExtension>
        </extensions>
      </trkpt>
      <trkpt lat="56.95240013301372528076171875" lon="-5.8507767878472805023193359375">
        <ele>3.400000095367431640625</ele>
        <time>2025-09-01T15:19:32.000Z</time>
        <extensions>
          <ns3:TrackPointExtension>
            <ns3:hr>79</ns3:hr>
          </ns3:TrackPointExtension>
        </extensions>
      </trkpt>
      <trkpt lat="56.95234690792858600616455078125" lon="-5.85079648531973361968994140625">
        <ele>3.599999904632568359375</ele>
        <time>2025-09-01T15:19:39.000Z</time>
        <extensions>
          <ns3:TrackPointExtension>
            <ns3:hr>79</ns3:hr>
          </ns3:TrackPointExtension>
        </extensions>
      </trkpt>
      <trkpt lat="56.95233500562608242034912109375" lon="-5.850796066224575042724609375">
        <ele>3.599999904632568359375</ele>
        <time>2025-09-01T15:19:41.000Z</time>
        <extensions>
          <ns3:TrackPointExtension>
            <ns3:hr>79</ns3:hr>
          </ns3:TrackPointExtension>
        </extensions>
      </trkpt>
      <trkpt lat="56.952300556004047393798828125" lon="-5.8508103154599666595458984375">
        <ele>4.400000095367431640625</ele>
        <time>2025-09-01T15:19:47.000Z</time>
        <extensions>
          <ns3:TrackPointExtension>
            <ns3:hr>79</ns3:hr>
          </ns3:TrackPointExtension>
        </extensions>
      </trkpt>
      <trkpt lat="56.95230357348918914794921875" lon="-5.8508835732936859130859375">
        <ele>4.599999904632568359375</ele>
        <time>2025-09-01T15:19:53.000Z</time>
        <extensions>
          <ns3:TrackPointExtension>
            <ns3:hr>83</ns3:hr>
          </ns3:TrackPointExtension>
        </extensions>
      </trkpt>
      <trkpt lat="56.9523007236421108245849609375" lon="-5.85092305205762386322021484375">
        <ele>4.400000095367431640625</ele>
        <time>2025-09-01T15:19:55.000Z</time>
        <extensions>
          <ns3:TrackPointExtension>
            <ns3:hr>84</ns3:hr>
          </ns3:TrackPointExtension>
        </extensions>
      </trkpt>
      <trkpt lat="56.95229628123342990875244140625" lon="-5.8510047756135463714599609375">
        <ele>4.599999904632568359375</ele>
        <time>2025-09-01T15:20:01.000Z</time>
        <extensions>
          <ns3:TrackPointExtension>
            <ns3:hr>84</ns3:hr>
          </ns3:TrackPointExtension>
        </extensions>
      </trkpt>
      <trkpt lat="56.95230131037533283233642578125" lon="-5.85101877339184284210205078125">
        <ele>5</ele>
        <time>2025-09-01T15:20:02.000Z</time>
        <extensions>
          <ns3:TrackPointExtension>
            <ns3:hr>83</ns3:hr>
          </ns3:TrackPointExtension>
        </extensions>
      </trkpt>
      <trkpt lat="56.9522812776267528533935546875" lon="-5.8511231280863285064697265625">
        <ele>5.400000095367431640625</ele>
        <time>2025-09-01T15:20:09.000Z</time>
        <extensions>
          <ns3:TrackPointExtension>
            <ns3:hr>82</ns3:hr>
          </ns3:TrackPointExtension>
        </extensions>
      </trkpt>
      <trkpt lat="56.952269375324249267578125" lon="-5.851148106157779693603515625">
        <ele>5.80000019073486328125</ele>
        <time>2025-09-01T15:20:11.000Z</time>
        <extensions>
          <ns3:TrackPointExtension>
            <ns3:hr>82</ns3:hr>
          </ns3:TrackPointExtension>
        </extensions>
      </trkpt>
      <trkpt lat="56.95223207585513591766357421875" lon="-5.8511973917484283447265625">
        <ele>6.400000095367431640625</ele>
        <time>2025-09-01T15:20:18.000Z</time>
        <extensions>
          <ns3:TrackPointExtension>
            <ns3:hr>82</ns3:hr>
          </ns3:TrackPointExtension>
        </extensions>
      </trkpt>
      <trkpt lat="56.9521672837436199188232421875" lon="-5.85124743171036243438720703125">
        <ele>7</ele>
        <time>2025-09-01T15:20:26.000Z</time>
        <extensions>
          <ns3:TrackPointExtension>
            <ns3:hr>82</ns3:hr>
          </ns3:TrackPointExtension>
        </extensions>
      </trkpt>
      <trkpt lat="56.9521169923245906829833984375" lon="-5.85127006284892559051513671875">
        <ele>6</ele>
        <time>2025-09-01T15:20:34.000Z</time>
        <extensions>
          <ns3:TrackPointExtension>
            <ns3:hr>82</ns3:hr>
          </ns3:TrackPointExtension>
        </extensions>
      </trkpt>
      <trkpt lat="56.9521143101155757904052734375" lon="-5.85128045640885829925537109375">
        <ele>5.80000019073486328125</ele>
        <time>2025-09-01T15:20:35.000Z</time>
        <extensions>
          <ns3:TrackPointExtension>
            <ns3:hr>81</ns3:hr>
          </ns3:TrackPointExtension>
        </extensions>
      </trkpt>
      <trkpt lat="56.95207449607551097869873046875" lon="-5.8513457514345645904541015625">
        <ele>5.80000019073486328125</ele>
        <time>2025-09-01T15:20:41.000Z</time>
        <extensions>
          <ns3:TrackPointExtension>
            <ns3:hr>83</ns3:hr>
          </ns3:TrackPointExtension>
        </extensions>
      </trkpt>
      <trkpt lat="56.9520455785095691680908203125" lon="-5.851362682878971099853515625">
        <ele>5.80000019073486328125</ele>
        <time>2025-09-01T15:20:49.000Z</time>
        <extensions>
          <ns3:TrackPointExtension>
            <ns3:hr>84</ns3:hr>
          </ns3:TrackPointExtension>
        </extensions>
      </trkpt>
      <trkpt lat="56.95204582996666431427001953125" lon="-5.85127995349466800689697265625">
        <ele>6.400000095367431640625</ele>
        <time>2025-09-01T15:20:56.000Z</time>
        <extensions>
          <ns3:TrackPointExtension>
            <ns3:hr>81</ns3:hr>
          </ns3:TrackPointExtension>
        </extensions>
      </trkpt>
      <trkpt lat="56.952033005654811859130859375" lon="-5.851264111697673797607421875">
        <ele>7</ele>
        <time>2025-09-01T15:20:58.000Z</time>
        <extensions>
          <ns3:TrackPointExtension>
            <ns3:hr>81</ns3:hr>
          </ns3:TrackPointExtension>
        </extensions>
      </trkpt>
      <trkpt lat="56.9519996456801891326904296875" lon="-5.85123837925493717193603515625">
        <ele>8</ele>
        <time>2025-09-01T15:21:02.000Z</time>
        <extensions>
          <ns3:TrackPointExtension>
            <ns3:hr>81</ns3:hr>
          </ns3:TrackPointExtension>
        </extensions>
      </trkpt>
      <trkpt lat="56.9519756734371185302734375" lon="-5.85121172480285167694091796875">
        <ele>8</ele>
        <time>2025-09-01T15:21:05.000Z</time>
        <extensions>
          <ns3:TrackPointExtension>
            <ns3:hr>80</ns3:hr>
          </ns3:TrackPointExtension>
        </extensions>
      </trkpt>
      <trkpt lat="56.95190954022109508514404296875" lon="-5.85117417387664318084716796875">
        <ele>9</ele>
        <time>2025-09-01T15:21:13.000Z</time>
        <extensions>
          <ns3:TrackPointExtension>
            <ns3:hr>80</ns3:hr>
          </ns3:TrackPointExtension>
        </extensions>
      </trkpt>
      <trkpt lat="56.95187433622777462005615234375" lon="-5.85117450915277004241943359375">
        <ele>8.3999996185302734375</ele>
        <time>2025-09-01T15:21:20.000Z</time>
        <extensions>
          <ns3:TrackPointExtension>
            <ns3:hr>82</ns3:hr>
          </ns3:TrackPointExtension>
        </extensions>
      </trkpt>
      <trkpt lat="56.9518541358411312103271484375" lon="-5.851182974874973297119140625">
        <ele>9.19999980926513671875</ele>
        <time>2025-09-01T15:21:24.000Z</time>
        <extensions>
          <ns3:TrackPointExtension>
            <ns3:hr>83</ns3:hr>
          </ns3:TrackPointExtension>
        </extensions>
      </trkpt>
      <trkpt lat="56.95183678530156612396240234375" lon="-5.85119395516812801361083984375">
        <ele>9.3999996185302734375</ele>
        <time>2025-09-01T15:21:26.000Z</time>
        <extensions>
          <ns3:TrackPointExtension>
            <ns3:hr>83</ns3:hr>
          </ns3:TrackPointExtension>
        </extensions>
      </trkpt>
      <trkpt lat="56.95177383720874786376953125" lon="-5.85131214000284671783447265625">
        <ele>10.19999980926513671875</ele>
        <time>2025-09-01T15:21:35.000Z</time>
        <extensions>
          <ns3:TrackPointExtension>
            <ns3:hr>83</ns3:hr>
          </ns3:TrackPointExtension>
        </extensions>
      </trkpt>
      <trkpt lat="56.951717175543308258056640625" lon="-5.851358659565448760986328125">
        <ele>8.80000019073486328125</ele>
        <time>2025-09-01T15:21:43.000Z</time>
        <extensions>
          <ns3:TrackPointExtension>
            <ns3:hr>82</ns3:hr>
          </ns3:TrackPointExtension>
        </extensions>
      </trkpt>
      <trkpt lat="56.951691694557666778564453125" lon="-5.85136167705059051513671875">
        <ele>8</ele>
        <time>2025-09-01T15:21:46.000Z</time>
        <extensions>
          <ns3:TrackPointExtension>
            <ns3:hr>83</ns3:hr>
          </ns3:TrackPointExtension>
        </extensions>
      </trkpt>
      <trkpt lat="56.95166654884815216064453125" lon="-5.851366035640239715576171875">
        <ele>7</ele>
        <time>2025-09-01T15:21:49.000Z</time>
        <extensions>
          <ns3:TrackPointExtension>
            <ns3:hr>82</ns3:hr>
          </ns3:TrackPointExtension>
        </extensions>
      </trkpt>
      <trkpt lat="56.95163905620574951171875" lon="-5.851374082267284393310546875">
        <ele>6</ele>
        <time>2025-09-01T15:21:53.000Z</time>
        <extensions>
          <ns3:TrackPointExtension>
            <ns3:hr>83</ns3:hr>
          </ns3:TrackPointExtension>
        </extensions>
      </trkpt>
      <trkpt lat="56.95162438787519931793212890625" lon="-5.85137399844825267791748046875">
        <ele>6</ele>
        <time>2025-09-01T15:21:55.000Z</time>
        <extensions>
          <ns3:TrackPointExtension>
            <ns3:hr>84</ns3:hr>
          </ns3:TrackPointExtension>
        </extensions>
      </trkpt>
      <trkpt lat="56.95159086026251316070556640625" lon="-5.851386487483978271484375">
        <ele>4.80000019073486328125</ele>
        <time>2025-09-01T15:22:00.000Z</time>
        <extensions>
          <ns3:TrackPointExtension>
            <ns3:hr>84</ns3:hr>
          </ns3:TrackPointExtension>
        </extensions>
      </trkpt>
      <trkpt lat="56.95159278810024261474609375" lon="-5.85139495320618152618408203125">
        <ele>4.599999904632568359375</ele>
        <time>2025-09-01T15:22:01.000Z</time>
        <extensions>
          <ns3:TrackPointExtension>
            <ns3:hr>84</ns3:hr>
          </ns3:TrackPointExtension>
        </extensions>
      </trkpt>
      <trkpt lat="56.95163159631192684173583984375" lon="-5.851473324000835418701171875">
        <ele>3.599999904632568359375</ele>
        <time>2025-09-01T15:22:08.000Z</time>
        <extensions>
          <ns3:TrackPointExtension>
            <ns3:hr>85</ns3:hr>
          </ns3:TrackPointExtension>
        </extensions>
      </trkpt>
      <trkpt lat="56.95163712836802005767822265625" lon="-5.85156829096376895904541015625">
        <ele>3</ele>
        <time>2025-09-01T15:22:13.000Z</time>
        <extensions>
          <ns3:TrackPointExtension>
            <ns3:hr>82</ns3:hr>
          </ns3:TrackPointExtension>
        </extensions>
      </trkpt>
      <trkpt lat="56.951634027063846588134765625" lon="-5.851601399481296539306640625">
        <ele>3</ele>
        <time>2025-09-01T15:22:15.000Z</time>
        <extensions>
          <ns3:TrackPointExtension>
            <ns3:hr>81</ns3:hr>
          </ns3:TrackPointExtension>
        </extensions>
      </trkpt>
      <trkpt lat="56.9516224600374698638916015625" lon="-5.85177197121083736419677734375">
        <ele>3.2000000476837158203125</ele>
        <time>2025-09-01T15:22:24.000Z</time>
        <extensions>
          <ns3:TrackPointExtension>
            <ns3:hr>80</ns3:hr>
          </ns3:TrackPointExtension>
        </extensions>
      </trkpt>
      <trkpt lat="56.95159253664314746856689453125" lon="-5.85191010497510433197021484375">
        <ele>3.2000000476837158203125</ele>
        <time>2025-09-01T15:22:32.000Z</time>
        <extensions>
          <ns3:TrackPointExtension>
            <ns3:hr>79</ns3:hr>
          </ns3:TrackPointExtension>
        </extensions>
      </trkpt>
      <trkpt lat="56.95157141424715518951416015625" lon="-5.8520280383527278900146484375">
        <ele>3.400000095367431640625</ele>
        <time>2025-09-01T15:22:39.000Z</time>
        <extensions>
          <ns3:TrackPointExtension>
            <ns3:hr>76</ns3:hr>
          </ns3:TrackPointExtension>
        </extensions>
      </trkpt>
      <trkpt lat="56.951569654047489166259765625" lon="-5.852043293416500091552734375">
        <ele>3.400000095367431640625</ele>
        <time>2025-09-01T15:22:40.000Z</time>
        <extensions>
          <ns3:TrackPointExtension>
            <ns3:hr>77</ns3:hr>
          </ns3:TrackPointExtension>
        </extensions>
      </trkpt>
      <trkpt lat="56.9515456818044185638427734375" lon="-5.8521980233490467071533203125">
        <ele>3.7999999523162841796875</ele>
        <time>2025-09-01T15:22:49.000Z</time>
        <extensions>
          <ns3:TrackPointExtension>
            <ns3:hr>78</ns3:hr>
          </ns3:TrackPointExtension>
        </extensions>
      </trkpt>
      <trkpt lat="56.95154492743313312530517578125" lon="-5.852357447147369384765625">
        <ele>3.7999999523162841796875</ele>
        <time>2025-09-01T15:22:58.000Z</time>
        <extensions>
          <ns3:TrackPointExtension>
            <ns3:hr>78</ns3:hr>
          </ns3:TrackPointExtension>
        </extensions>
      </trkpt>
      <trkpt lat="56.951495893299579620361328125" lon="-5.85250563919544219970703125">
        <ele>4.400000095367431640625</ele>
        <time>2025-09-01T15:23:07.000Z</time>
        <extensions>
          <ns3:TrackPointExtension>
            <ns3:hr>77</ns3:hr>
          </ns3:TrackPointExtension>
        </extensions>
      </trkpt>
      <trkpt lat="56.95143931545317173004150390625" lon="-5.85262231528759002685546875">
        <ele>3.2000000476837158203125</ele>
        <time>2025-09-01T15:23:16.000Z</time>
        <extensions>
          <ns3:TrackPointExtension>
            <ns3:hr>77</ns3:hr>
          </ns3:TrackPointExtension>
        </extensions>
      </trkpt>
      <trkpt lat="56.95140729658305644989013671875" lon="-5.8527327887713909149169921875">
        <ele>2.599999904632568359375</ele>
        <time>2025-09-01T15:23:23.000Z</time>
        <extensions>
          <ns3:TrackPointExtension>
            <ns3:hr>77</ns3:hr>
          </ns3:TrackPointExtension>
        </extensions>
      </trkpt>
      <trkpt lat="56.9513971544802188873291015625" lon="-5.852765478193759918212890625">
        <ele>2.599999904632568359375</ele>
        <time>2025-09-01T15:23:25.000Z</time>
        <extensions>
          <ns3:TrackPointExtension>
            <ns3:hr>77</ns3:hr>
          </ns3:TrackPointExtension>
        </extensions>
      </trkpt>
      <trkpt lat="56.95137494243681430816650390625" lon="-5.8529041148722171783447265625">
        <ele>2.7999999523162841796875</ele>
        <time>2025-09-01T15:23:33.000Z</time>
        <extensions>
          <ns3:TrackPointExtension>
            <ns3:hr>76</ns3:hr>
          </ns3:TrackPointExtension>
        </extensions>
      </trkpt>
      <trkpt lat="56.9513492099940776824951171875" lon="-5.8530791290104389190673828125">
        <ele>3.400000095367431640625</ele>
        <time>2025-09-01T15:23:43.000Z</time>
        <extensions>
          <ns3:TrackPointExtension>
            <ns3:hr>77</ns3:hr>
          </ns3:TrackPointExtension>
        </extensions>
      </trkpt>
      <trkpt lat="56.9513401575386524200439453125" lon="-5.85310838185250759124755859375">
        <ele>3.599999904632568359375</ele>
        <time>2025-09-01T15:23:45.000Z</time>
        <extensions>
          <ns3:TrackPointExtension>
            <ns3:hr>77</ns3:hr>
          </ns3:TrackPointExtension>
        </extensions>
      </trkpt>
      <trkpt lat="56.95130302570760250091552734375" lon="-5.85321298800408840179443359375">
        <ele>4.400000095367431640625</ele>
        <time>2025-09-01T15:23:52.000Z</time>
        <extensions>
          <ns3:TrackPointExtension>
            <ns3:hr>78</ns3:hr>
          </ns3:TrackPointExtension>
        </extensions>
      </trkpt>
      <trkpt lat="56.95123546756803989410400390625" lon="-5.8533785305917263031005859375">
        <ele>4</ele>
        <time>2025-09-01T15:24:03.000Z</time>
        <extensions>
          <ns3:TrackPointExtension>
            <ns3:hr>78</ns3:hr>
          </ns3:TrackPointExtension>
        </extensions>
      </trkpt>
      <trkpt lat="56.95121602155268192291259765625" lon="-5.8535102941095829010009765625">
        <ele>3.599999904632568359375</ele>
        <time>2025-09-01T15:24:11.000Z</time>
        <extensions>
          <ns3:TrackPointExtension>
            <ns3:hr>78</ns3:hr>
          </ns3:TrackPointExtension>
        </extensions>
      </trkpt>
      <trkpt lat="56.95121048949658870697021484375" lon="-5.85362940095365047454833984375">
        <ele>3.7999999523162841796875</ele>
        <time>2025-09-01T15:24:17.000Z</time>
        <extensions>
          <ns3:TrackPointExtension>
            <ns3:hr>75</ns3:hr>
          </ns3:TrackPointExtension>
        </extensions>
      </trkpt>
      <trkpt lat="56.951195485889911651611328125" lon="-5.8536762557923793792724609375">
        <ele>3.599999904632568359375</ele>
        <time>2025-09-01T15:24:20.000Z</time>
        <extensions>
          <ns3:TrackPointExtension>
            <ns3:hr>76</ns3:hr>
          </ns3:TrackPointExtension>
        </extensions>
      </trkpt>
      <trkpt lat="56.9511440210044384002685546875" lon="-5.85377222858369350433349609375">
        <ele>4.19999980926513671875</ele>
        <time>2025-09-01T15:24:28.000Z</time>
        <extensions>
          <ns3:TrackPointExtension>
            <ns3:hr>76</ns3:hr>
          </ns3:TrackPointExtension>
        </extensions>
      </trkpt>
      <trkpt lat="56.9511254131793975830078125" lon="-5.8537937700748443603515625">
        <ele>4.599999904632568359375</ele>
        <time>2025-09-01T15:24:30.000Z</time>
        <extensions>
          <ns3:TrackPointExtension>
            <ns3:hr>76</ns3:hr>
          </ns3:TrackPointExtension>
        </extensions>
      </trkpt>
      <trkpt lat="56.9510959088802337646484375" lon="-5.8538224361836910247802734375">
        <ele>5.599999904632568359375</ele>
        <time>2025-09-01T15:24:35.000Z</time>
        <extensions>
          <ns3:TrackPointExtension>
            <ns3:hr>76</ns3:hr>
          </ns3:TrackPointExtension>
        </extensions>
      </trkpt>
      <trkpt lat="56.95108048617839813232421875" lon="-5.853838361799716949462890625">
        <ele>6.19999980926513671875</ele>
        <time>2025-09-01T15:24:37.000Z</time>
        <extensions>
          <ns3:TrackPointExtension>
            <ns3:hr>76</ns3:hr>
          </ns3:TrackPointExtension>
        </extensions>
      </trkpt>
      <trkpt lat="56.95100027136504650115966796875" lon="-5.85392394103109836578369140625">
        <ele>6.19999980926513671875</ele>
        <time>2025-09-01T15:24:47.000Z</time>
        <extensions>
          <ns3:TrackPointExtension>
            <ns3:hr>77</ns3:hr>
          </ns3:TrackPointExtension>
        </extensions>
      </trkpt>
      <trkpt lat="56.95091594941914081573486328125" lon="-5.85392897017300128936767578125">
        <ele>6.19999980926513671875</ele>
        <time>2025-09-01T15:24:56.000Z</time>
        <extensions>
          <ns3:TrackPointExtension>
            <ns3:hr>77</ns3:hr>
          </ns3:TrackPointExtension>
        </extensions>
      </trkpt>
      <trkpt lat="56.95085048675537109375" lon="-5.85388722829520702362060546875">
        <ele>6.599999904632568359375</ele>
        <time>2025-09-01T15:25:04.000Z</time>
        <extensions>
          <ns3:TrackPointExtension>
            <ns3:hr>76</ns3:hr>
          </ns3:TrackPointExtension>
        </extensions>
      </trkpt>
      <trkpt lat="56.95084269158542156219482421875" lon="-5.853881947696208953857421875">
        <ele>6.80000019073486328125</ele>
        <time>2025-09-01T15:25:05.000Z</time>
        <extensions>
          <ns3:TrackPointExtension>
            <ns3:hr>76</ns3:hr>
          </ns3:TrackPointExtension>
        </extensions>
      </trkpt>
      <trkpt lat="56.95080815814435482025146484375" lon="-5.85385018028318881988525390625">
        <ele>8</ele>
        <time>2025-09-01T15:25:09.000Z</time>
        <extensions>
          <ns3:TrackPointExtension>
            <ns3:hr>76</ns3:hr>
          </ns3:TrackPointExtension>
        </extensions>
      </trkpt>
      <trkpt lat="56.95078183896839618682861328125" lon="-5.8538083545863628387451171875">
        <ele>8.19999980926513671875</ele>
        <time>2025-09-01T15:25:13.000Z</time>
        <extensions>
          <ns3:TrackPointExtension>
            <ns3:hr>76</ns3:hr>
          </ns3:TrackPointExtension>
        </extensions>
      </trkpt>
      <trkpt lat="56.95073557086288928985595703125" lon="-5.8536916784942150115966796875">
        <ele>6.80000019073486328125</ele>
        <time>2025-09-01T15:25:21.000Z</time>
        <extensions>
          <ns3:TrackPointExtension>
            <ns3:hr>76</ns3:hr>
          </ns3:TrackPointExtension>
        </extensions>
      </trkpt>
      <trkpt lat="56.95073339156806468963623046875" lon="-5.8536715619266033172607421875">
        <ele>6.599999904632568359375</ele>
        <time>2025-09-01T15:25:22.000Z</time>
        <extensions>
          <ns3:TrackPointExtension>
            <ns3:hr>76</ns3:hr>
          </ns3:TrackPointExtension>
        </extensions>
      </trkpt>
      <trkpt lat="56.95072241127490997314453125" lon="-5.85356050170958042144775390625">
        <ele>5.80000019073486328125</ele>
        <time>2025-09-01T15:25:28.000Z</time>
        <extensions>
          <ns3:TrackPointExtension>
            <ns3:hr>74</ns3:hr>
          </ns3:TrackPointExtension>
        </extensions>
      </trkpt>
      <trkpt lat="56.95071545429527759552001953125" lon="-5.85349780507385730743408203125">
        <ele>5.19999980926513671875</ele>
        <time>2025-09-01T15:25:32.000Z</time>
        <extensions>
          <ns3:TrackPointExtension>
            <ns3:hr>73</ns3:hr>
          </ns3:TrackPointExtension>
        </extensions>
      </trkpt>
      <trkpt lat="56.95070304907858371734619140625" lon="-5.85337375290691852569580078125">
        <ele>5</ele>
        <time>2025-09-01T15:25:41.000Z</time>
        <extensions>
          <ns3:TrackPointExtension>
            <ns3:hr>73</ns3:hr>
          </ns3:TrackPointExtension>
        </extensions>
      </trkpt>
      <trkpt lat="56.9506977684795856475830078125" lon="-5.85335724055767059326171875">
        <ele>4.599999904632568359375</ele>
        <time>2025-09-01T15:25:42.000Z</time>
        <extensions>
          <ns3:TrackPointExtension>
            <ns3:hr>73</ns3:hr>
          </ns3:TrackPointExtension>
        </extensions>
      </trkpt>
      <trkpt lat="56.95067790336906909942626953125" lon="-5.853313319385051727294921875">
        <ele>3.400000095367431640625</ele>
        <time>2025-09-01T15:25:45.000Z</time>
        <extensions>
          <ns3:TrackPointExtension>
            <ns3:hr>73</ns3:hr>
          </ns3:TrackPointExtension>
        </extensions>
      </trkpt>
      <trkpt lat="56.95065200328826904296875" lon="-5.8532734215259552001953125">
        <ele>3.7999999523162841796875</ele>
        <time>2025-09-01T15:25:49.000Z</time>
        <extensions>
          <ns3:TrackPointExtension>
            <ns3:hr>75</ns3:hr>
          </ns3:TrackPointExtension>
        </extensions>
      </trkpt>
      <trkpt lat="56.95062643848359584808349609375" lon="-5.85324861109256744384765625">
        <ele>4.599999904632568359375</ele>
        <time>2025-09-01T15:25:52.000Z</time>
        <extensions>
          <ns3:TrackPointExtension>
            <ns3:hr>74</ns3:hr>
          </ns3:TrackPointExtension>
        </extensions>
      </trkpt>
      <trkpt lat="56.9505660049617290496826171875" lon="-5.85322505794465541839599609375">
        <ele>4.80000019073486328125</ele>
        <time>2025-09-01T15:25:58.000Z</time>
        <extensions>
          <ns3:TrackPointExtension>
            <ns3:hr>76</ns3:hr>
          </ns3:TrackPointExtension>
        </extensions>
      </trkpt>
      <trkpt lat="56.9505448825657367706298828125" lon="-5.8532112278044223785400390625">
        <ele>4.80000019073486328125</ele>
        <time>2025-09-01T15:26:00.000Z</time>
        <extensions>
          <ns3:TrackPointExtension>
            <ns3:hr>78</ns3:hr>
          </ns3:TrackPointExtension>
        </extensions>
      </trkpt>
      <trkpt lat="56.95049350149929523468017578125" lon="-5.85315699689090251922607421875">
        <ele>4.400000095367431640625</ele>
        <time>2025-09-01T15:26:06.000Z</time>
        <extensions>
          <ns3:TrackPointExtension>
            <ns3:hr>80</ns3:hr>
          </ns3:TrackPointExtension>
        </extensions>
      </trkpt>
      <trkpt lat="56.95047036744654178619384765625" lon="-5.85303797386586666107177734375">
        <ele>5.19999980926513671875</ele>
        <time>2025-09-01T15:26:13.000Z</time>
        <extensions>
          <ns3:TrackPointExtension>
            <ns3:hr>80</ns3:hr>
          </ns3:TrackPointExtension>
        </extensions>
      </trkpt>
      <trkpt lat="56.95045662112534046173095703125" lon="-5.85298885591328144073486328125">
        <ele>5.80000019073486328125</ele>
        <time>2025-09-01T15:26:17.000Z</time>
        <extensions>
          <ns3:TrackPointExtension>
            <ns3:hr>79</ns3:hr>
          </ns3:TrackPointExtension>
        </extensions>
      </trkpt>
      <trkpt lat="56.950453184545040130615234375" lon="-5.85295650176703929901123046875">
        <ele>5.599999904632568359375</ele>
        <time>2025-09-01T15:26:20.000Z</time>
        <extensions>
          <ns3:TrackPointExtension>
            <ns3:hr>79</ns3:hr>
          </ns3:TrackPointExtension>
        </extensions>
      </trkpt>
      <trkpt lat="56.9504494965076446533203125" lon="-5.852958261966705322265625">
        <ele>5.19999980926513671875</ele>
        <time>2025-09-01T15:26:22.000Z</time>
        <extensions>
          <ns3:TrackPointExtension>
            <ns3:hr>78</ns3:hr>
          </ns3:TrackPointExtension>
        </extensions>
      </trkpt>
      <trkpt lat="56.95044823922216892242431640625" lon="-5.85296169854700565338134765625">
        <ele>5</ele>
        <time>2025-09-01T15:26:28.000Z</time>
        <extensions>
          <ns3:TrackPointExtension>
            <ns3:hr>76</ns3:hr>
          </ns3:TrackPointExtension>
        </extensions>
      </trkpt>
      <trkpt lat="56.95044823922216892242431640625" lon="-5.85296169854700565338134765625">
        <ele>4.80000019073486328125</ele>
        <time>2025-09-01T15:26:29.000Z</time>
        <extensions>
          <ns3:TrackPointExtension>
            <ns3:hr>76</ns3:hr>
          </ns3:TrackPointExtension>
        </extensions>
      </trkpt>
      <trkpt lat="56.95044823922216892242431640625" lon="-5.85296169854700565338134765625">
        <ele>5</ele>
        <time>2025-09-01T15:26:45.000Z</time>
        <extensions>
          <ns3:TrackPointExtension>
            <ns3:hr>79</ns3:hr>
          </ns3:TrackPointExtension>
        </extensions>
      </trkpt>
      <trkpt lat="56.95044823922216892242431640625" lon="-5.85296169854700565338134765625">
        <ele>5.599999904632568359375</ele>
        <time>2025-09-01T15:26:53.000Z</time>
        <extensions>
          <ns3:TrackPointExtension>
            <ns3:hr>79</ns3:hr>
          </ns3:TrackPointExtension>
        </extensions>
      </trkpt>
      <trkpt lat="56.95044823922216892242431640625" lon="-5.85296169854700565338134765625">
        <ele>5.80000019073486328125</ele>
        <time>2025-09-01T15:27:15.000Z</time>
        <extensions>
          <ns3:TrackPointExtension>
            <ns3:hr>77</ns3:hr>
          </ns3:TrackPointExtension>
        </extensions>
      </trkpt>
      <trkpt lat="56.95044823922216892242431640625" lon="-5.85296169854700565338134765625">
        <ele>6.19999980926513671875</ele>
        <time>2025-09-01T15:27:31.000Z</time>
        <extensions>
          <ns3:TrackPointExtension>
            <ns3:hr>74</ns3:hr>
          </ns3:TrackPointExtension>
        </extensions>
      </trkpt>
      <trkpt lat="56.95044823922216892242431640625" lon="-5.85296169854700565338134765625">
        <ele>7</ele>
        <time>2025-09-01T15:27:35.000Z</time>
        <extensions>
          <ns3:TrackPointExtension>
            <ns3:hr>74</ns3:hr>
          </ns3:TrackPointExtension>
        </extensions>
      </trkpt>
      <trkpt lat="56.95044823922216892242431640625" lon="-5.85296169854700565338134765625">
        <ele>8.19999980926513671875</ele>
        <time>2025-09-01T15:27:38.000Z</time>
        <extensions>
          <ns3:TrackPointExtension>
            <ns3:hr>76</ns3:hr>
          </ns3:TrackPointExtension>
        </extensions>
      </trkpt>
      <trkpt lat="56.95044823922216892242431640625" lon="-5.85296169854700565338134765625">
        <ele>8.19999980926513671875</ele>
        <time>2025-09-01T15:27:42.000Z</time>
        <extensions>
          <ns3:TrackPointExtension>
            <ns3:hr>77</ns3:hr>
          </ns3:TrackPointExtension>
        </extensions>
      </trkpt>
      <trkpt lat="56.95044823922216892242431640625" lon="-5.85296169854700565338134765625">
        <ele>5.80000019073486328125</ele>
        <time>2025-09-01T15:27:45.000Z</time>
        <extensions>
          <ns3:TrackPointExtension>
            <ns3:hr>78</ns3:hr>
          </ns3:TrackPointExtension>
        </extensions>
      </trkpt>
      <trkpt lat="56.95044823922216892242431640625" lon="-5.85296169854700565338134765625">
        <ele>6.599999904632568359375</ele>
        <time>2025-09-01T15:27:49.000Z</time>
        <extensions>
          <ns3:TrackPointExtension>
            <ns3:hr>71</ns3:hr>
          </ns3:TrackPointExtension>
        </extensions>
      </trkpt>
      <trkpt lat="56.95044823922216892242431640625" lon="-5.85296169854700565338134765625">
        <ele>6.80000019073486328125</ele>
        <time>2025-09-01T15:27:52.000Z</time>
        <extensions>
          <ns3:TrackPointExtension>
            <ns3:hr>70</ns3:hr>
          </ns3:TrackPointExtension>
        </extensions>
      </trkpt>
      <trkpt lat="56.95044823922216892242431640625" lon="-5.85296169854700565338134765625">
        <ele>6.599999904632568359375</ele>
        <time>2025-09-01T15:28:09.000Z</time>
        <extensions>
          <ns3:TrackPointExtension>
            <ns3:hr>69</ns3:hr>
          </ns3:TrackPointExtension>
        </extensions>
      </trkpt>
      <trkpt lat="56.95042627863585948944091796875" lon="-5.85293940268456935882568359375">
        <ele>6.599999904632568359375</ele>
        <time>2025-09-01T15:28:28.000Z</time>
        <extensions>
          <ns3:TrackPointExtension>
            <ns3:hr>70</ns3:hr>
          </ns3:TrackPointExtension>
        </extensions>
      </trkpt>
      <trkpt lat="56.95034933276474475860595703125" lon="-5.8528839983046054840087890625">
        <ele>6.80000019073486328125</ele>
        <time>2025-09-01T15:28:36.000Z</time>
        <extensions>
          <ns3:TrackPointExtension>
            <ns3:hr>71</ns3:hr>
          </ns3:TrackPointExtension>
        </extensions>
      </trkpt>
      <trkpt lat="56.95029702968895435333251953125" lon="-5.85283865220844745635986328125">
        <ele>7.400000095367431640625</ele>
        <time>2025-09-01T15:28:43.000Z</time>
        <extensions>
          <ns3:TrackPointExtension>
            <ns3:hr>68</ns3:hr>
          </ns3:TrackPointExtension>
        </extensions>
      </trkpt>
      <trkpt lat="56.95022863335907459259033203125" lon="-5.85277863778173923492431640625">
        <ele>7</ele>
        <time>2025-09-01T15:28:52.000Z</time>
        <extensions>
          <ns3:TrackPointExtension>
            <ns3:hr>67</ns3:hr>
          </ns3:TrackPointExtension>
        </extensions>
      </trkpt>
      <trkpt lat="56.95017926394939422607421875" lon="-5.8527664840221405029296875">
        <ele>7</ele>
        <time>2025-09-01T15:28:59.000Z</time>
        <extensions>
          <ns3:TrackPointExtension>
            <ns3:hr>67</ns3:hr>
          </ns3:TrackPointExtension>
        </extensions>
      </trkpt>
      <trkpt lat="56.95015110075473785400390625" lon="-5.852716863155364990234375">
        <ele>8</ele>
        <time>2025-09-01T15:29:05.000Z</time>
        <extensions>
          <ns3:TrackPointExtension>
            <ns3:hr>67</ns3:hr>
          </ns3:TrackPointExtension>
        </extensions>
      </trkpt>
      <trkpt lat="56.9501459039747714996337890625" lon="-5.85270873270928859710693359375">
        <ele>8.19999980926513671875</ele>
        <time>2025-09-01T15:29:06.000Z</time>
        <extensions>
          <ns3:TrackPointExtension>
            <ns3:hr>67</ns3:hr>
          </ns3:TrackPointExtension>
        </extensions>
      </trkpt>
      <trkpt lat="56.95009075105190277099609375" lon="-5.85265592671930789947509765625">
        <ele>7.599999904632568359375</ele>
        <time>2025-09-01T15:29:13.000Z</time>
        <extensions>
          <ns3:TrackPointExtension>
            <ns3:hr>67</ns3:hr>
          </ns3:TrackPointExtension>
        </extensions>
      </trkpt>
      <trkpt lat="56.95003853179514408111572265625" lon="-5.8526462875306606292724609375">
        <ele>6.599999904632568359375</ele>
        <time>2025-09-01T15:29:18.000Z</time>
        <extensions>
          <ns3:TrackPointExtension>
            <ns3:hr>67</ns3:hr>
          </ns3:TrackPointExtension>
        </extensions>
      </trkpt>
      <trkpt lat="56.9500203430652618408203125" lon="-5.85263346321880817413330078125">
        <ele>6</ele>
        <time>2025-09-01T15:29:20.000Z</time>
        <extensions>
          <ns3:TrackPointExtension>
            <ns3:hr>66</ns3:hr>
          </ns3:TrackPointExtension>
        </extensions>
      </trkpt>
      <trkpt lat="56.94996125064790248870849609375" lon="-5.8526063896715641021728515625">
        <ele>6.80000019073486328125</ele>
        <time>2025-09-01T15:29:28.000Z</time>
        <extensions>
          <ns3:TrackPointExtension>
            <ns3:hr>65</ns3:hr>
          </ns3:TrackPointExtension>
        </extensions>
      </trkpt>
      <trkpt lat="56.94992202334105968475341796875" lon="-5.85257026366889476776123046875">
        <ele>5.599999904632568359375</ele>
        <time>2025-09-01T15:29:34.000Z</time>
        <extensions>
          <ns3:TrackPointExtension>
            <ns3:hr>66</ns3:hr>
          </ns3:TrackPointExtension>
        </extensions>
      </trkpt>
      <trkpt lat="56.94992286153137683868408203125" lon="-5.852556265890598297119140625">
        <ele>4.80000019073486328125</ele>
        <time>2025-09-01T15:29:36.000Z</time>
        <extensions>
          <ns3:TrackPointExtension>
            <ns3:hr>65</ns3:hr>
          </ns3:TrackPointExtension>
        </extensions>
      </trkpt>
      <trkpt lat="56.94992437027394771575927734375" lon="-5.85253489203751087188720703125">
        <ele>4.400000095367431640625</ele>
        <time>2025-09-01T15:29:38.000Z</time>
        <extensions>
          <ns3:TrackPointExtension>
            <ns3:hr>64</ns3:hr>
          </ns3:TrackPointExtension>
        </extensions>
      </trkpt>
      <trkpt lat="56.94989821873605251312255859375" lon="-5.85254251956939697265625">
        <ele>3.7999999523162841796875</ele>
        <time>2025-09-01T15:29:42.000Z</time>
        <extensions>
          <ns3:TrackPointExtension>
            <ns3:hr>65</ns3:hr>
          </ns3:TrackPointExtension>
        </extensions>
      </trkpt>
      <trkpt lat="56.9498568959534168243408203125" lon="-5.85252843797206878662109375">
        <ele>3.2000000476837158203125</ele>
        <time>2025-09-01T15:29:47.000Z</time>
        <extensions>
          <ns3:TrackPointExtension>
            <ns3:hr>66</ns3:hr>
          </ns3:TrackPointExtension>
        </extensions>
      </trkpt>
      <trkpt lat="56.9498394615948200225830078125" lon="-5.85251930169761180877685546875">
        <ele>3</ele>
        <time>2025-09-01T15:29:49.000Z</time>
        <extensions>
          <ns3:TrackPointExtension>
            <ns3:hr>66</ns3:hr>
          </ns3:TrackPointExtension>
        </extensions>
      </trkpt>
      <trkpt lat="56.9497646950185298919677734375" lon="-5.8524987660348415374755859375">
        <ele>3.599999904632568359375</ele>
        <time>2025-09-01T15:29:58.000Z</time>
        <extensions>
          <ns3:TrackPointExtension>
            <ns3:hr>68</ns3:hr>
          </ns3:TrackPointExtension>
        </extensions>
      </trkpt>
      <trkpt lat="56.94968699477612972259521484375" lon="-5.8524875342845916748046875">
        <ele>3.7999999523162841796875</ele>
        <time>2025-09-01T15:30:07.000Z</time>
        <extensions>
          <ns3:TrackPointExtension>
            <ns3:hr>69</ns3:hr>
          </ns3:TrackPointExtension>
        </extensions>
      </trkpt>
      <trkpt lat="56.94961843080818653106689453125" lon="-5.85249063558876514434814453125">
        <ele>3.2000000476837158203125</ele>
        <time>2025-09-01T15:30:15.000Z</time>
        <extensions>
          <ns3:TrackPointExtension>
            <ns3:hr>70</ns3:hr>
          </ns3:TrackPointExtension>
        </extensions>
      </trkpt>
      <trkpt lat="56.94955908693373203277587890625" lon="-5.852534137666225433349609375">
        <ele>4.19999980926513671875</ele>
        <time>2025-09-01T15:30:23.000Z</time>
        <extensions>
          <ns3:TrackPointExtension>
            <ns3:hr>71</ns3:hr>
          </ns3:TrackPointExtension>
        </extensions>
      </trkpt>
      <trkpt lat="56.9495538063347339630126953125" lon="-5.85254989564418792724609375">
        <ele>4.400000095367431640625</ele>
        <time>2025-09-01T15:30:25.000Z</time>
        <extensions>
          <ns3:TrackPointExtension>
            <ns3:hr>71</ns3:hr>
          </ns3:TrackPointExtension>
        </extensions>
      </trkpt>
      <trkpt lat="56.94951483048498630523681640625" lon="-5.85258878767490386962890625">
        <ele>4</ele>
        <time>2025-09-01T15:30:32.000Z</time>
        <extensions>
          <ns3:TrackPointExtension>
            <ns3:hr>71</ns3:hr>
          </ns3:TrackPointExtension>
        </extensions>
      </trkpt>
      <trkpt lat="56.949444003403186798095703125" lon="-5.85267000831663608551025390625">
        <ele>5</ele>
        <time>2025-09-01T15:30:41.000Z</time>
        <extensions>
          <ns3:TrackPointExtension>
            <ns3:hr>71</ns3:hr>
          </ns3:TrackPointExtension>
        </extensions>
      </trkpt>
      <trkpt lat="56.94937636144459247589111328125" lon="-5.85278458893299102783203125">
        <ele>3.599999904632568359375</ele>
        <time>2025-09-01T15:30:51.000Z</time>
        <extensions>
          <ns3:TrackPointExtension>
            <ns3:hr>73</ns3:hr>
          </ns3:TrackPointExtension>
        </extensions>
      </trkpt>
      <trkpt lat="56.94929807446897029876708984375" lon="-5.85291895084083080291748046875">
        <ele>4.400000095367431640625</ele>
        <time>2025-09-01T15:31:02.000Z</time>
        <extensions>
          <ns3:TrackPointExtension>
            <ns3:hr>73</ns3:hr>
          </ns3:TrackPointExtension>
        </extensions>
      </trkpt>
      <trkpt lat="56.9492644630372524261474609375" lon="-5.85299170576035976409912109375">
        <ele>3.2000000476837158203125</ele>
        <time>2025-09-01T15:31:07.000Z</time>
        <extensions>
          <ns3:TrackPointExtension>
            <ns3:hr>72</ns3:hr>
          </ns3:TrackPointExtension>
        </extensions>
      </trkpt>
      <trkpt lat="56.94922984577715396881103515625" lon="-5.85308139212429523468017578125">
        <ele>3.400000095367431640625</ele>
        <time>2025-09-01T15:31:13.000Z</time>
        <extensions>
          <ns3:TrackPointExtension>
            <ns3:hr>71</ns3:hr>
          </ns3:TrackPointExtension>
        </extensions>
      </trkpt>
      <trkpt lat="56.949184834957122802734375" lon="-5.8531944639980792999267578125">
        <ele>2.7999999523162841796875</ele>
        <time>2025-09-01T15:31:22.000Z</time>
        <extensions>
          <ns3:TrackPointExtension>
            <ns3:hr>72</ns3:hr>
          </ns3:TrackPointExtension>
        </extensions>
      </trkpt>
      <trkpt lat="56.94913990795612335205078125" lon="-5.8533218689262866973876953125">
        <ele>4.19999980926513671875</ele>
        <time>2025-09-01T15:31:32.000Z</time>
        <extensions>
          <ns3:TrackPointExtension>
            <ns3:hr>72</ns3:hr>
          </ns3:TrackPointExtension>
        </extensions>
      </trkpt>
      <trkpt lat="56.94913798011839389801025390625" lon="-5.85333469323813915252685546875">
        <ele>4.400000095367431640625</ele>
        <time>2025-09-01T15:31:33.000Z</time>
        <extensions>
          <ns3:TrackPointExtension>
            <ns3:hr>72</ns3:hr>
          </ns3:TrackPointExtension>
        </extensions>
      </trkpt>
      <trkpt lat="56.94910378195345401763916015625" lon="-5.8533543907105922698974609375">
        <ele>4.400000095367431640625</ele>
        <time>2025-09-01T15:31:39.000Z</time>
        <extensions>
          <ns3:TrackPointExtension>
            <ns3:hr>70</ns3:hr>
          </ns3:TrackPointExtension>
        </extensions>
      </trkpt>
      <trkpt lat="56.94904661737382411956787109375" lon="-5.853366963565349578857421875">
        <ele>4.80000019073486328125</ele>
        <time>2025-09-01T15:31:48.000Z</time>
        <extensions>
          <ns3:TrackPointExtension>
            <ns3:hr>69</ns3:hr>
          </ns3:TrackPointExtension>
        </extensions>
      </trkpt>
      <trkpt lat="56.94903194904327392578125" lon="-5.85338615812361240386962890625">
        <ele>5.400000095367431640625</ele>
        <time>2025-09-01T15:31:51.000Z</time>
        <extensions>
          <ns3:TrackPointExtension>
            <ns3:hr>68</ns3:hr>
          </ns3:TrackPointExtension>
        </extensions>
      </trkpt>
      <trkpt lat="56.9490254111588001251220703125" lon="-5.85341893136501312255859375">
        <ele>6</ele>
        <time>2025-09-01T15:31:54.000Z</time>
        <extensions>
          <ns3:TrackPointExtension>
            <ns3:hr>67</ns3:hr>
          </ns3:TrackPointExtension>
        </extensions>
      </trkpt>
      <trkpt lat="56.949020214378833770751953125" lon="-5.8534331806004047393798828125">
        <ele>6.400000095367431640625</ele>
        <time>2025-09-01T15:31:55.000Z</time>
        <extensions>
          <ns3:TrackPointExtension>
            <ns3:hr>68</ns3:hr>
          </ns3:TrackPointExtension>
        </extensions>
      </trkpt>
      <trkpt lat="56.94902214221656322479248046875" lon="-5.8534660376608371734619140625">
        <ele>7.19999980926513671875</ele>
        <time>2025-09-01T15:32:00.000Z</time>
        <extensions>
          <ns3:TrackPointExtension>
            <ns3:hr>69</ns3:hr>
          </ns3:TrackPointExtension>
        </extensions>
      </trkpt>
      <trkpt lat="56.9490099884569644927978515625" lon="-5.8535062707960605621337890625">
        <ele>6.80000019073486328125</ele>
        <time>2025-09-01T15:32:04.000Z</time>
        <extensions>
          <ns3:TrackPointExtension>
            <ns3:hr>69</ns3:hr>
          </ns3:TrackPointExtension>
        </extensions>
      </trkpt>
      <trkpt lat="56.94900906644761562347412109375" lon="-5.8535166643559932708740234375">
        <ele>7</ele>
        <time>2025-09-01T15:32:11.000Z</time>
        <extensions>
          <ns3:TrackPointExtension>
            <ns3:hr>71</ns3:hr>
          </ns3:TrackPointExtension>
        </extensions>
      </trkpt>
      <trkpt lat="56.9489796459674835205078125" lon="-5.85352630354464054107666015625">
        <ele>9</ele>
        <time>2025-09-01T15:32:17.000Z</time>
        <extensions>
          <ns3:TrackPointExtension>
            <ns3:hr>72</ns3:hr>
          </ns3:TrackPointExtension>
        </extensions>
      </trkpt>
      <trkpt lat="56.94897470064461231231689453125" lon="-5.85352487862110137939453125">
        <ele>9</ele>
        <time>2025-09-01T15:32:18.000Z</time>
        <extensions>
          <ns3:TrackPointExtension>
            <ns3:hr>73</ns3:hr>
          </ns3:TrackPointExtension>
        </extensions>
      </trkpt>
      <trkpt lat="56.94895307533442974090576171875" lon="-5.85354122333228588104248046875">
        <ele>7.599999904632568359375</ele>
        <time>2025-09-01T15:32:24.000Z</time>
        <extensions>
          <ns3:TrackPointExtension>
            <ns3:hr>74</ns3:hr>
          </ns3:TrackPointExtension>
        </extensions>
      </trkpt>
      <trkpt lat="56.94895626045763492584228515625" lon="-5.85355999879539012908935546875">
        <ele>7.19999980926513671875</ele>
        <time>2025-09-01T15:32:26.000Z</time>
        <extensions>
          <ns3:TrackPointExtension>
            <ns3:hr>74</ns3:hr>
          </ns3:TrackPointExtension>
        </extensions>
      </trkpt>
      <trkpt lat="56.9489573501050472259521484375" lon="-5.85358045063912868499755859375">
        <ele>7.400000095367431640625</ele>
        <time>2025-09-01T15:32:33.000Z</time>
        <extensions>
          <ns3:TrackPointExtension>
            <ns3:hr>74</ns3:hr>
          </ns3:TrackPointExtension>
        </extensions>
      </trkpt>
      <trkpt lat="56.94894519634544849395751953125" lon="-5.85359939374029636383056640625">
        <ele>7.400000095367431640625</ele>
        <time>2025-09-01T15:32:38.000Z</time>
        <extensions>
          <ns3:TrackPointExtension>
            <ns3:hr>73</ns3:hr>
          </ns3:TrackPointExtension>
        </extensions>
      </trkpt>
      <trkpt lat="56.94892927072942256927490234375" lon="-5.85362554527819156646728515625">
        <ele>7.400000095367431640625</ele>
        <time>2025-09-01T15:32:44.000Z</time>
        <extensions>
          <ns3:TrackPointExtension>
            <ns3:hr>73</ns3:hr>
          </ns3:TrackPointExtension>
        </extensions>
      </trkpt>
      <trkpt lat="56.94891326129436492919921875" lon="-5.85363359190523624420166015625">
        <ele>7.599999904632568359375</ele>
        <time>2025-09-01T15:32:51.000Z</time>
        <extensions>
          <ns3:TrackPointExtension>
            <ns3:hr>72</ns3:hr>
          </ns3:TrackPointExtension>
        </extensions>
      </trkpt>
      <trkpt lat="56.9488991796970367431640625" lon="-5.85365102626383304595947265625">
        <ele>7.599999904632568359375</ele>
        <time>2025-09-01T15:32:59.000Z</time>
        <extensions>
          <ns3:TrackPointExtension>
            <ns3:hr>70</ns3:hr>
          </ns3:TrackPointExtension>
        </extensions>
      </trkpt>
      <trkpt lat="56.9488991796970367431640625" lon="-5.85365102626383304595947265625">
        <ele>8.19999980926513671875</ele>
        <time>2025-09-01T15:33:06.000Z</time>
        <extensions>
          <ns3:TrackPointExtension>
            <ns3:hr>73</ns3:hr>
          </ns3:TrackPointExtension>
        </extensions>
      </trkpt>
      <trkpt lat="56.9488991796970367431640625" lon="-5.85365102626383304595947265625">
        <ele>7.80000019073486328125</ele>
        <time>2025-09-01T15:33:07.000Z</time>
        <extensions>
          <ns3:TrackPointExtension>
            <ns3:hr>73</ns3:hr>
          </ns3:TrackPointExtension>
        </extensions>
      </trkpt>
      <trkpt lat="56.94889725185930728912353515625" lon="-5.853649936616420745849609375">
        <ele>7.599999904632568359375</ele>
        <time>2025-09-01T15:33:17.000Z</time>
        <extensions>
          <ns3:TrackPointExtension>
            <ns3:hr>74</ns3:hr>
          </ns3:TrackPointExtension>
        </extensions>
      </trkpt>
      <trkpt lat="56.94892826490104198455810546875" lon="-5.85362940095365047454833984375">
        <ele>7.19999980926513671875</ele>
        <time>2025-09-01T15:33:23.000Z</time>
        <extensions>
          <ns3:TrackPointExtension>
            <ns3:hr>70</ns3:hr>
          </ns3:TrackPointExtension>
        </extensions>
      </trkpt>
      <trkpt lat="56.9489332102239131927490234375" lon="-5.8536199294030666351318359375">
        <ele>7.19999980926513671875</ele>
        <time>2025-09-01T15:33:24.000Z</time>
        <extensions>
          <ns3:TrackPointExtension>
            <ns3:hr>68</ns3:hr>
          </ns3:TrackPointExtension>
        </extensions>
      </trkpt>
      <trkpt lat="56.94894787855446338653564453125" lon="-5.85358564741909503936767578125">
        <ele>7</ele>
        <time>2025-09-01T15:33:31.000Z</time>
        <extensions>
          <ns3:TrackPointExtension>
            <ns3:hr>70</ns3:hr>
          </ns3:TrackPointExtension>
        </extensions>
      </trkpt>
      <trkpt lat="56.9489523209631443023681640625" lon="-5.8535458333790302276611328125">
        <ele>7.19999980926513671875</ele>
        <time>2025-09-01T15:33:38.000Z</time>
        <extensions>
          <ns3:TrackPointExtension>
            <ns3:hr>70</ns3:hr>
          </ns3:TrackPointExtension>
        </extensions>
      </trkpt>
      <trkpt lat="56.94897503592073917388916015625" lon="-5.85353803820908069610595703125">
        <ele>7.599999904632568359375</ele>
        <time>2025-09-01T15:33:45.000Z</time>
        <extensions>
          <ns3:TrackPointExtension>
            <ns3:hr>71</ns3:hr>
          </ns3:TrackPointExtension>
        </extensions>
      </trkpt>
      <trkpt lat="56.949002109467983245849609375" lon="-5.85352160967886447906494140625">
        <ele>6.400000095367431640625</ele>
        <time>2025-09-01T15:33:48.000Z</time>
        <extensions>
          <ns3:TrackPointExtension>
            <ns3:hr>72</ns3:hr>
          </ns3:TrackPointExtension>
        </extensions>
      </trkpt>
      <trkpt lat="56.94901107810437679290771484375" lon="-5.8534935303032398223876953125">
        <ele>6.599999904632568359375</ele>
        <time>2025-09-01T15:33:50.000Z</time>
        <extensions>
          <ns3:TrackPointExtension>
            <ns3:hr>71</ns3:hr>
          </ns3:TrackPointExtension>
        </extensions>
      </trkpt>
      <trkpt lat="56.9490123353898525238037109375" lon="-5.8534579910337924957275390625">
        <ele>6.400000095367431640625</ele>
        <time>2025-09-01T15:33:53.000Z</time>
        <extensions>
          <ns3:TrackPointExtension>
            <ns3:hr>71</ns3:hr>
          </ns3:TrackPointExtension>
        </extensions>
      </trkpt>
      <trkpt lat="56.9490225613117218017578125" lon="-5.85342857055366039276123046875">
        <ele>5.599999904632568359375</ele>
        <time>2025-09-01T15:33:57.000Z</time>
        <extensions>
          <ns3:TrackPointExtension>
            <ns3:hr>72</ns3:hr>
          </ns3:TrackPointExtension>
        </extensions>
      </trkpt>
      <trkpt lat="56.9490297697484493255615234375" lon="-5.8534127287566661834716796875">
        <ele>5.80000019073486328125</ele>
        <time>2025-09-01T15:34:04.000Z</time>
        <extensions>
          <ns3:TrackPointExtension>
            <ns3:hr>72</ns3:hr>
          </ns3:TrackPointExtension>
        </extensions>
      </trkpt>
      <trkpt lat="56.94902398623526096343994140625" lon="-5.85337324999272823333740234375">
        <ele>5.599999904632568359375</ele>
        <time>2025-09-01T15:34:10.000Z</time>
        <extensions>
          <ns3:TrackPointExtension>
            <ns3:hr>74</ns3:hr>
          </ns3:TrackPointExtension>
        </extensions>
      </trkpt>
      <trkpt lat="56.94902633316814899444580078125" lon="-5.85335950367152690887451171875">
        <ele>5.400000095367431640625</ele>
        <time>2025-09-01T15:34:11.000Z</time>
        <extensions>
          <ns3:TrackPointExtension>
            <ns3:hr>74</ns3:hr>
          </ns3:TrackPointExtension>
        </extensions>
      </trkpt>
      <trkpt lat="56.94903957657516002655029296875" lon="-5.85330150090157985687255859375">
        <ele>4.19999980926513671875</ele>
        <time>2025-09-01T15:34:16.000Z</time>
        <extensions>
          <ns3:TrackPointExtension>
            <ns3:hr>76</ns3:hr>
          </ns3:TrackPointExtension>
        </extensions>
      </trkpt>
      <trkpt lat="56.94903890602290630340576171875" lon="-5.85327266715466976165771484375">
        <ele>4.80000019073486328125</ele>
        <time>2025-09-01T15:34:21.000Z</time>
        <extensions>
          <ns3:TrackPointExtension>
            <ns3:hr>76</ns3:hr>
          </ns3:TrackPointExtension>
        </extensions>
      </trkpt>
      <trkpt lat="56.949022896587848663330078125" lon="-5.85323897190392017364501953125">
        <ele>5.400000095367431640625</ele>
        <time>2025-09-01T15:34:27.000Z</time>
        <extensions>
          <ns3:TrackPointExtension>
            <ns3:hr>76</ns3:hr>
          </ns3:TrackPointExtension>
        </extensions>
      </trkpt>
      <trkpt lat="56.949014179408550262451171875" lon="-5.853171832859516143798828125">
        <ele>5.400000095367431640625</ele>
        <time>2025-09-01T15:34:34.000Z</time>
        <extensions>
          <ns3:TrackPointExtension>
            <ns3:hr>77</ns3:hr>
          </ns3:TrackPointExtension>
        </extensions>
      </trkpt>
      <trkpt lat="56.9489881955087184906005859375" lon="-5.85316454060375690460205078125">
        <ele>5.80000019073486328125</ele>
        <time>2025-09-01T15:34:42.000Z</time>
        <extensions>
          <ns3:TrackPointExtension>
            <ns3:hr>78</ns3:hr>
          </ns3:TrackPointExtension>
        </extensions>
      </trkpt>
      <trkpt lat="56.94898123852908611297607421875" lon="-5.85316621698439121246337890625">
        <ele>5.599999904632568359375</ele>
        <time>2025-09-01T15:34:53.000Z</time>
        <extensions>
          <ns3:TrackPointExtension>
            <ns3:hr>78</ns3:hr>
          </ns3:TrackPointExtension>
        </extensions>
      </trkpt>
      <trkpt lat="56.94898257963359355926513671875" lon="-5.853166468441486358642578125">
        <ele>6</ele>
        <time>2025-09-01T15:34:59.000Z</time>
        <extensions>
          <ns3:TrackPointExtension>
            <ns3:hr>75</ns3:hr>
          </ns3:TrackPointExtension>
        </extensions>
      </trkpt>
      <trkpt lat="56.9489751197397708892822265625" lon="-5.853179879486560821533203125">
        <ele>5.80000019073486328125</ele>
        <time>2025-09-01T15:35:02.000Z</time>
        <extensions>
          <ns3:TrackPointExtension>
            <ns3:hr>73</ns3:hr>
          </ns3:TrackPointExtension>
        </extensions>
      </trkpt>
      <trkpt lat="56.94896422326564788818359375" lon="-5.85322623141109943389892578125">
        <ele>6</ele>
        <time>2025-09-01T15:35:07.000Z</time>
        <extensions>
          <ns3:TrackPointExtension>
            <ns3:hr>72</ns3:hr>
          </ns3:TrackPointExtension>
        </extensions>
      </trkpt>
      <trkpt lat="56.948951147496700286865234375" lon="-5.85322237573564052581787109375">
        <ele>5.599999904632568359375</ele>
        <time>2025-09-01T15:35:16.000Z</time>
        <extensions>
          <ns3:TrackPointExtension>
            <ns3:hr>73</ns3:hr>
          </ns3:TrackPointExtension>
        </extensions>
      </trkpt>
      <trkpt lat="56.9489254988729953765869140625" lon="-5.853167809545993804931640625">
        <ele>5.80000019073486328125</ele>
        <time>2025-09-01T15:35:23.000Z</time>
        <extensions>
          <ns3:TrackPointExtension>
            <ns3:hr>73</ns3:hr>
          </ns3:TrackPointExtension>
        </extensions>
      </trkpt>
      <trkpt lat="56.94888618774712085723876953125" lon="-5.8531069569289684295654296875">
        <ele>6.19999980926513671875</ele>
        <time>2025-09-01T15:35:31.000Z</time>
        <extensions>
          <ns3:TrackPointExtension>
            <ns3:hr>75</ns3:hr>
          </ns3:TrackPointExtension>
        </extensions>
      </trkpt>
      <trkpt lat="56.94886204786598682403564453125" lon="-5.85306094028055667877197265625">
        <ele>6.19999980926513671875</ele>
        <time>2025-09-01T15:35:39.000Z</time>
        <extensions>
          <ns3:TrackPointExtension>
            <ns3:hr>77</ns3:hr>
          </ns3:TrackPointExtension>
        </extensions>
      </trkpt>
      <trkpt lat="56.94886188022792339324951171875" lon="-5.8530556596815586090087890625">
        <ele>6.400000095367431640625</ele>
        <time>2025-09-01T15:35:40.000Z</time>
        <extensions>
          <ns3:TrackPointExtension>
            <ns3:hr>76</ns3:hr>
          </ns3:TrackPointExtension>
        </extensions>
      </trkpt>
      <trkpt lat="56.94883857853710651397705078125" lon="-5.8530124090611934661865234375">
        <ele>7.599999904632568359375</ele>
        <time>2025-09-01T15:35:45.000Z</time>
        <extensions>
          <ns3:TrackPointExtension>
            <ns3:hr>76</ns3:hr>
          </ns3:TrackPointExtension>
        </extensions>
      </trkpt>
      <trkpt lat="56.94882600568234920501708984375" lon="-5.8530025184154510498046875">
        <ele>7.80000019073486328125</ele>
        <time>2025-09-01T15:35:47.000Z</time>
        <extensions>
          <ns3:TrackPointExtension>
            <ns3:hr>76</ns3:hr>
          </ns3:TrackPointExtension>
        </extensions>
      </trkpt>
      <trkpt lat="56.94879549555480480194091796875" lon="-5.853077955543994903564453125">
        <ele>7.80000019073486328125</ele>
        <time>2025-09-01T15:35:54.000Z</time>
        <extensions>
          <ns3:TrackPointExtension>
            <ns3:hr>76</ns3:hr>
          </ns3:TrackPointExtension>
        </extensions>
      </trkpt>
      <trkpt lat="56.9487409293651580810546875" lon="-5.853243581950664520263671875">
        <ele>8.19999980926513671875</ele>
        <time>2025-09-01T15:36:04.000Z</time>
        <extensions>
          <ns3:TrackPointExtension>
            <ns3:hr>76</ns3:hr>
          </ns3:TrackPointExtension>
        </extensions>
      </trkpt>
      <trkpt lat="56.9486757181584835052490234375" lon="-5.8534224517643451690673828125">
        <ele>8</ele>
        <time>2025-09-01T15:36:15.000Z</time>
        <extensions>
          <ns3:TrackPointExtension>
            <ns3:hr>75</ns3:hr>
          </ns3:TrackPointExtension>
        </extensions>
      </trkpt>
      <trkpt lat="56.94863892160356044769287109375" lon="-5.853454135358333587646484375">
        <ele>7.80000019073486328125</ele>
        <time>2025-09-01T15:36:20.000Z</time>
        <extensions>
          <ns3:TrackPointExtension>
            <ns3:hr>75</ns3:hr>
          </ns3:TrackPointExtension>
        </extensions>
      </trkpt>
      <trkpt lat="56.948530040681362152099609375" lon="-5.853543989360332489013671875">
        <ele>8.3999996185302734375</ele>
        <time>2025-09-01T15:36:30.000Z</time>
        <extensions>
          <ns3:TrackPointExtension>
            <ns3:hr>75</ns3:hr>
          </ns3:TrackPointExtension>
        </extensions>
      </trkpt>
      <trkpt lat="56.9483997859060764312744140625" lon="-5.85359369404613971710205078125">
        <ele>8.3999996185302734375</ele>
        <time>2025-09-01T15:36:42.000Z</time>
        <extensions>
          <ns3:TrackPointExtension>
            <ns3:hr>77</ns3:hr>
          </ns3:TrackPointExtension>
        </extensions>
      </trkpt>
      <trkpt lat="56.94838109426200389862060546875" lon="-5.8536045067012310028076171875">
        <ele>8.6000003814697265625</ele>
        <time>2025-09-01T15:36:44.000Z</time>
        <extensions>
          <ns3:TrackPointExtension>
            <ns3:hr>78</ns3:hr>
          </ns3:TrackPointExtension>
        </extensions>
      </trkpt>
      <trkpt lat="56.9482862949371337890625" lon="-5.853672064840793609619140625">
        <ele>8.19999980926513671875</ele>
        <time>2025-09-01T15:36:52.000Z</time>
        <extensions>
          <ns3:TrackPointExtension>
            <ns3:hr>78</ns3:hr>
          </ns3:TrackPointExtension>
        </extensions>
      </trkpt>
      <trkpt lat="56.9482096843421459197998046875" lon="-5.85379167459905147552490234375">
        <ele>7.599999904632568359375</ele>
        <time>2025-09-01T15:37:01.000Z</time>
        <extensions>
          <ns3:TrackPointExtension>
            <ns3:hr>79</ns3:hr>
          </ns3:TrackPointExtension>
        </extensions>
      </trkpt>
      <trkpt lat="56.94818328134715557098388671875" lon="-5.85383710451424121856689453125">
        <ele>7.19999980926513671875</ele>
        <time>2025-09-01T15:37:04.000Z</time>
        <extensions>
          <ns3:TrackPointExtension>
            <ns3:hr>79</ns3:hr>
          </ns3:TrackPointExtension>
        </extensions>
      </trkpt>
      <trkpt lat="56.948090828955173492431640625" lon="-5.853981189429759979248046875">
        <ele>7.400000095367431640625</ele>
        <time>2025-09-01T15:37:14.000Z</time>
        <extensions>
          <ns3:TrackPointExtension>
            <ns3:hr>80</ns3:hr>
          </ns3:TrackPointExtension>
        </extensions>
      </trkpt>
      <trkpt lat="56.94809443317353725433349609375" lon="-5.8540054969489574432373046875">
        <ele>6.599999904632568359375</ele>
        <time>2025-09-01T15:37:16.000Z</time>
        <extensions>
          <ns3:TrackPointExtension>
            <ns3:hr>80</ns3:hr>
          </ns3:TrackPointExtension>
        </extensions>
      </trkpt>
      <trkpt lat="56.9481017254292964935302734375" lon="-5.854005999863147735595703125">
        <ele>6.19999980926513671875</ele>
        <time>2025-09-01T15:37:17.000Z</time>
        <extensions>
          <ns3:TrackPointExtension>
            <ns3:hr>80</ns3:hr>
          </ns3:TrackPointExtension>
        </extensions>
      </trkpt>
      <trkpt lat="56.948108263313770294189453125" lon="-5.85400759242475032806396484375">
        <ele>6.400000095367431640625</ele>
        <time>2025-09-01T15:37:18.000Z</time>
        <extensions>
          <ns3:TrackPointExtension>
            <ns3:hr>80</ns3:hr>
          </ns3:TrackPointExtension>
        </extensions>
      </trkpt>
      <trkpt lat="56.94811387918889522552490234375" lon="-5.854008682072162628173828125">
        <ele>6.599999904632568359375</ele>
        <time>2025-09-01T15:37:19.000Z</time>
        <extensions>
          <ns3:TrackPointExtension>
            <ns3:hr>79</ns3:hr>
          </ns3:TrackPointExtension>
        </extensions>
      </trkpt>
      <trkpt lat="56.948120333254337310791015625" lon="-5.85403441451489925384521484375">
        <ele>6.19999980926513671875</ele>
        <time>2025-09-01T15:37:22.000Z</time>
        <extensions>
          <ns3:TrackPointExtension>
            <ns3:hr>78</ns3:hr>
          </ns3:TrackPointExtension>
        </extensions>
      </trkpt>
      <trkpt lat="56.9481201656162738800048828125" lon="-5.85406492464244365692138671875">
        <ele>5</ele>
        <time>2025-09-01T15:37:24.000Z</time>
        <extensions>
          <ns3:TrackPointExtension>
            <ns3:hr>77</ns3:hr>
          </ns3:TrackPointExtension>
        </extensions>
      </trkpt>
      <trkpt lat="56.94812159053981304168701171875" lon="-5.8540829457342624664306640625">
        <ele>4.80000019073486328125</ele>
        <time>2025-09-01T15:37:25.000Z</time>
        <extensions>
          <ns3:TrackPointExtension>
            <ns3:hr>76</ns3:hr>
          </ns3:TrackPointExtension>
        </extensions>
      </trkpt>
      <trkpt lat="56.94812561385333538055419921875" lon="-5.85422149859368801116943359375">
        <ele>4.400000095367431640625</ele>
        <time>2025-09-01T15:37:33.000Z</time>
        <extensions>
          <ns3:TrackPointExtension>
            <ns3:hr>74</ns3:hr>
          </ns3:TrackPointExtension>
        </extensions>
      </trkpt>
      <trkpt lat="56.9481215067207813262939453125" lon="-5.85424630902707576751708984375">
        <ele>5.400000095367431640625</ele>
        <time>2025-09-01T15:37:40.000Z</time>
        <extensions>
          <ns3:TrackPointExtension>
            <ns3:hr>73</ns3:hr>
          </ns3:TrackPointExtension>
        </extensions>
      </trkpt>
      <trkpt lat="56.9481194950640201568603515625" lon="-5.85420154966413974761962890625">
        <ele>5</ele>
        <time>2025-09-01T15:37:47.000Z</time>
        <extensions>
          <ns3:TrackPointExtension>
            <ns3:hr>73</ns3:hr>
          </ns3:TrackPointExtension>
        </extensions>
      </trkpt>
      <trkpt lat="56.94811672903597354888916015625" lon="-5.85417707450687885284423828125">
        <ele>3.7999999523162841796875</ele>
        <time>2025-09-01T15:37:52.000Z</time>
        <extensions>
          <ns3:TrackPointExtension>
            <ns3:hr>72</ns3:hr>
          </ns3:TrackPointExtension>
        </extensions>
      </trkpt>
      <trkpt lat="56.948121003806591033935546875" lon="-5.8541734702885150909423828125">
        <ele>3.599999904632568359375</ele>
        <time>2025-09-01T15:37:55.000Z</time>
        <extensions>
          <ns3:TrackPointExtension>
            <ns3:hr>72</ns3:hr>
          </ns3:TrackPointExtension>
        </extensions>
      </trkpt>
      <trkpt lat="56.94812360219657421112060546875" lon="-5.85419786162674427032470703125">
        <ele>3.7999999523162841796875</ele>
        <time>2025-09-01T15:37:59.000Z</time>
        <extensions>
          <ns3:TrackPointExtension>
            <ns3:hr>75</ns3:hr>
          </ns3:TrackPointExtension>
        </extensions>
      </trkpt>
      <trkpt lat="56.948126368224620819091796875" lon="-5.8542090095579624176025390625">
        <ele>4.80000019073486328125</ele>
        <time>2025-09-01T15:38:02.000Z</time>
        <extensions>
          <ns3:TrackPointExtension>
            <ns3:hr>76</ns3:hr>
          </ns3:TrackPointExtension>
        </extensions>
      </trkpt>
      <trkpt lat="56.94812980480492115020751953125" lon="-5.85420859046280384063720703125">
        <ele>6.19999980926513671875</ele>
        <time>2025-09-01T15:38:04.000Z</time>
        <extensions>
          <ns3:TrackPointExtension>
            <ns3:hr>76</ns3:hr>
          </ns3:TrackPointExtension>
        </extensions>
      </trkpt>
      <trkpt lat="56.9481308944523334503173828125" lon="-5.8542080037295818328857421875">
        <ele>5.19999980926513671875</ele>
        <time>2025-09-01T15:38:12.000Z</time>
        <extensions>
          <ns3:TrackPointExtension>
            <ns3:hr>77</ns3:hr>
          </ns3:TrackPointExtension>
        </extensions>
      </trkpt>
      <trkpt lat="56.9481308944523334503173828125" lon="-5.8542080037295818328857421875">
        <ele>5.19999980926513671875</ele>
        <time>2025-09-01T15:38:24.000Z</time>
        <extensions>
          <ns3:TrackPointExtension>
            <ns3:hr>76</ns3:hr>
          </ns3:TrackPointExtension>
        </extensions>
      </trkpt>
      <trkpt lat="56.948125027120113372802734375" lon="-5.854207165539264678955078125">
        <ele>5.19999980926513671875</ele>
        <time>2025-09-01T15:38:36.000Z</time>
        <extensions>
          <ns3:TrackPointExtension>
            <ns3:hr>73</ns3:hr>
          </ns3:TrackPointExtension>
        </extensions>
      </trkpt>
      <trkpt lat="56.94812335073947906494140625" lon="-5.8542170561850070953369140625">
        <ele>5</ele>
        <time>2025-09-01T15:38:37.000Z</time>
        <extensions>
          <ns3:TrackPointExtension>
            <ns3:hr>74</ns3:hr>
          </ns3:TrackPointExtension>
        </extensions>
      </trkpt>
      <trkpt lat="56.94811941124498844146728515625" lon="-5.8542797528207302093505859375">
        <ele>4</ele>
        <time>2025-09-01T15:38:42.000Z</time>
        <extensions>
          <ns3:TrackPointExtension>
            <ns3:hr>73</ns3:hr>
          </ns3:TrackPointExtension>
        </extensions>
      </trkpt>
      <trkpt lat="56.94811773486435413360595703125" lon="-5.8543109335005283355712890625">
        <ele>4.80000019073486328125</ele>
        <time>2025-09-01T15:38:45.000Z</time>
        <extensions>
          <ns3:TrackPointExtension>
            <ns3:hr>73</ns3:hr>
          </ns3:TrackPointExtension>
        </extensions>
      </trkpt>
      <trkpt lat="56.94810130633413791656494140625" lon="-5.85435359738767147064208984375">
        <ele>5.80000019073486328125</ele>
        <time>2025-09-01T15:38:49.000Z</time>
        <extensions>
          <ns3:TrackPointExtension>
            <ns3:hr>74</ns3:hr>
          </ns3:TrackPointExtension>
        </extensions>
      </trkpt>
      <trkpt lat="56.9480909965932369232177734375" lon="-5.8543732948601245880126953125">
        <ele>5.599999904632568359375</ele>
        <time>2025-09-01T15:38:51.000Z</time>
        <extensions>
          <ns3:TrackPointExtension>
            <ns3:hr>74</ns3:hr>
          </ns3:TrackPointExtension>
        </extensions>
      </trkpt>
      <trkpt lat="56.94806157611310482025146484375" lon="-5.8544121868908405303955078125">
        <ele>4.400000095367431640625</ele>
        <time>2025-09-01T15:38:55.000Z</time>
        <extensions>
          <ns3:TrackPointExtension>
            <ns3:hr>74</ns3:hr>
          </ns3:TrackPointExtension>
        </extensions>
      </trkpt>
      <trkpt lat="56.94805118255317211151123046875" lon="-5.85441243834793567657470703125">
        <ele>4</ele>
        <time>2025-09-01T15:38:56.000Z</time>
        <extensions>
          <ns3:TrackPointExtension>
            <ns3:hr>74</ns3:hr>
          </ns3:TrackPointExtension>
        </extensions>
      </trkpt>
      <trkpt lat="56.9480336643755435943603515625" lon="-5.85442132316529750823974609375">
        <ele>3.2000000476837158203125</ele>
        <time>2025-09-01T15:38:58.000Z</time>
        <extensions>
          <ns3:TrackPointExtension>
            <ns3:hr>75</ns3:hr>
          </ns3:TrackPointExtension>
        </extensions>
      </trkpt>
      <trkpt lat="56.94797440432012081146240234375" lon="-5.85448385216295719146728515625">
        <ele>3.2000000476837158203125</ele>
        <time>2025-09-01T15:39:05.000Z</time>
        <extensions>
          <ns3:TrackPointExtension>
            <ns3:hr>75</ns3:hr>
          </ns3:TrackPointExtension>
        </extensions>
      </trkpt>
      <trkpt lat="56.947966106235980987548828125" lon="-5.85449726320803165435791015625">
        <ele>3.400000095367431640625</ele>
        <time>2025-09-01T15:39:11.000Z</time>
        <extensions>
          <ns3:TrackPointExtension>
            <ns3:hr>75</ns3:hr>
          </ns3:TrackPointExtension>
        </extensions>
      </trkpt>
      <trkpt lat="56.94796350784599781036376953125" lon="-5.85449474863708019256591796875">
        <ele>3.400000095367431640625</ele>
        <time>2025-09-01T15:39:21.000Z</time>
        <extensions>
          <ns3:TrackPointExtension>
            <ns3:hr>77</ns3:hr>
          </ns3:TrackPointExtension>
        </extensions>
      </trkpt>
      <trkpt lat="56.94796350784599781036376953125" lon="-5.85449474863708019256591796875">
        <ele>3.400000095367431640625</ele>
        <time>2025-09-01T15:39:28.000Z</time>
        <extensions>
          <ns3:TrackPointExtension>
            <ns3:hr>74</ns3:hr>
          </ns3:TrackPointExtension>
        </extensions>
      </trkpt>
      <trkpt lat="56.94796350784599781036376953125" lon="-5.85449474863708019256591796875">
        <ele>3.400000095367431640625</ele>
        <time>2025-09-01T15:39:36.000Z</time>
        <extensions>
          <ns3:TrackPointExtension>
            <ns3:hr>72</ns3:hr>
          </ns3:TrackPointExtension>
        </extensions>
      </trkpt>
      <trkpt lat="56.94796233437955379486083984375" lon="-5.854510925710201263427734375">
        <ele>4</ele>
        <time>2025-09-01T15:39:45.000Z</time>
        <extensions>
          <ns3:TrackPointExtension>
            <ns3:hr>72</ns3:hr>
          </ns3:TrackPointExtension>
        </extensions>
      </trkpt>
      <trkpt lat="56.947957389056682586669921875" lon="-5.854520313441753387451171875">
        <ele>4.400000095367431640625</ele>
        <time>2025-09-01T15:39:46.000Z</time>
        <extensions>
          <ns3:TrackPointExtension>
            <ns3:hr>72</ns3:hr>
          </ns3:TrackPointExtension>
        </extensions>
      </trkpt>
      <trkpt lat="56.9479246996343135833740234375" lon="-5.85462651215493679046630859375">
        <ele>4</ele>
        <time>2025-09-01T15:39:55.000Z</time>
        <extensions>
          <ns3:TrackPointExtension>
            <ns3:hr>71</ns3:hr>
          </ns3:TrackPointExtension>
        </extensions>
      </trkpt>
      <trkpt lat="56.9479112885892391204833984375" lon="-5.85468317382037639617919921875">
        <ele>3.7999999523162841796875</ele>
        <time>2025-09-01T15:40:02.000Z</time>
        <extensions>
          <ns3:TrackPointExtension>
            <ns3:hr>70</ns3:hr>
          </ns3:TrackPointExtension>
        </extensions>
      </trkpt>
      <trkpt lat="56.9479029066860675811767578125" lon="-5.854740925133228302001953125">
        <ele>3.599999904632568359375</ele>
        <time>2025-09-01T15:40:08.000Z</time>
        <extensions>
          <ns3:TrackPointExtension>
            <ns3:hr>70</ns3:hr>
          </ns3:TrackPointExtension>
        </extensions>
      </trkpt>
      <trkpt lat="56.9479019008576869964599609375" lon="-5.8547719381749629974365234375">
        <ele>3.7999999523162841796875</ele>
        <time>2025-09-01T15:40:15.000Z</time>
        <extensions>
          <ns3:TrackPointExtension>
            <ns3:hr>72</ns3:hr>
          </ns3:TrackPointExtension>
        </extensions>
      </trkpt>
      <trkpt lat="56.94790072739124298095703125" lon="-5.854773782193660736083984375">
        <ele>3.2000000476837158203125</ele>
        <time>2025-09-01T15:40:18.000Z</time>
        <extensions>
          <ns3:TrackPointExtension>
            <ns3:hr>72</ns3:hr>
          </ns3:TrackPointExtension>
        </extensions>
      </trkpt>
      <trkpt lat="56.94790332578122615814208984375" lon="-5.85478057153522968292236328125">
        <ele>2.7999999523162841796875</ele>
        <time>2025-09-01T15:40:23.000Z</time>
        <extensions>
          <ns3:TrackPointExtension>
            <ns3:hr>69</ns3:hr>
          </ns3:TrackPointExtension>
        </extensions>
      </trkpt>
      <trkpt lat="56.9479019008576869964599609375" lon="-5.8547786436975002288818359375">
        <ele>3.599999904632568359375</ele>
        <time>2025-09-01T15:40:24.000Z</time>
        <extensions>
          <ns3:TrackPointExtension>
            <ns3:hr>68</ns3:hr>
          </ns3:TrackPointExtension>
        </extensions>
      </trkpt>
      <trkpt lat="56.947902403771877288818359375" lon="-5.85477788932621479034423828125">
        <ele>4.80000019073486328125</ele>
        <time>2025-09-01T15:40:26.000Z</time>
        <extensions>
          <ns3:TrackPointExtension>
            <ns3:hr>67</ns3:hr>
          </ns3:TrackPointExtension>
        </extensions>
      </trkpt>
      <trkpt lat="56.947905756533145904541015625" lon="-5.8547783084213733673095703125">
        <ele>3.599999904632568359375</ele>
        <time>2025-09-01T15:40:30.000Z</time>
        <extensions>
          <ns3:TrackPointExtension>
            <ns3:hr>65</ns3:hr>
          </ns3:TrackPointExtension>
        </extensions>
      </trkpt>
      <trkpt lat="56.9479072652757167816162109375" lon="-5.8547833375632762908935546875">
        <ele>2.599999904632568359375</ele>
        <time>2025-09-01T15:40:35.000Z</time>
        <extensions>
          <ns3:TrackPointExtension>
            <ns3:hr>66</ns3:hr>
          </ns3:TrackPointExtension>
        </extensions>
      </trkpt>
      <trkpt lat="56.94790072739124298095703125" lon="-5.854773782193660736083984375">
        <ele>2.599999904632568359375</ele>
        <time>2025-09-01T15:40:38.000Z</time>
        <extensions>
          <ns3:TrackPointExtension>
            <ns3:hr>67</ns3:hr>
          </ns3:TrackPointExtension>
        </extensions>
      </trkpt>
      <trkpt lat="56.94790399633347988128662109375" lon="-5.85475089959800243377685546875">
        <ele>3.7999999523162841796875</ele>
        <time>2025-09-01T15:40:42.000Z</time>
        <extensions>
          <ns3:TrackPointExtension>
            <ns3:hr>69</ns3:hr>
          </ns3:TrackPointExtension>
        </extensions>
      </trkpt>
      <trkpt lat="56.9479133002460002899169921875" lon="-5.854709409177303314208984375">
        <ele>4.19999980926513671875</ele>
        <time>2025-09-01T15:40:45.000Z</time>
        <extensions>
          <ns3:TrackPointExtension>
            <ns3:hr>69</ns3:hr>
          </ns3:TrackPointExtension>
        </extensions>
      </trkpt>
      <trkpt lat="56.947946660220623016357421875" lon="-5.854561887681484222412109375">
        <ele>3.7999999523162841796875</ele>
        <time>2025-09-01T15:40:54.000Z</time>
        <extensions>
          <ns3:TrackPointExtension>
            <ns3:hr>69</ns3:hr>
          </ns3:TrackPointExtension>
        </extensions>
      </trkpt>
      <trkpt lat="56.94800776429474353790283203125" lon="-5.85440858267247676849365234375">
        <ele>2.7999999523162841796875</ele>
        <time>2025-09-01T15:41:05.000Z</time>
        <extensions>
          <ns3:TrackPointExtension>
            <ns3:hr>69</ns3:hr>
          </ns3:TrackPointExtension>
        </extensions>
      </trkpt>
      <trkpt lat="56.94801698438823223114013671875" lon="-5.854401290416717529296875">
        <ele>2.599999904632568359375</ele>
        <time>2025-09-01T15:41:06.000Z</time>
        <extensions>
          <ns3:TrackPointExtension>
            <ns3:hr>68</ns3:hr>
          </ns3:TrackPointExtension>
        </extensions>
      </trkpt>
      <trkpt lat="56.94804011844098567962646484375" lon="-5.8544044755399227142333984375">
        <ele>2.2000000476837158203125</ele>
        <time>2025-09-01T15:41:09.000Z</time>
        <extensions>
          <ns3:TrackPointExtension>
            <ns3:hr>68</ns3:hr>
          </ns3:TrackPointExtension>
        </extensions>
      </trkpt>
      <trkpt lat="56.94806174375116825103759765625" lon="-5.854412354528903961181640625">
        <ele>2</ele>
        <time>2025-09-01T15:41:11.000Z</time>
        <extensions>
          <ns3:TrackPointExtension>
            <ns3:hr>69</ns3:hr>
          </ns3:TrackPointExtension>
        </extensions>
      </trkpt>
      <trkpt lat="56.9480715505778789520263671875" lon="-5.85440598428249359130859375">
        <ele>2</ele>
        <time>2025-09-01T15:41:12.000Z</time>
        <extensions>
          <ns3:TrackPointExtension>
            <ns3:hr>69</ns3:hr>
          </ns3:TrackPointExtension>
        </extensions>
      </trkpt>
      <trkpt lat="56.94809745065867900848388671875" lon="-5.85435879416763782501220703125">
        <ele>3.599999904632568359375</ele>
        <time>2025-09-01T15:41:17.000Z</time>
        <extensions>
          <ns3:TrackPointExtension>
            <ns3:hr>67</ns3:hr>
          </ns3:TrackPointExtension>
        </extensions>
      </trkpt>
      <trkpt lat="56.94809895940124988555908203125" lon="-5.8543484844267368316650390625">
        <ele>4</ele>
        <time>2025-09-01T15:41:18.000Z</time>
        <extensions>
          <ns3:TrackPointExtension>
            <ns3:hr>67</ns3:hr>
          </ns3:TrackPointExtension>
        </extensions>
      </trkpt>
      <trkpt lat="56.94811128079891204833984375" lon="-5.8543002046644687652587890625">
        <ele>5.19999980926513671875</ele>
        <time>2025-09-01T15:41:22.000Z</time>
        <extensions>
          <ns3:TrackPointExtension>
            <ns3:hr>67</ns3:hr>
          </ns3:TrackPointExtension>
        </extensions>
      </trkpt>
      <trkpt lat="56.94811454974114894866943359375" lon="-5.85426894016563892364501953125">
        <ele>5.599999904632568359375</ele>
        <time>2025-09-01T15:41:24.000Z</time>
        <extensions>
          <ns3:TrackPointExtension>
            <ns3:hr>68</ns3:hr>
          </ns3:TrackPointExtension>
        </extensions>
      </trkpt>
      <trkpt lat="56.94812159053981304168701171875" lon="-5.8541050739586353302001953125">
        <ele>5.599999904632568359375</ele>
        <time>2025-09-01T15:41:34.000Z</time>
        <extensions>
          <ns3:TrackPointExtension>
            <ns3:hr>70</ns3:hr>
          </ns3:TrackPointExtension>
        </extensions>
      </trkpt>
      <trkpt lat="56.94812209345400333404541015625" lon="-5.853990577161312103271484375">
        <ele>6.19999980926513671875</ele>
        <time>2025-09-01T15:41:42.000Z</time>
        <extensions>
          <ns3:TrackPointExtension>
            <ns3:hr>71</ns3:hr>
          </ns3:TrackPointExtension>
        </extensions>
      </trkpt>
      <trkpt lat="56.9481235183775424957275390625" lon="-5.85397389717400074005126953125">
        <ele>6.400000095367431640625</ele>
        <time>2025-09-01T15:41:43.000Z</time>
        <extensions>
          <ns3:TrackPointExtension>
            <ns3:hr>72</ns3:hr>
          </ns3:TrackPointExtension>
        </extensions>
      </trkpt>
      <trkpt lat="56.94817808456718921661376953125" lon="-5.85386945866048336029052734375">
        <ele>6.400000095367431640625</ele>
        <time>2025-09-01T15:41:51.000Z</time>
        <extensions>
          <ns3:TrackPointExtension>
            <ns3:hr>73</ns3:hr>
          </ns3:TrackPointExtension>
        </extensions>
      </trkpt>
      <trkpt lat="56.9482123665511608123779296875" lon="-5.8538152277469635009765625">
        <ele>7.400000095367431640625</ele>
        <time>2025-09-01T15:41:56.000Z</time>
        <extensions>
          <ns3:TrackPointExtension>
            <ns3:hr>74</ns3:hr>
          </ns3:TrackPointExtension>
        </extensions>
      </trkpt>
      <trkpt lat="56.9482257775962352752685546875" lon="-5.85378932766616344451904296875">
        <ele>7.599999904632568359375</ele>
        <time>2025-09-01T15:41:58.000Z</time>
        <extensions>
          <ns3:TrackPointExtension>
            <ns3:hr>75</ns3:hr>
          </ns3:TrackPointExtension>
        </extensions>
      </trkpt>
      <trkpt lat="56.94825947284698486328125" lon="-5.853665359318256378173828125">
        <ele>7.599999904632568359375</ele>
        <time>2025-09-01T15:42:07.000Z</time>
        <extensions>
          <ns3:TrackPointExtension>
            <ns3:hr>75</ns3:hr>
          </ns3:TrackPointExtension>
        </extensions>
      </trkpt>
      <trkpt lat="56.948273889720439910888671875" lon="-5.85366728715598583221435546875">
        <ele>7.599999904632568359375</ele>
        <time>2025-09-01T15:42:09.000Z</time>
        <extensions>
          <ns3:TrackPointExtension>
            <ns3:hr>75</ns3:hr>
          </ns3:TrackPointExtension>
        </extensions>
      </trkpt>
      <trkpt lat="56.94829903542995452880859375" lon="-5.85367265157401561737060546875">
        <ele>7.599999904632568359375</ele>
        <time>2025-09-01T15:42:12.000Z</time>
        <extensions>
          <ns3:TrackPointExtension>
            <ns3:hr>76</ns3:hr>
          </ns3:TrackPointExtension>
        </extensions>
      </trkpt>
      <trkpt lat="56.9484138675034046173095703125" lon="-5.85360660217702388763427734375">
        <ele>8.19999980926513671875</ele>
        <time>2025-09-01T15:42:22.000Z</time>
        <extensions>
          <ns3:TrackPointExtension>
            <ns3:hr>77</ns3:hr>
          </ns3:TrackPointExtension>
        </extensions>
      </trkpt>
      <trkpt lat="56.9484658353030681610107421875" lon="-5.85360056720674037933349609375">
        <ele>8.19999980926513671875</ele>
        <time>2025-09-01T15:42:29.000Z</time>
        <extensions>
          <ns3:TrackPointExtension>
            <ns3:hr>78</ns3:hr>
          </ns3:TrackPointExtension>
        </extensions>
      </trkpt>
      <trkpt lat="56.94856331683695316314697265625" lon="-5.85354030132293701171875">
        <ele>7.599999904632568359375</ele>
        <time>2025-09-01T15:42:38.000Z</time>
        <extensions>
          <ns3:TrackPointExtension>
            <ns3:hr>77</ns3:hr>
          </ns3:TrackPointExtension>
        </extensions>
      </trkpt>
      <trkpt lat="56.948669850826263427734375" lon="-5.85340149700641632080078125">
        <ele>7.599999904632568359375</ele>
        <time>2025-09-01T15:42:49.000Z</time>
        <extensions>
          <ns3:TrackPointExtension>
            <ns3:hr>78</ns3:hr>
          </ns3:TrackPointExtension>
        </extensions>
      </trkpt>
      <trkpt lat="56.94874436594545841217041015625" lon="-5.8532010018825531005859375">
        <ele>8</ele>
        <time>2025-09-01T15:43:00.000Z</time>
        <extensions>
          <ns3:TrackPointExtension>
            <ns3:hr>80</ns3:hr>
          </ns3:TrackPointExtension>
        </extensions>
      </trkpt>
      <trkpt lat="56.94878862239420413970947265625" lon="-5.853070579469203948974609375">
        <ele>7.599999904632568359375</ele>
        <time>2025-09-01T15:43:08.000Z</time>
        <extensions>
          <ns3:TrackPointExtension>
            <ns3:hr>81</ns3:hr>
          </ns3:TrackPointExtension>
        </extensions>
      </trkpt>
      <trkpt lat="56.94887839257717132568359375" lon="-5.8528615348041057586669921875">
        <ele>7.599999904632568359375</ele>
        <time>2025-09-01T15:43:20.000Z</time>
        <extensions>
          <ns3:TrackPointExtension>
            <ns3:hr>81</ns3:hr>
          </ns3:TrackPointExtension>
        </extensions>
      </trkpt>
      <trkpt lat="56.94895961321890354156494140625" lon="-5.8527089841663837432861328125">
        <ele>7.599999904632568359375</ele>
        <time>2025-09-01T15:43:30.000Z</time>
        <extensions>
          <ns3:TrackPointExtension>
            <ns3:hr>81</ns3:hr>
          </ns3:TrackPointExtension>
        </extensions>
      </trkpt>
      <trkpt lat="56.94906136952340602874755859375" lon="-5.85262172855436801910400390625">
        <ele>7.400000095367431640625</ele>
        <time>2025-09-01T15:43:41.000Z</time>
        <extensions>
          <ns3:TrackPointExtension>
            <ns3:hr>81</ns3:hr>
          </ns3:TrackPointExtension>
        </extensions>
      </trkpt>
      <trkpt lat="56.9491269998252391815185546875" lon="-5.85264385677874088287353515625">
        <ele>6.599999904632568359375</ele>
        <time>2025-09-01T15:43:49.000Z</time>
        <extensions>
          <ns3:TrackPointExtension>
            <ns3:hr>79</ns3:hr>
          </ns3:TrackPointExtension>
        </extensions>
      </trkpt>
      <trkpt lat="56.94916547276079654693603515625" lon="-5.85260328836739063262939453125">
        <ele>6.400000095367431640625</ele>
        <time>2025-09-01T15:43:55.000Z</time>
        <extensions>
          <ns3:TrackPointExtension>
            <ns3:hr>79</ns3:hr>
          </ns3:TrackPointExtension>
        </extensions>
      </trkpt>
      <trkpt lat="56.94918441586196422576904296875" lon="-5.8525799028575420379638671875">
        <ele>6.400000095367431640625</ele>
        <time>2025-09-01T15:43:57.000Z</time>
        <extensions>
          <ns3:TrackPointExtension>
            <ns3:hr>79</ns3:hr>
          </ns3:TrackPointExtension>
        </extensions>
      </trkpt>
      <trkpt lat="56.94924183189868927001953125" lon="-5.85256598889827728271484375">
        <ele>5.19999980926513671875</ele>
        <time>2025-09-01T15:44:02.000Z</time>
        <extensions>
          <ns3:TrackPointExtension>
            <ns3:hr>79</ns3:hr>
          </ns3:TrackPointExtension>
        </extensions>
      </trkpt>
      <trkpt lat="56.94927108474075794219970703125" lon="-5.85253589786589145660400390625">
        <ele>4.599999904632568359375</ele>
        <time>2025-09-01T15:44:06.000Z</time>
        <extensions>
          <ns3:TrackPointExtension>
            <ns3:hr>78</ns3:hr>
          </ns3:TrackPointExtension>
        </extensions>
      </trkpt>
      <trkpt lat="56.94934048689901828765869140625" lon="-5.85250295698642730712890625">
        <ele>4.400000095367431640625</ele>
        <time>2025-09-01T15:44:14.000Z</time>
        <extensions>
          <ns3:TrackPointExtension>
            <ns3:hr>77</ns3:hr>
          </ns3:TrackPointExtension>
        </extensions>
      </trkpt>
      <trkpt lat="56.94936110638082027435302734375" lon="-5.8524836786091327667236328125">
        <ele>4.19999980926513671875</ele>
        <time>2025-09-01T15:44:16.000Z</time>
        <extensions>
          <ns3:TrackPointExtension>
            <ns3:hr>77</ns3:hr>
          </ns3:TrackPointExtension>
        </extensions>
      </trkpt>
      <trkpt lat="56.94944442249834537506103515625" lon="-5.85247487761080265045166015625">
        <ele>4.19999980926513671875</ele>
        <time>2025-09-01T15:44:24.000Z</time>
        <extensions>
          <ns3:TrackPointExtension>
            <ns3:hr>75</ns3:hr>
          </ns3:TrackPointExtension>
        </extensions>
      </trkpt>
      <trkpt lat="56.94949588738381862640380859375" lon="-5.8525017835199832916259765625">
        <ele>3.2000000476837158203125</ele>
        <time>2025-09-01T15:44:30.000Z</time>
        <extensions>
          <ns3:TrackPointExtension>
            <ns3:hr>75</ns3:hr>
          </ns3:TrackPointExtension>
        </extensions>
      </trkpt>
      <trkpt lat="56.94951868616044521331787109375" lon="-5.8525091595947742462158203125">
        <ele>3</ele>
        <time>2025-09-01T15:44:32.000Z</time>
        <extensions>
          <ns3:TrackPointExtension>
            <ns3:hr>76</ns3:hr>
          </ns3:TrackPointExtension>
        </extensions>
      </trkpt>
      <trkpt lat="56.9495601765811443328857421875" lon="-5.8524501509964466094970703125">
        <ele>3.400000095367431640625</ele>
        <time>2025-09-01T15:44:38.000Z</time>
        <extensions>
          <ns3:TrackPointExtension>
            <ns3:hr>77</ns3:hr>
          </ns3:TrackPointExtension>
        </extensions>
      </trkpt>
      <trkpt lat="56.9496144913136959075927734375" lon="-5.85232735611498355865478515625">
        <ele>3.599999904632568359375</ele>
        <time>2025-09-01T15:44:47.000Z</time>
        <extensions>
          <ns3:TrackPointExtension>
            <ns3:hr>75</ns3:hr>
          </ns3:TrackPointExtension>
        </extensions>
      </trkpt>
      <trkpt lat="56.9497174210846424102783203125" lon="-5.8522979356348514556884765625">
        <ele>3.2000000476837158203125</ele>
        <time>2025-09-01T15:44:57.000Z</time>
        <extensions>
          <ns3:TrackPointExtension>
            <ns3:hr>75</ns3:hr>
          </ns3:TrackPointExtension>
        </extensions>
      </trkpt>
      <trkpt lat="56.9498515315353870391845703125" lon="-5.8523239195346832275390625">
        <ele>3</ele>
        <time>2025-09-01T15:45:08.000Z</time>
        <extensions>
          <ns3:TrackPointExtension>
            <ns3:hr>77</ns3:hr>
          </ns3:TrackPointExtension>
        </extensions>
      </trkpt>
      <trkpt lat="56.9499360211193561553955078125" lon="-5.8524580299854278564453125">
        <ele>2.7999999523162841796875</ele>
        <time>2025-09-01T15:45:18.000Z</time>
        <extensions>
          <ns3:TrackPointExtension>
            <ns3:hr>77</ns3:hr>
          </ns3:TrackPointExtension>
        </extensions>
      </trkpt>
      <trkpt lat="56.94996225647628307342529296875" lon="-5.85260563530027866363525390625">
        <ele>4.400000095367431640625</ele>
        <time>2025-09-01T15:45:26.000Z</time>
        <extensions>
          <ns3:TrackPointExtension>
            <ns3:hr>78</ns3:hr>
          </ns3:TrackPointExtension>
        </extensions>
      </trkpt>
      <trkpt lat="56.94996845908463001251220703125" lon="-5.85261519066989421844482421875">
        <ele>4.599999904632568359375</ele>
        <time>2025-09-01T15:45:27.000Z</time>
        <extensions>
          <ns3:TrackPointExtension>
            <ns3:hr>78</ns3:hr>
          </ns3:TrackPointExtension>
        </extensions>
      </trkpt>
      <trkpt lat="56.95001942105591297149658203125" lon="-5.85262910462915897369384765625">
        <ele>5.400000095367431640625</ele>
        <time>2025-09-01T15:45:33.000Z</time>
        <extensions>
          <ns3:TrackPointExtension>
            <ns3:hr>78</ns3:hr>
          </ns3:TrackPointExtension>
        </extensions>
      </trkpt>
      <trkpt lat="56.9501060061156749725341796875" lon="-5.8526915498077869415283203125">
        <ele>6</ele>
        <time>2025-09-01T15:45:42.000Z</time>
        <extensions>
          <ns3:TrackPointExtension>
            <ns3:hr>78</ns3:hr>
          </ns3:TrackPointExtension>
        </extensions>
      </trkpt>
      <trkpt lat="56.9501381926238536834716796875" lon="-5.85271661169826984405517578125">
        <ele>6.400000095367431640625</ele>
        <time>2025-09-01T15:45:46.000Z</time>
        <extensions>
          <ns3:TrackPointExtension>
            <ns3:hr>83</ns3:hr>
          </ns3:TrackPointExtension>
        </extensions>
      </trkpt>
      <trkpt lat="56.95015369914472103118896484375" lon="-5.852723233401775360107421875">
        <ele>6.400000095367431640625</ele>
        <time>2025-09-01T15:45:48.000Z</time>
        <extensions>
          <ns3:TrackPointExtension>
            <ns3:hr>84</ns3:hr>
          </ns3:TrackPointExtension>
        </extensions>
      </trkpt>
      <trkpt lat="56.950163505971431732177734375" lon="-5.8527405001223087310791015625">
        <ele>6.19999980926513671875</ele>
        <time>2025-09-01T15:45:51.000Z</time>
        <extensions>
          <ns3:TrackPointExtension>
            <ns3:hr>85</ns3:hr>
          </ns3:TrackPointExtension>
        </extensions>
      </trkpt>
      <trkpt lat="56.95017616264522075653076171875" lon="-5.85276204161345958709716796875">
        <ele>6.19999980926513671875</ele>
        <time>2025-09-01T15:45:53.000Z</time>
        <extensions>
          <ns3:TrackPointExtension>
            <ns3:hr>85</ns3:hr>
          </ns3:TrackPointExtension>
        </extensions>
      </trkpt>
      <trkpt lat="56.950227878987789154052734375" lon="-5.8527847565710544586181640625">
        <ele>6.599999904632568359375</ele>
        <time>2025-09-01T15:46:00.000Z</time>
        <extensions>
          <ns3:TrackPointExtension>
            <ns3:hr>87</ns3:hr>
          </ns3:TrackPointExtension>
        </extensions>
      </trkpt>
      <trkpt lat="56.9503081776201725006103515625" lon="-5.85286371409893035888671875">
        <ele>6.19999980926513671875</ele>
        <time>2025-09-01T15:46:09.000Z</time>
        <extensions>
          <ns3:TrackPointExtension>
            <ns3:hr>87</ns3:hr>
          </ns3:TrackPointExtension>
        </extensions>
      </trkpt>
      <trkpt lat="56.9503732211887836456298828125" lon="-5.852898247539997100830078125">
        <ele>5.599999904632568359375</ele>
        <time>2025-09-01T15:46:16.000Z</time>
        <extensions>
          <ns3:TrackPointExtension>
            <ns3:hr>86</ns3:hr>
          </ns3:TrackPointExtension>
        </extensions>
      </trkpt>
      <trkpt lat="56.9504546932876110076904296875" lon="-5.852945856750011444091796875">
        <ele>5.599999904632568359375</ele>
        <time>2025-09-01T15:46:24.000Z</time>
        <extensions>
          <ns3:TrackPointExtension>
            <ns3:hr>86</ns3:hr>
          </ns3:TrackPointExtension>
        </extensions>
      </trkpt>
      <trkpt lat="56.9504655897617340087890625" lon="-5.8529515564441680908203125">
        <ele>5.400000095367431640625</ele>
        <time>2025-09-01T15:46:25.000Z</time>
        <extensions>
          <ns3:TrackPointExtension>
            <ns3:hr>85</ns3:hr>
          </ns3:TrackPointExtension>
        </extensions>
      </trkpt>
      <trkpt lat="56.9505512528121471405029296875" lon="-5.85298952646553516387939453125">
        <ele>5.80000019073486328125</ele>
        <time>2025-09-01T15:46:34.000Z</time>
        <extensions>
          <ns3:TrackPointExtension>
            <ns3:hr>84</ns3:hr>
          </ns3:TrackPointExtension>
        </extensions>
      </trkpt>
      <trkpt lat="56.95060305297374725341796875" lon="-5.853031687438488006591796875">
        <ele>5.599999904632568359375</ele>
        <time>2025-09-01T15:46:40.000Z</time>
        <extensions>
          <ns3:TrackPointExtension>
            <ns3:hr>82</ns3:hr>
          </ns3:TrackPointExtension>
        </extensions>
      </trkpt>
      <trkpt lat="56.95071042515337467193603515625" lon="-5.853118188679218292236328125">
        <ele>5.80000019073486328125</ele>
        <time>2025-09-01T15:46:51.000Z</time>
        <extensions>
          <ns3:TrackPointExtension>
            <ns3:hr>80</ns3:hr>
          </ns3:TrackPointExtension>
        </extensions>
      </trkpt>
      <trkpt lat="56.95077161304652690887451171875" lon="-5.85313637740910053253173828125">
        <ele>6.599999904632568359375</ele>
        <time>2025-09-01T15:46:58.000Z</time>
        <extensions>
          <ns3:TrackPointExtension>
            <ns3:hr>80</ns3:hr>
          </ns3:TrackPointExtension>
        </extensions>
      </trkpt>
      <trkpt lat="56.95081335492432117462158203125" lon="-5.8531528897583484649658203125">
        <ele>7.400000095367431640625</ele>
        <time>2025-09-01T15:47:02.000Z</time>
        <extensions>
          <ns3:TrackPointExtension>
            <ns3:hr>81</ns3:hr>
          </ns3:TrackPointExtension>
        </extensions>
      </trkpt>
      <trkpt lat="56.95083162747323513031005859375" lon="-5.85315607488155364990234375">
        <ele>7.80000019073486328125</ele>
        <time>2025-09-01T15:47:04.000Z</time>
        <extensions>
          <ns3:TrackPointExtension>
            <ns3:hr>80</ns3:hr>
          </ns3:TrackPointExtension>
        </extensions>
      </trkpt>
      <trkpt lat="56.95085652172565460205078125" lon="-5.8531589247286319732666015625">
        <ele>8.80000019073486328125</ele>
        <time>2025-09-01T15:47:07.000Z</time>
        <extensions>
          <ns3:TrackPointExtension>
            <ns3:hr>80</ns3:hr>
          </ns3:TrackPointExtension>
        </extensions>
      </trkpt>
      <trkpt lat="56.95088795386254787445068359375" lon="-5.8531629480421543121337890625">
        <ele>9.6000003814697265625</ele>
        <time>2025-09-01T15:47:11.000Z</time>
        <extensions>
          <ns3:TrackPointExtension>
            <ns3:hr>80</ns3:hr>
          </ns3:TrackPointExtension>
        </extensions>
      </trkpt>
      <trkpt lat="56.95091393776237964630126953125" lon="-5.853177197277545928955078125">
        <ele>9.80000019073486328125</ele>
        <time>2025-09-01T15:47:14.000Z</time>
        <extensions>
          <ns3:TrackPointExtension>
            <ns3:hr>80</ns3:hr>
          </ns3:TrackPointExtension>
        </extensions>
      </trkpt>
      <trkpt lat="56.95097411982715129852294921875" lon="-5.85322790779173374176025390625">
        <ele>10.3999996185302734375</ele>
        <time>2025-09-01T15:47:21.000Z</time>
        <extensions>
          <ns3:TrackPointExtension>
            <ns3:hr>81</ns3:hr>
          </ns3:TrackPointExtension>
        </extensions>
      </trkpt>
      <trkpt lat="56.95102273486554622650146484375" lon="-5.85324265994131565093994140625">
        <ele>8.80000019073486328125</ele>
        <time>2025-09-01T15:47:28.000Z</time>
        <extensions>
          <ns3:TrackPointExtension>
            <ns3:hr>81</ns3:hr>
          </ns3:TrackPointExtension>
        </extensions>
      </trkpt>
      <trkpt lat="56.95102893747389316558837890625" lon="-5.85323729552328586578369140625">
        <ele>8.6000003814697265625</ele>
        <time>2025-09-01T15:47:29.000Z</time>
        <extensions>
          <ns3:TrackPointExtension>
            <ns3:hr>81</ns3:hr>
          </ns3:TrackPointExtension>
        </extensions>
      </trkpt>
      <trkpt lat="56.95106414146721363067626953125" lon="-5.8531391434371471405029296875">
        <ele>9</ele>
        <time>2025-09-01T15:47:36.000Z</time>
        <extensions>
          <ns3:TrackPointExtension>
            <ns3:hr>81</ns3:hr>
          </ns3:TrackPointExtension>
        </extensions>
      </trkpt>
      <trkpt lat="56.95108157582581043243408203125" lon="-5.85304115898907184600830078125">
        <ele>9.80000019073486328125</ele>
        <time>2025-09-01T15:47:42.000Z</time>
        <extensions>
          <ns3:TrackPointExtension>
            <ns3:hr>80</ns3:hr>
          </ns3:TrackPointExtension>
        </extensions>
      </trkpt>
      <trkpt lat="56.9510816596448421478271484375" lon="-5.8529892750084400177001953125">
        <ele>10.3999996185302734375</ele>
        <time>2025-09-01T15:47:45.000Z</time>
        <extensions>
          <ns3:TrackPointExtension>
            <ns3:hr>79</ns3:hr>
          </ns3:TrackPointExtension>
        </extensions>
      </trkpt>
      <trkpt lat="56.95109096355736255645751953125" lon="-5.85294359363615512847900390625">
        <ele>10.80000019073486328125</ele>
        <time>2025-09-01T15:47:48.000Z</time>
        <extensions>
          <ns3:TrackPointExtension>
            <ns3:hr>79</ns3:hr>
          </ns3:TrackPointExtension>
        </extensions>
      </trkpt>
      <trkpt lat="56.95109188556671142578125" lon="-5.8528320305049419403076171875">
        <ele>10.80000019073486328125</ele>
        <time>2025-09-01T15:47:54.000Z</time>
        <extensions>
          <ns3:TrackPointExtension>
            <ns3:hr>79</ns3:hr>
          </ns3:TrackPointExtension>
        </extensions>
      </trkpt>
      <trkpt lat="56.95110353641211986541748046875" lon="-5.8527126722037792205810546875">
        <ele>11.19999980926513671875</ele>
        <time>2025-09-01T15:48:01.000Z</time>
        <extensions>
          <ns3:TrackPointExtension>
            <ns3:hr>79</ns3:hr>
          </ns3:TrackPointExtension>
        </extensions>
      </trkpt>
      <trkpt lat="56.95111409761011600494384765625" lon="-5.852546878159046173095703125">
        <ele>10.19999980926513671875</ele>
        <time>2025-09-01T15:48:09.000Z</time>
        <extensions>
          <ns3:TrackPointExtension>
            <ns3:hr>82</ns3:hr>
          </ns3:TrackPointExtension>
        </extensions>
      </trkpt>
      <trkpt lat="56.951121054589748382568359375" lon="-5.8524660766124725341796875">
        <ele>10</ele>
        <time>2025-09-01T15:48:13.000Z</time>
        <extensions>
          <ns3:TrackPointExtension>
            <ns3:hr>82</ns3:hr>
          </ns3:TrackPointExtension>
        </extensions>
      </trkpt>
      <trkpt lat="56.9511373154819011688232421875" lon="-5.85228578187525272369384765625">
        <ele>11</ele>
        <time>2025-09-01T15:48:23.000Z</time>
        <extensions>
          <ns3:TrackPointExtension>
            <ns3:hr>80</ns3:hr>
          </ns3:TrackPointExtension>
        </extensions>
      </trkpt>
      <trkpt lat="56.951149217784404754638671875" lon="-5.8521584607660770416259765625">
        <ele>9.80000019073486328125</ele>
        <time>2025-09-01T15:48:30.000Z</time>
        <extensions>
          <ns3:TrackPointExtension>
            <ns3:hr>79</ns3:hr>
          </ns3:TrackPointExtension>
        </extensions>
      </trkpt>
      <trkpt lat="56.951151899993419647216796875" lon="-5.85213549435138702392578125">
        <ele>9.6000003814697265625</ele>
        <time>2025-09-01T15:48:31.000Z</time>
        <extensions>
          <ns3:TrackPointExtension>
            <ns3:hr>80</ns3:hr>
          </ns3:TrackPointExtension>
        </extensions>
      </trkpt>
      <trkpt lat="56.95115885697305202484130859375" lon="-5.8520769886672496795654296875">
        <ele>9</ele>
        <time>2025-09-01T15:48:34.000Z</time>
        <extensions>
          <ns3:TrackPointExtension>
            <ns3:hr>79</ns3:hr>
          </ns3:TrackPointExtension>
        </extensions>
      </trkpt>
      <trkpt lat="56.951163969933986663818359375" lon="-5.85203834809362888336181640625">
        <ele>8.6000003814697265625</ele>
        <time>2025-09-01T15:48:36.000Z</time>
        <extensions>
          <ns3:TrackPointExtension>
            <ns3:hr>78</ns3:hr>
          </ns3:TrackPointExtension>
        </extensions>
      </trkpt>
      <trkpt lat="56.951168663799762725830078125" lon="-5.8519241027534008026123046875">
        <ele>9.3999996185302734375</ele>
        <time>2025-09-01T15:48:43.000Z</time>
        <extensions>
          <ns3:TrackPointExtension>
            <ns3:hr>76</ns3:hr>
          </ns3:TrackPointExtension>
        </extensions>
      </trkpt>
      <trkpt lat="56.9511758722364902496337890625" lon="-5.85185612551867961883544921875">
        <ele>9.6000003814697265625</ele>
        <time>2025-09-01T15:48:47.000Z</time>
        <extensions>
          <ns3:TrackPointExtension>
            <ns3:hr>77</ns3:hr>
          </ns3:TrackPointExtension>
        </extensions>
      </trkpt>
      <trkpt lat="56.95118182338774204254150390625" lon="-5.85178152658045291900634765625">
        <ele>9.6000003814697265625</ele>
        <time>2025-09-01T15:48:51.000Z</time>
        <extensions>
          <ns3:TrackPointExtension>
            <ns3:hr>77</ns3:hr>
          </ns3:TrackPointExtension>
        </extensions>
      </trkpt>
      <trkpt lat="56.9511986710131168365478515625" lon="-5.85171036422252655029296875">
        <ele>9.19999980926513671875</ele>
        <time>2025-09-01T15:48:55.000Z</time>
        <extensions>
          <ns3:TrackPointExtension>
            <ns3:hr>78</ns3:hr>
          </ns3:TrackPointExtension>
        </extensions>
      </trkpt>
      <trkpt lat="56.9512389041483402252197265625" lon="-5.85168077610433101654052734375">
        <ele>9.3999996185302734375</ele>
        <time>2025-09-01T15:48:59.000Z</time>
        <extensions>
          <ns3:TrackPointExtension>
            <ns3:hr>79</ns3:hr>
          </ns3:TrackPointExtension>
        </extensions>
      </trkpt>
      <trkpt lat="56.95130319334566593170166015625" lon="-5.851608105003833770751953125">
        <ele>10.80000019073486328125</ele>
        <time>2025-09-01T15:49:07.000Z</time>
        <extensions>
          <ns3:TrackPointExtension>
            <ns3:hr>80</ns3:hr>
          </ns3:TrackPointExtension>
        </extensions>
      </trkpt>
      <trkpt lat="56.95131794549524784088134765625" lon="-5.851584970951080322265625">
        <ele>10.6000003814697265625</ele>
        <time>2025-09-01T15:49:09.000Z</time>
        <extensions>
          <ns3:TrackPointExtension>
            <ns3:hr>80</ns3:hr>
          </ns3:TrackPointExtension>
        </extensions>
      </trkpt>
      <trkpt lat="56.95133529603481292724609375" lon="-5.85155270062386989593505859375">
        <ele>9.6000003814697265625</ele>
        <time>2025-09-01T15:49:12.000Z</time>
        <extensions>
          <ns3:TrackPointExtension>
            <ns3:hr>82</ns3:hr>
          </ns3:TrackPointExtension>
        </extensions>
      </trkpt>
      <trkpt lat="56.95135616697371006011962890625" lon="-5.85152084939181804656982421875">
        <ele>8.6000003814697265625</ele>
        <time>2025-09-01T15:49:15.000Z</time>
        <extensions>
          <ns3:TrackPointExtension>
            <ns3:hr>82</ns3:hr>
          </ns3:TrackPointExtension>
        </extensions>
      </trkpt>
      <trkpt lat="56.9513948075473308563232421875" lon="-5.85148639976978302001953125">
        <ele>7.400000095367431640625</ele>
        <time>2025-09-01T15:49:19.000Z</time>
        <extensions>
          <ns3:TrackPointExtension>
            <ns3:hr>82</ns3:hr>
          </ns3:TrackPointExtension>
        </extensions>
      </trkpt>
      <trkpt lat="56.9514048658311367034912109375" lon="-5.8514741621911525726318359375">
        <ele>7.19999980926513671875</ele>
        <time>2025-09-01T15:49:20.000Z</time>
        <extensions>
          <ns3:TrackPointExtension>
            <ns3:hr>81</ns3:hr>
          </ns3:TrackPointExtension>
        </extensions>
      </trkpt>
      <trkpt lat="56.9514662213623523712158203125" lon="-5.85137818939983844757080078125">
        <ele>6.80000019073486328125</ele>
        <time>2025-09-01T15:49:28.000Z</time>
        <extensions>
          <ns3:TrackPointExtension>
            <ns3:hr>80</ns3:hr>
          </ns3:TrackPointExtension>
        </extensions>
      </trkpt>
      <trkpt lat="56.9515386410057544708251953125" lon="-5.85137668065726757049560546875">
        <ele>6.400000095367431640625</ele>
        <time>2025-09-01T15:49:35.000Z</time>
        <extensions>
          <ns3:TrackPointExtension>
            <ns3:hr>80</ns3:hr>
          </ns3:TrackPointExtension>
        </extensions>
      </trkpt>
      <trkpt lat="56.9515718333423137664794921875" lon="-5.85137601010501384735107421875">
        <ele>5.80000019073486328125</ele>
        <time>2025-09-01T15:49:42.000Z</time>
        <extensions>
          <ns3:TrackPointExtension>
            <ns3:hr>80</ns3:hr>
          </ns3:TrackPointExtension>
        </extensions>
      </trkpt>
      <trkpt lat="56.951636038720607757568359375" lon="-5.851382799446582794189453125">
        <ele>6.19999980926513671875</ele>
        <time>2025-09-01T15:49:50.000Z</time>
        <extensions>
          <ns3:TrackPointExtension>
            <ns3:hr>82</ns3:hr>
          </ns3:TrackPointExtension>
        </extensions>
      </trkpt>
      <trkpt lat="56.95170150138437747955322265625" lon="-5.85136611945927143096923828125">
        <ele>7.599999904632568359375</ele>
        <time>2025-09-01T15:49:58.000Z</time>
        <extensions>
          <ns3:TrackPointExtension>
            <ns3:hr>82</ns3:hr>
          </ns3:TrackPointExtension>
        </extensions>
      </trkpt>
      <trkpt lat="56.951721198856830596923828125" lon="-5.85135689936578273773193359375">
        <ele>8</ele>
        <time>2025-09-01T15:50:00.000Z</time>
        <extensions>
          <ns3:TrackPointExtension>
            <ns3:hr>82</ns3:hr>
          </ns3:TrackPointExtension>
        </extensions>
      </trkpt>
      <trkpt lat="56.95173536427319049835205078125" lon="-5.85134415887296199798583984375">
        <ele>8.80000019073486328125</ele>
        <time>2025-09-01T15:50:03.000Z</time>
        <extensions>
          <ns3:TrackPointExtension>
            <ns3:hr>81</ns3:hr>
          </ns3:TrackPointExtension>
        </extensions>
      </trkpt>
      <trkpt lat="56.951769478619098663330078125" lon="-5.851291604340076446533203125">
        <ele>9.80000019073486328125</ele>
        <time>2025-09-01T15:50:08.000Z</time>
        <extensions>
          <ns3:TrackPointExtension>
            <ns3:hr>81</ns3:hr>
          </ns3:TrackPointExtension>
        </extensions>
      </trkpt>
      <trkpt lat="56.95178381167352199554443359375" lon="-5.85127073340117931365966796875">
        <ele>9.80000019073486328125</ele>
        <time>2025-09-01T15:50:10.000Z</time>
        <extensions>
          <ns3:TrackPointExtension>
            <ns3:hr>82</ns3:hr>
          </ns3:TrackPointExtension>
        </extensions>
      </trkpt>
      <trkpt lat="56.95184357464313507080078125" lon="-5.85119613446295261383056640625">
        <ele>9</ele>
        <time>2025-09-01T15:50:18.000Z</time>
        <extensions>
          <ns3:TrackPointExtension>
            <ns3:hr>82</ns3:hr>
          </ns3:TrackPointExtension>
        </extensions>
      </trkpt>
      <trkpt lat="56.95188255049288272857666015625" lon="-5.851178281009197235107421875">
        <ele>8.6000003814697265625</ele>
        <time>2025-09-01T15:50:21.000Z</time>
        <extensions>
          <ns3:TrackPointExtension>
            <ns3:hr>81</ns3:hr>
          </ns3:TrackPointExtension>
        </extensions>
      </trkpt>
      <trkpt lat="56.9519386254251003265380859375" lon="-5.85118389688432216644287109375">
        <ele>7.80000019073486328125</ele>
        <time>2025-09-01T15:50:26.000Z</time>
        <extensions>
          <ns3:TrackPointExtension>
            <ns3:hr>81</ns3:hr>
          </ns3:TrackPointExtension>
        </extensions>
      </trkpt>
      <trkpt lat="56.9520127214491367340087890625" lon="-5.8512458391487598419189453125">
        <ele>7.599999904632568359375</ele>
        <time>2025-09-01T15:50:34.000Z</time>
        <extensions>
          <ns3:TrackPointExtension>
            <ns3:hr>82</ns3:hr>
          </ns3:TrackPointExtension>
        </extensions>
      </trkpt>
      <trkpt lat="56.95202118717133998870849609375" lon="-5.8512542210519313812255859375">
        <ele>7.400000095367431640625</ele>
        <time>2025-09-01T15:50:35.000Z</time>
        <extensions>
          <ns3:TrackPointExtension>
            <ns3:hr>82</ns3:hr>
          </ns3:TrackPointExtension>
        </extensions>
      </trkpt>
      <trkpt lat="56.9520975463092327117919921875" lon="-5.85127123631536960601806640625">
        <ele>6.599999904632568359375</ele>
        <time>2025-09-01T15:50:44.000Z</time>
        <extensions>
          <ns3:TrackPointExtension>
            <ns3:hr>82</ns3:hr>
          </ns3:TrackPointExtension>
        </extensions>
      </trkpt>
      <trkpt lat="56.95210869424045085906982421875" lon="-5.8512733317911624908447265625">
        <ele>6.400000095367431640625</ele>
        <time>2025-09-01T15:50:45.000Z</time>
        <extensions>
          <ns3:TrackPointExtension>
            <ns3:hr>82</ns3:hr>
          </ns3:TrackPointExtension>
        </extensions>
      </trkpt>
      <trkpt lat="56.9521796889603137969970703125" lon="-5.851245336234569549560546875">
        <ele>6</ele>
        <time>2025-09-01T15:50:53.000Z</time>
        <extensions>
          <ns3:TrackPointExtension>
            <ns3:hr>81</ns3:hr>
          </ns3:TrackPointExtension>
        </extensions>
      </trkpt>
      <trkpt lat="56.9522370211780071258544921875" lon="-5.85118289105594158172607421875">
        <ele>6.400000095367431640625</ele>
        <time>2025-09-01T15:51:00.000Z</time>
        <extensions>
          <ns3:TrackPointExtension>
            <ns3:hr>80</ns3:hr>
          </ns3:TrackPointExtension>
        </extensions>
      </trkpt>
      <trkpt lat="56.95228588767349720001220703125" lon="-5.851101838052272796630859375">
        <ele>5.599999904632568359375</ele>
        <time>2025-09-01T15:51:08.000Z</time>
        <extensions>
          <ns3:TrackPointExtension>
            <ns3:hr>78</ns3:hr>
          </ns3:TrackPointExtension>
        </extensions>
      </trkpt>
      <trkpt lat="56.9522910006344318389892578125" lon="-5.85109119303524494171142578125">
        <ele>5.400000095367431640625</ele>
        <time>2025-09-01T15:51:09.000Z</time>
        <extensions>
          <ns3:TrackPointExtension>
            <ns3:hr>78</ns3:hr>
          </ns3:TrackPointExtension>
        </extensions>
      </trkpt>
      <trkpt lat="56.95228655822575092315673828125" lon="-5.85100955329835414886474609375">
        <ele>5</ele>
        <time>2025-09-01T15:51:14.000Z</time>
        <extensions>
          <ns3:TrackPointExtension>
            <ns3:hr>78</ns3:hr>
          </ns3:TrackPointExtension>
        </extensions>
      </trkpt>
      <trkpt lat="56.95228236727416515350341796875" lon="-5.85099396295845508575439453125">
        <ele>5</ele>
        <time>2025-09-01T15:51:15.000Z</time>
        <extensions>
          <ns3:TrackPointExtension>
            <ns3:hr>78</ns3:hr>
          </ns3:TrackPointExtension>
        </extensions>
      </trkpt>
      <trkpt lat="56.95228907279670238494873046875" lon="-5.85092179477214813232421875">
        <ele>5.400000095367431640625</ele>
        <time>2025-09-01T15:51:20.000Z</time>
        <extensions>
          <ns3:TrackPointExtension>
            <ns3:hr>79</ns3:hr>
          </ns3:TrackPointExtension>
        </extensions>
      </trkpt>
      <trkpt lat="56.95229678414762020111083984375" lon="-5.850804112851619720458984375">
        <ele>5.400000095367431640625</ele>
        <time>2025-09-01T15:51:27.000Z</time>
        <extensions>
          <ns3:TrackPointExtension>
            <ns3:hr>79</ns3:hr>
          </ns3:TrackPointExtension>
        </extensions>
      </trkpt>
      <trkpt lat="56.95230181328952312469482421875" lon="-5.85070311091840267181396484375">
        <ele>5.19999980926513671875</ele>
        <time>2025-09-01T15:51:33.000Z</time>
        <extensions>
          <ns3:TrackPointExtension>
            <ns3:hr>78</ns3:hr>
          </ns3:TrackPointExtension>
        </extensions>
      </trkpt>
      <trkpt lat="56.95231019519269466400146484375" lon="-5.85050948895514011383056640625">
        <ele>5.599999904632568359375</ele>
        <time>2025-09-01T15:51:44.000Z</time>
        <extensions>
          <ns3:TrackPointExtension>
            <ns3:hr>78</ns3:hr>
          </ns3:TrackPointExtension>
        </extensions>
      </trkpt>
      <trkpt lat="56.95232595317065715789794921875" lon="-5.8504669927060604095458984375">
        <ele>5.400000095367431640625</ele>
        <time>2025-09-01T15:51:47.000Z</time>
        <extensions>
          <ns3:TrackPointExtension>
            <ns3:hr>79</ns3:hr>
          </ns3:TrackPointExtension>
        </extensions>
      </trkpt>
      <trkpt lat="56.952353529632091522216796875" lon="-5.85046288557350635528564453125">
        <ele>5.400000095367431640625</ele>
        <time>2025-09-01T15:51:51.000Z</time>
        <extensions>
          <ns3:TrackPointExtension>
            <ns3:hr>81</ns3:hr>
          </ns3:TrackPointExtension>
        </extensions>
      </trkpt>
      <trkpt lat="56.95237825624644756317138671875" lon="-5.85050177760422229766845703125">
        <ele>4.80000019073486328125</ele>
        <time>2025-09-01T15:51:57.000Z</time>
        <extensions>
          <ns3:TrackPointExtension>
            <ns3:hr>81</ns3:hr>
          </ns3:TrackPointExtension>
        </extensions>
      </trkpt>
      <trkpt lat="56.952395774424076080322265625" lon="-5.8505293540656566619873046875">
        <ele>4.400000095367431640625</ele>
        <time>2025-09-01T15:51:59.000Z</time>
        <extensions>
          <ns3:TrackPointExtension>
            <ns3:hr>80</ns3:hr>
          </ns3:TrackPointExtension>
        </extensions>
      </trkpt>
      <trkpt lat="56.95245268754661083221435546875" lon="-5.8505715988576412200927734375">
        <ele>4.599999904632568359375</ele>
        <time>2025-09-01T15:52:05.000Z</time>
        <extensions>
          <ns3:TrackPointExtension>
            <ns3:hr>80</ns3:hr>
          </ns3:TrackPointExtension>
        </extensions>
      </trkpt>
      <trkpt lat="56.95251680910587310791015625" lon="-5.8505809865891933441162109375">
        <ele>4.400000095367431640625</ele>
        <time>2025-09-01T15:52:12.000Z</time>
        <extensions>
          <ns3:TrackPointExtension>
            <ns3:hr>81</ns3:hr>
          </ns3:TrackPointExtension>
        </extensions>
      </trkpt>
      <trkpt lat="56.95262803696095943450927734375" lon="-5.8506061322987079620361328125">
        <ele>3.7999999523162841796875</ele>
        <time>2025-09-01T15:52:23.000Z</time>
        <extensions>
          <ns3:TrackPointExtension>
            <ns3:hr>80</ns3:hr>
          </ns3:TrackPointExtension>
        </extensions>
      </trkpt>
      <trkpt lat="56.95269710384309291839599609375" lon="-5.85062541067600250244140625">
        <ele>3.7999999523162841796875</ele>
        <time>2025-09-01T15:52:30.000Z</time>
        <extensions>
          <ns3:TrackPointExtension>
            <ns3:hr>78</ns3:hr>
          </ns3:TrackPointExtension>
        </extensions>
      </trkpt>
      <trkpt lat="56.95271688513457775115966796875" lon="-5.85063035599887371063232421875">
        <ele>3.400000095367431640625</ele>
        <time>2025-09-01T15:52:32.000Z</time>
        <extensions>
          <ns3:TrackPointExtension>
            <ns3:hr>77</ns3:hr>
          </ns3:TrackPointExtension>
        </extensions>
      </trkpt>
      <trkpt lat="56.95280640386044979095458984375" lon="-5.850665979087352752685546875">
        <ele>3.7999999523162841796875</ele>
        <time>2025-09-01T15:52:41.000Z</time>
        <extensions>
          <ns3:TrackPointExtension>
            <ns3:hr>77</ns3:hr>
          </ns3:TrackPointExtension>
        </extensions>
      </trkpt>
      <trkpt lat="56.95292928256094455718994140625" lon="-5.85067645646631717681884765625">
        <ele>3.2000000476837158203125</ele>
        <time>2025-09-01T15:52:53.000Z</time>
        <extensions>
          <ns3:TrackPointExtension>
            <ns3:hr>76</ns3:hr>
          </ns3:TrackPointExtension>
        </extensions>
      </trkpt>
      <trkpt lat="56.95303757674992084503173828125" lon="-5.85066908039152622222900390625">
        <ele>3.400000095367431640625</ele>
        <time>2025-09-01T15:53:03.000Z</time>
        <extensions>
          <ns3:TrackPointExtension>
            <ns3:hr>78</ns3:hr>
          </ns3:TrackPointExtension>
        </extensions>
      </trkpt>
      <trkpt lat="56.95305417291820049285888671875" lon="-5.8506882749497890472412109375">
        <ele>3.599999904632568359375</ele>
        <time>2025-09-01T15:53:09.000Z</time>
        <extensions>
          <ns3:TrackPointExtension>
            <ns3:hr>78</ns3:hr>
          </ns3:TrackPointExtension>
        </extensions>
      </trkpt>
      <trkpt lat="56.9530916400253772735595703125" lon="-5.85069506429135799407958984375">
        <ele>3.7999999523162841796875</ele>
        <time>2025-09-01T15:53:16.000Z</time>
        <extensions>
          <ns3:TrackPointExtension>
            <ns3:hr>78</ns3:hr>
          </ns3:TrackPointExtension>
        </extensions>
      </trkpt>
      <trkpt lat="56.9530941545963287353515625" lon="-5.8506916277110576629638671875">
        <ele>4.80000019073486328125</ele>
        <time>2025-09-01T15:53:21.000Z</time>
        <extensions>
          <ns3:TrackPointExtension>
            <ns3:hr>77</ns3:hr>
          </ns3:TrackPointExtension>
        </extensions>
      </trkpt>
      <trkpt lat="56.9530872814357280731201171875" lon="-5.8506936393678188323974609375">
        <ele>4.19999980926513671875</ele>
        <time>2025-09-01T15:53:23.000Z</time>
        <extensions>
          <ns3:TrackPointExtension>
            <ns3:hr>77</ns3:hr>
          </ns3:TrackPointExtension>
        </extensions>
      </trkpt>
      <trkpt lat="56.9530748762190341949462890625" lon="-5.85073546506464481353759765625">
        <ele>3</ele>
        <time>2025-09-01T15:53:27.000Z</time>
        <extensions>
          <ns3:TrackPointExtension>
            <ns3:hr>77</ns3:hr>
          </ns3:TrackPointExtension>
        </extensions>
      </trkpt>
      <trkpt lat="56.9530765525996685028076171875" lon="-5.850749798119068145751953125">
        <ele>3</ele>
        <time>2025-09-01T15:53:28.000Z</time>
        <extensions>
          <ns3:TrackPointExtension>
            <ns3:hr>77</ns3:hr>
          </ns3:TrackPointExtension>
        </extensions>
      </trkpt>
      <trkpt lat="56.9530986808240413665771484375" lon="-5.85085968486964702606201171875">
        <ele>4</ele>
        <time>2025-09-01T15:53:36.000Z</time>
        <extensions>
          <ns3:TrackPointExtension>
            <ns3:hr>78</ns3:hr>
          </ns3:TrackPointExtension>
        </extensions>
      </trkpt>
      <trkpt lat="56.953103207051753997802734375" lon="-5.85085700266063213348388671875">
        <ele>4</ele>
        <time>2025-09-01T15:53:42.000Z</time>
        <extensions>
          <ns3:TrackPointExtension>
            <ns3:hr>78</ns3:hr>
          </ns3:TrackPointExtension>
        </extensions>
      </trkpt>
      <trkpt lat="56.95311301387846469879150390625" lon="-5.850859098136425018310546875">
        <ele>4.19999980926513671875</ele>
        <time>2025-09-01T15:53:45.000Z</time>
        <extensions>
          <ns3:TrackPointExtension>
            <ns3:hr>78</ns3:hr>
          </ns3:TrackPointExtension>
        </extensions>
      </trkpt>
      <trkpt lat="56.9531251676380634307861328125" lon="-5.8508351258933544158935546875">
        <ele>5.80000019073486328125</ele>
        <time>2025-09-01T15:53:48.000Z</time>
        <extensions>
          <ns3:TrackPointExtension>
            <ns3:hr>79</ns3:hr>
          </ns3:TrackPointExtension>
        </extensions>
      </trkpt>
      <trkpt lat="56.95313262753188610076904296875" lon="-5.85082682780921459197998046875">
        <ele>6</ele>
        <time>2025-09-01T15:53:49.000Z</time>
        <extensions>
          <ns3:TrackPointExtension>
            <ns3:hr>79</ns3:hr>
          </ns3:TrackPointExtension>
        </extensions>
      </trkpt>
      <trkpt lat="56.95321552455425262451171875" lon="-5.85082850418984889984130859375">
        <ele>5.80000019073486328125</ele>
        <time>2025-09-01T15:53:58.000Z</time>
        <extensions>
          <ns3:TrackPointExtension>
            <ns3:hr>79</ns3:hr>
          </ns3:TrackPointExtension>
        </extensions>
      </trkpt>
      <trkpt lat="56.9532334618270397186279296875" lon="-5.85086639039218425750732421875">
        <ele>6.400000095367431640625</ele>
        <time>2025-09-01T15:54:04.000Z</time>
        <extensions>
          <ns3:TrackPointExtension>
            <ns3:hr>78</ns3:hr>
          </ns3:TrackPointExtension>
        </extensions>
      </trkpt>
      <trkpt lat="56.95327646099030971527099609375" lon="-5.85091986693441867828369140625">
        <ele>6.599999904632568359375</ele>
        <time>2025-09-01T15:54:11.000Z</time>
        <extensions>
          <ns3:TrackPointExtension>
            <ns3:hr>75</ns3:hr>
          </ns3:TrackPointExtension>
        </extensions>
      </trkpt>
      <trkpt lat="56.95333630777895450592041015625" lon="-5.85098809562623500823974609375">
        <ele>6.400000095367431640625</ele>
        <time>2025-09-01T15:54:19.000Z</time>
        <extensions>
          <ns3:TrackPointExtension>
            <ns3:hr>72</ns3:hr>
          </ns3:TrackPointExtension>
        </extensions>
      </trkpt>
      <trkpt lat="56.95335206575691699981689453125" lon="-5.85099781863391399383544921875">
        <ele>6.599999904632568359375</ele>
        <time>2025-09-01T15:54:21.000Z</time>
        <extensions>
          <ns3:TrackPointExtension>
            <ns3:hr>72</ns3:hr>
          </ns3:TrackPointExtension>
        </extensions>
      </trkpt>
      <trkpt lat="56.95336799137294292449951171875" lon="-5.85102564655244350433349609375">
        <ele>6.80000019073486328125</ele>
        <time>2025-09-01T15:54:24.000Z</time>
        <extensions>
          <ns3:TrackPointExtension>
            <ns3:hr>71</ns3:hr>
          </ns3:TrackPointExtension>
        </extensions>
      </trkpt>
      <trkpt lat="56.95338961668312549591064453125" lon="-5.85108079947531223297119140625">
        <ele>6.80000019073486328125</ele>
        <time>2025-09-01T15:54:29.000Z</time>
        <extensions>
          <ns3:TrackPointExtension>
            <ns3:hr>71</ns3:hr>
          </ns3:TrackPointExtension>
        </extensions>
      </trkpt>
      <trkpt lat="56.95341476239264011383056640625" lon="-5.85109421052038669586181640625">
        <ele>6.599999904632568359375</ele>
        <time>2025-09-01T15:54:33.000Z</time>
        <extensions>
          <ns3:TrackPointExtension>
            <ns3:hr>70</ns3:hr>
          </ns3:TrackPointExtension>
        </extensions>
      </trkpt>
      <trkpt lat="56.95344351232051849365234375" lon="-5.85111759603023529052734375">
        <ele>7.19999980926513671875</ele>
        <time>2025-09-01T15:54:37.000Z</time>
        <extensions>
          <ns3:TrackPointExtension>
            <ns3:hr>70</ns3:hr>
          </ns3:TrackPointExtension>
        </extensions>
      </trkpt>
      <trkpt lat="56.9534470327198505401611328125" lon="-5.85115891881287097930908203125">
        <ele>7.400000095367431640625</ele>
        <time>2025-09-01T15:54:39.000Z</time>
        <extensions>
          <ns3:TrackPointExtension>
            <ns3:hr>70</ns3:hr>
          </ns3:TrackPointExtension>
        </extensions>
      </trkpt>
      <trkpt lat="56.95347301661968231201171875" lon="-5.85120887495577335357666015625">
        <ele>7</ele>
        <time>2025-09-01T15:54:43.000Z</time>
        <extensions>
          <ns3:TrackPointExtension>
            <ns3:hr>70</ns3:hr>
          </ns3:TrackPointExtension>
        </extensions>
      </trkpt>
      <trkpt lat="56.9535258226096630096435546875" lon="-5.8512287400662899017333984375">
        <ele>6.400000095367431640625</ele>
        <time>2025-09-01T15:54:50.000Z</time>
        <extensions>
          <ns3:TrackPointExtension>
            <ns3:hr>71</ns3:hr>
          </ns3:TrackPointExtension>
        </extensions>
      </trkpt>
      <trkpt lat="56.953576616942882537841796875" lon="-5.85119797848165035247802734375">
        <ele>6.80000019073486328125</ele>
        <time>2025-09-01T15:54:57.000Z</time>
        <extensions>
          <ns3:TrackPointExtension>
            <ns3:hr>74</ns3:hr>
          </ns3:TrackPointExtension>
        </extensions>
      </trkpt>
      <trkpt lat="56.95359547622501850128173828125" lon="-5.85119764320552349090576171875">
        <ele>6.599999904632568359375</ele>
        <time>2025-09-01T15:55:00.000Z</time>
        <extensions>
          <ns3:TrackPointExtension>
            <ns3:hr>75</ns3:hr>
          </ns3:TrackPointExtension>
        </extensions>
      </trkpt>
      <trkpt lat="56.9536146707832813262939453125" lon="-5.85121214389801025390625">
        <ele>6.599999904632568359375</ele>
        <time>2025-09-01T15:55:02.000Z</time>
        <extensions>
          <ns3:TrackPointExtension>
            <ns3:hr>75</ns3:hr>
          </ns3:TrackPointExtension>
        </extensions>
      </trkpt>
      <trkpt lat="56.95363461971282958984375" lon="-5.85124173201620578765869140625">
        <ele>6.80000019073486328125</ele>
        <time>2025-09-01T15:55:05.000Z</time>
        <extensions>
          <ns3:TrackPointExtension>
            <ns3:hr>76</ns3:hr>
          </ns3:TrackPointExtension>
        </extensions>
      </trkpt>
      <trkpt lat="56.9536699913442134857177734375" lon="-5.85127878002822399139404296875">
        <ele>7</ele>
        <time>2025-09-01T15:55:12.000Z</time>
        <extensions>
          <ns3:TrackPointExtension>
            <ns3:hr>77</ns3:hr>
          </ns3:TrackPointExtension>
        </extensions>
      </trkpt>
      <trkpt lat="56.95366873405873775482177734375" lon="-5.85129068233072757720947265625">
        <ele>6.80000019073486328125</ele>
        <time>2025-09-01T15:55:13.000Z</time>
        <extensions>
          <ns3:TrackPointExtension>
            <ns3:hr>77</ns3:hr>
          </ns3:TrackPointExtension>
        </extensions>
      </trkpt>
      <trkpt lat="56.9536827318370342254638671875" lon="-5.85136578418314456939697265625">
        <ele>5.80000019073486328125</ele>
        <time>2025-09-01T15:55:18.000Z</time>
        <extensions>
          <ns3:TrackPointExtension>
            <ns3:hr>77</ns3:hr>
          </ns3:TrackPointExtension>
        </extensions>
      </trkpt>
      <trkpt lat="56.9536991603672504425048828125" lon="-5.8514017425477504730224609375">
        <ele>6.19999980926513671875</ele>
        <time>2025-09-01T15:55:21.000Z</time>
        <extensions>
          <ns3:TrackPointExtension>
            <ns3:hr>77</ns3:hr>
          </ns3:TrackPointExtension>
        </extensions>
      </trkpt>
      <trkpt lat="56.95370393805205821990966796875" lon="-5.8514560572803020477294921875">
        <ele>6.599999904632568359375</ele>
        <time>2025-09-01T15:55:25.000Z</time>
        <extensions>
          <ns3:TrackPointExtension>
            <ns3:hr>77</ns3:hr>
          </ns3:TrackPointExtension>
        </extensions>
      </trkpt>
      <trkpt lat="56.9537062011659145355224609375" lon="-5.851493775844573974609375">
        <ele>6.19999980926513671875</ele>
        <time>2025-09-01T15:55:28.000Z</time>
        <extensions>
          <ns3:TrackPointExtension>
            <ns3:hr>76</ns3:hr>
          </ns3:TrackPointExtension>
        </extensions>
      </trkpt>
      <trkpt lat="56.95372514426708221435546875" lon="-5.8515648543834686279296875">
        <ele>5.80000019073486328125</ele>
        <time>2025-09-01T15:55:33.000Z</time>
        <extensions>
          <ns3:TrackPointExtension>
            <ns3:hr>74</ns3:hr>
          </ns3:TrackPointExtension>
        </extensions>
      </trkpt>
      <trkpt lat="56.9537159241735935211181640625" lon="-5.85158832371234893798828125">
        <ele>6.19999980926513671875</ele>
        <time>2025-09-01T15:55:36.000Z</time>
        <extensions>
          <ns3:TrackPointExtension>
            <ns3:hr>74</ns3:hr>
          </ns3:TrackPointExtension>
        </extensions>
      </trkpt>
      <trkpt lat="56.9537065364420413970947265625" lon="-5.85159226320683956146240234375">
        <ele>6.599999904632568359375</ele>
        <time>2025-09-01T15:55:40.000Z</time>
        <extensions>
          <ns3:TrackPointExtension>
            <ns3:hr>76</ns3:hr>
          </ns3:TrackPointExtension>
        </extensions>
      </trkpt>
      <trkpt lat="56.95369371213018894195556640625" lon="-5.8516743220388889312744140625">
        <ele>5.80000019073486328125</ele>
        <time>2025-09-01T15:55:46.000Z</time>
        <extensions>
          <ns3:TrackPointExtension>
            <ns3:hr>79</ns3:hr>
          </ns3:TrackPointExtension>
        </extensions>
      </trkpt>
      <trkpt lat="56.95367745123803615570068359375" lon="-5.8517420478165149688720703125">
        <ele>5.80000019073486328125</ele>
        <time>2025-09-01T15:55:53.000Z</time>
        <extensions>
          <ns3:TrackPointExtension>
            <ns3:hr>80</ns3:hr>
          </ns3:TrackPointExtension>
        </extensions>
      </trkpt>
      <trkpt lat="56.953676529228687286376953125" lon="-5.8517832867801189422607421875">
        <ele>5.80000019073486328125</ele>
        <time>2025-09-01T15:56:00.000Z</time>
        <extensions>
          <ns3:TrackPointExtension>
            <ns3:hr>80</ns3:hr>
          </ns3:TrackPointExtension>
        </extensions>
      </trkpt>
      <trkpt lat="56.95367820560932159423828125" lon="-5.85179208777844905853271484375">
        <ele>5.80000019073486328125</ele>
        <time>2025-09-01T15:56:02.000Z</time>
        <extensions>
          <ns3:TrackPointExtension>
            <ns3:hr>75</ns3:hr>
          </ns3:TrackPointExtension>
        </extensions>
      </trkpt>
      <trkpt lat="56.95367996580898761749267578125" lon="-5.85179694928228855133056640625">
        <ele>5.80000019073486328125</ele>
        <time>2025-09-01T15:56:03.000Z</time>
        <extensions>
          <ns3:TrackPointExtension>
            <ns3:hr>69</ns3:hr>
          </ns3:TrackPointExtension>
        </extensions>
      </trkpt>
      <trkpt lat="56.953681893646717071533203125" lon="-5.85180013440549373626708984375">
        <ele>5.80000019073486328125</ele>
        <time>2025-09-01T15:56:04.000Z</time>
        <extensions>
          <ns3:TrackPointExtension>
            <ns3:hr>66</ns3:hr>
          </ns3:TrackPointExtension>
        </extensions>
      </trkpt>
      <trkpt lat="56.95369488559663295745849609375" lon="-5.851818658411502838134765625">
        <ele>5</ele>
        <time>2025-09-01T15:56:09.000Z</time>
        <extensions>
          <ns3:TrackPointExtension>
            <ns3:hr>63</ns3:hr>
          </ns3:TrackPointExtension>
        </extensions>
      </trkpt>
      <trkpt lat="56.953696645796298980712890625" lon="-5.85182444192469120025634765625">
        <ele>4.80000019073486328125</ele>
        <time>2025-09-01T15:56:10.000Z</time>
        <extensions>
          <ns3:TrackPointExtension>
            <ns3:hr>63</ns3:hr>
          </ns3:TrackPointExtension>
        </extensions>
      </trkpt>
      <trkpt lat="56.95369622670114040374755859375" lon="-5.85183299146592617034912109375">
        <ele>4.80000019073486328125</ele>
        <time>2025-09-01T15:56:11.000Z</time>
        <extensions>
          <ns3:TrackPointExtension>
            <ns3:hr>64</ns3:hr>
          </ns3:TrackPointExtension>
        </extensions>
      </trkpt>
      <trkpt lat="56.9537011720240116119384765625" lon="-5.85189878940582275390625">
        <ele>5</ele>
        <time>2025-09-01T15:56:16.000Z</time>
        <extensions>
          <ns3:TrackPointExtension>
            <ns3:hr>66</ns3:hr>
          </ns3:TrackPointExtension>
        </extensions>
      </trkpt>
      <trkpt lat="56.95372380316257476806640625" lon="-5.85191882215440273284912109375">
        <ele>5.80000019073486328125</ele>
        <time>2025-09-01T15:56:22.000Z</time>
        <extensions>
          <ns3:TrackPointExtension>
            <ns3:hr>66</ns3:hr>
          </ns3:TrackPointExtension>
        </extensions>
      </trkpt>
      <trkpt lat="56.9537367112934589385986328125" lon="-5.85192762315273284912109375">
        <ele>5.80000019073486328125</ele>
        <time>2025-09-01T15:56:24.000Z</time>
        <extensions>
          <ns3:TrackPointExtension>
            <ns3:hr>66</ns3:hr>
          </ns3:TrackPointExtension>
        </extensions>
      </trkpt>
      <trkpt lat="56.95379245094954967498779296875" lon="-5.85200683213770389556884765625">
        <ele>6.400000095367431640625</ele>
        <time>2025-09-01T15:56:33.000Z</time>
        <extensions>
          <ns3:TrackPointExtension>
            <ns3:hr>67</ns3:hr>
          </ns3:TrackPointExtension>
        </extensions>
      </trkpt>
      <trkpt lat="56.9538406468927860260009765625" lon="-5.85202409885823726654052734375">
        <ele>7</ele>
        <time>2025-09-01T15:56:38.000Z</time>
        <extensions>
          <ns3:TrackPointExtension>
            <ns3:hr>68</ns3:hr>
          </ns3:TrackPointExtension>
        </extensions>
      </trkpt>
      <trkpt lat="56.95385581813752651214599609375" lon="-5.85203750990331172943115234375">
        <ele>8</ele>
        <time>2025-09-01T15:56:41.000Z</time>
        <extensions>
          <ns3:TrackPointExtension>
            <ns3:hr>70</ns3:hr>
          </ns3:TrackPointExtension>
        </extensions>
      </trkpt>
      <trkpt lat="56.9538610987365245819091796875" lon="-5.85204320959746837615966796875">
        <ele>8</ele>
        <time>2025-09-01T15:56:42.000Z</time>
        <extensions>
          <ns3:TrackPointExtension>
            <ns3:hr>70</ns3:hr>
          </ns3:TrackPointExtension>
        </extensions>
      </trkpt>
      <trkpt lat="56.95387844927608966827392578125" lon="-5.85206164978444576263427734375">
        <ele>8.6000003814697265625</ele>
        <time>2025-09-01T15:56:46.000Z</time>
        <extensions>
          <ns3:TrackPointExtension>
            <ns3:hr>73</ns3:hr>
          </ns3:TrackPointExtension>
        </extensions>
      </trkpt>
      <trkpt lat="56.95389278233051300048828125" lon="-5.8520706184208393096923828125">
        <ele>9</ele>
        <time>2025-09-01T15:56:49.000Z</time>
        <extensions>
          <ns3:TrackPointExtension>
            <ns3:hr>75</ns3:hr>
          </ns3:TrackPointExtension>
        </extensions>
      </trkpt>
      <trkpt lat="56.953895799815654754638671875" lon="-5.85207246243953704833984375">
        <ele>9</ele>
        <time>2025-09-01T15:56:50.000Z</time>
        <extensions>
          <ns3:TrackPointExtension>
            <ns3:hr>75</ns3:hr>
          </ns3:TrackPointExtension>
        </extensions>
      </trkpt>
      <trkpt lat="56.95391616784036159515380859375" lon="-5.85208662785589694976806640625">
        <ele>9.3999996185302734375</ele>
        <time>2025-09-01T15:56:56.000Z</time>
        <extensions>
          <ns3:TrackPointExtension>
            <ns3:hr>77</ns3:hr>
          </ns3:TrackPointExtension>
        </extensions>
      </trkpt>
      <trkpt lat="56.9539237953722476959228515625" lon="-5.852085538208484649658203125">
        <ele>9.80000019073486328125</ele>
        <time>2025-09-01T15:57:00.000Z</time>
        <extensions>
          <ns3:TrackPointExtension>
            <ns3:hr>80</ns3:hr>
          </ns3:TrackPointExtension>
        </extensions>
      </trkpt>
      <trkpt lat="56.95392706431448459625244140625" lon="-5.85208696313202381134033203125">
        <ele>10.19999980926513671875</ele>
        <time>2025-09-01T15:57:01.000Z</time>
        <extensions>
          <ns3:TrackPointExtension>
            <ns3:hr>81</ns3:hr>
          </ns3:TrackPointExtension>
        </extensions>
      </trkpt>
      <trkpt lat="56.953938044607639312744140625" lon="-5.85209685377776622772216796875">
        <ele>10.6000003814697265625</ele>
        <time>2025-09-01T15:57:04.000Z</time>
        <extensions>
          <ns3:TrackPointExtension>
            <ns3:hr>83</ns3:hr>
          </ns3:TrackPointExtension>
        </extensions>
      </trkpt>
      <trkpt lat="56.95397601462900638580322265625" lon="-5.85210724733769893646240234375">
        <ele>10.19999980926513671875</ele>
        <time>2025-09-01T15:57:10.000Z</time>
        <extensions>
          <ns3:TrackPointExtension>
            <ns3:hr>83</ns3:hr>
          </ns3:TrackPointExtension>
        </extensions>
      </trkpt>
      <trkpt lat="56.95398976095020771026611328125" lon="-5.85210959427058696746826171875">
        <ele>10.3999996185302734375</ele>
        <time>2025-09-01T15:57:17.000Z</time>
        <extensions>
          <ns3:TrackPointExtension>
            <ns3:hr>84</ns3:hr>
          </ns3:TrackPointExtension>
        </extensions>
      </trkpt>
      <trkpt lat="56.954001747071743011474609375" lon="-5.8521155454218387603759765625">
        <ele>10.80000019073486328125</ele>
        <time>2025-09-01T15:57:23.000Z</time>
        <extensions>
          <ns3:TrackPointExtension>
            <ns3:hr>81</ns3:hr>
          </ns3:TrackPointExtension>
        </extensions>
      </trkpt>
      <trkpt lat="56.95401641540229320526123046875" lon="-5.8521199040114879608154296875">
        <ele>11</ele>
        <time>2025-09-01T15:57:24.000Z</time>
        <extensions>
          <ns3:TrackPointExtension>
            <ns3:hr>81</ns3:hr>
          </ns3:TrackPointExtension>
        </extensions>
      </trkpt>
      <trkpt lat="56.95410375483334064483642578125" lon="-5.85215183906257152557373046875">
        <ele>10</ele>
        <time>2025-09-01T15:57:34.000Z</time>
        <extensions>
          <ns3:TrackPointExtension>
            <ns3:hr>78</ns3:hr>
          </ns3:TrackPointExtension>
        </extensions>
      </trkpt>
      <trkpt lat="56.9541219435632228851318359375" lon="-5.8521789126098155975341796875">
        <ele>9.6000003814697265625</ele>
        <time>2025-09-01T15:57:37.000Z</time>
        <extensions>
          <ns3:TrackPointExtension>
            <ns3:hr>78</ns3:hr>
          </ns3:TrackPointExtension>
        </extensions>
      </trkpt>
      <trkpt lat="56.95414717309176921844482421875" lon="-5.85219182074069976806640625">
        <ele>9.3999996185302734375</ele>
        <time>2025-09-01T15:57:40.000Z</time>
        <extensions>
          <ns3:TrackPointExtension>
            <ns3:hr>78</ns3:hr>
          </ns3:TrackPointExtension>
        </extensions>
      </trkpt>
      <trkpt lat="56.95418522693216800689697265625" lon="-5.85217840969562530517578125">
        <ele>9</ele>
        <time>2025-09-01T15:57:43.000Z</time>
        <extensions>
          <ns3:TrackPointExtension>
            <ns3:hr>78</ns3:hr>
          </ns3:TrackPointExtension>
        </extensions>
      </trkpt>
      <trkpt lat="56.95424037985503673553466796875" lon="-5.8522000350058078765869140625">
        <ele>8</ele>
        <time>2025-09-01T15:57:48.000Z</time>
        <extensions>
          <ns3:TrackPointExtension>
            <ns3:hr>78</ns3:hr>
          </ns3:TrackPointExtension>
        </extensions>
      </trkpt>
      <trkpt lat="56.9542537070810794830322265625" lon="-5.852211602032184600830078125">
        <ele>8</ele>
        <time>2025-09-01T15:57:50.000Z</time>
        <extensions>
          <ns3:TrackPointExtension>
            <ns3:hr>78</ns3:hr>
          </ns3:TrackPointExtension>
        </extensions>
      </trkpt>
      <trkpt lat="56.95430056191980838775634765625" lon="-5.85224672220647335052490234375">
        <ele>8.19999980926513671875</ele>
        <time>2025-09-01T15:57:56.000Z</time>
        <extensions>
          <ns3:TrackPointExtension>
            <ns3:hr>77</ns3:hr>
          </ns3:TrackPointExtension>
        </extensions>
      </trkpt>
      <trkpt lat="56.95432461798191070556640625" lon="-5.8522675931453704833984375">
        <ele>7.80000019073486328125</ele>
        <time>2025-09-01T15:58:03.000Z</time>
        <extensions>
          <ns3:TrackPointExtension>
            <ns3:hr>78</ns3:hr>
          </ns3:TrackPointExtension>
        </extensions>
      </trkpt>
      <trkpt lat="56.95433266460895538330078125" lon="-5.8522721193730831146240234375">
        <ele>7.19999980926513671875</ele>
        <time>2025-09-01T15:58:06.000Z</time>
        <extensions>
          <ns3:TrackPointExtension>
            <ns3:hr>75</ns3:hr>
          </ns3:TrackPointExtension>
        </extensions>
      </trkpt>
      <trkpt lat="56.95433266460895538330078125" lon="-5.8522721193730831146240234375">
        <ele>7</ele>
        <time>2025-09-01T15:58:08.000Z</time>
        <extensions>
          <ns3:TrackPointExtension>
            <ns3:hr>75</ns3:hr>
          </ns3:TrackPointExtension>
        </extensions>
      </trkpt>
      <trkpt lat="56.95433861576020717620849609375" lon="-5.85227170027792453765869140625">
        <ele>7.19999980926513671875</ele>
        <time>2025-09-01T15:58:10.000Z</time>
        <extensions>
          <ns3:TrackPointExtension>
            <ns3:hr>74</ns3:hr>
          </ns3:TrackPointExtension>
        </extensions>
      </trkpt>
      <trkpt lat="56.95440315641462802886962890625" lon="-5.85221068002283573150634765625">
        <ele>7</ele>
        <time>2025-09-01T15:58:17.000Z</time>
        <extensions>
          <ns3:TrackPointExtension>
            <ns3:hr>74</ns3:hr>
          </ns3:TrackPointExtension>
        </extensions>
      </trkpt>
      <trkpt lat="56.95448865182697772979736328125" lon="-5.85222006775438785552978515625">
        <ele>7</ele>
        <time>2025-09-01T15:58:25.000Z</time>
        <extensions>
          <ns3:TrackPointExtension>
            <ns3:hr>73</ns3:hr>
          </ns3:TrackPointExtension>
        </extensions>
      </trkpt>
      <trkpt lat="56.954516060650348663330078125" lon="-5.85223297588527202606201171875">
        <ele>8</ele>
        <time>2025-09-01T15:58:29.000Z</time>
        <extensions>
          <ns3:TrackPointExtension>
            <ns3:hr>73</ns3:hr>
          </ns3:TrackPointExtension>
        </extensions>
      </trkpt>
      <trkpt lat="56.95452737621963024139404296875" lon="-5.852236412465572357177734375">
        <ele>7.400000095367431640625</ele>
        <time>2025-09-01T15:58:31.000Z</time>
        <extensions>
          <ns3:TrackPointExtension>
            <ns3:hr>72</ns3:hr>
          </ns3:TrackPointExtension>
        </extensions>
      </trkpt>
      <trkpt lat="56.954538859426975250244140625" lon="-5.8522248454391956329345703125">
        <ele>7</ele>
        <time>2025-09-01T15:58:33.000Z</time>
        <extensions>
          <ns3:TrackPointExtension>
            <ns3:hr>72</ns3:hr>
          </ns3:TrackPointExtension>
        </extensions>
      </trkpt>
      <trkpt lat="56.9545752368867397308349609375" lon="-5.852217972278594970703125">
        <ele>6</ele>
        <time>2025-09-01T15:58:37.000Z</time>
        <extensions>
          <ns3:TrackPointExtension>
            <ns3:hr>72</ns3:hr>
          </ns3:TrackPointExtension>
        </extensions>
      </trkpt>
      <trkpt lat="56.9546184875071048736572265625" lon="-5.85225108079612255096435546875">
        <ele>7</ele>
        <time>2025-09-01T15:58:43.000Z</time>
        <extensions>
          <ns3:TrackPointExtension>
            <ns3:hr>73</ns3:hr>
          </ns3:TrackPointExtension>
        </extensions>
      </trkpt>
      <trkpt lat="56.9546634145081043243408203125" lon="-5.852277316153049468994140625">
        <ele>6.19999980926513671875</ele>
        <time>2025-09-01T15:58:50.000Z</time>
        <extensions>
          <ns3:TrackPointExtension>
            <ns3:hr>73</ns3:hr>
          </ns3:TrackPointExtension>
        </extensions>
      </trkpt>
      <trkpt lat="56.95468294434249401092529296875" lon="-5.85230070166289806365966796875">
        <ele>6.599999904632568359375</ele>
        <time>2025-09-01T15:58:55.000Z</time>
        <extensions>
          <ns3:TrackPointExtension>
            <ns3:hr>75</ns3:hr>
          </ns3:TrackPointExtension>
        </extensions>
      </trkpt>
      <trkpt lat="56.9547502510249614715576171875" lon="-5.8522952534258365631103515625">
        <ele>6.19999980926513671875</ele>
        <time>2025-09-01T15:59:02.000Z</time>
        <extensions>
          <ns3:TrackPointExtension>
            <ns3:hr>77</ns3:hr>
          </ns3:TrackPointExtension>
        </extensions>
      </trkpt>
      <trkpt lat="56.954853348433971405029296875" lon="-5.85234914906322956085205078125">
        <ele>7.19999980926513671875</ele>
        <time>2025-09-01T15:59:12.000Z</time>
        <extensions>
          <ns3:TrackPointExtension>
            <ns3:hr>77</ns3:hr>
          </ns3:TrackPointExtension>
        </extensions>
      </trkpt>
      <trkpt lat="56.95495116524398326873779296875" lon="-5.8524082414805889129638671875">
        <ele>7.80000019073486328125</ele>
        <time>2025-09-01T15:59:22.000Z</time>
        <extensions>
          <ns3:TrackPointExtension>
            <ns3:hr>76</ns3:hr>
          </ns3:TrackPointExtension>
        </extensions>
      </trkpt>
      <trkpt lat="56.95501394569873809814453125" lon="-5.85245476104319095611572265625">
        <ele>8</ele>
        <time>2025-09-01T15:59:28.000Z</time>
        <extensions>
          <ns3:TrackPointExtension>
            <ns3:hr>74</ns3:hr>
          </ns3:TrackPointExtension>
        </extensions>
      </trkpt>
      <trkpt lat="56.95505191572010517120361328125" lon="-5.8524823375046253204345703125">
        <ele>9.3999996185302734375</ele>
        <time>2025-09-01T15:59:32.000Z</time>
        <extensions>
          <ns3:TrackPointExtension>
            <ns3:hr>72</ns3:hr>
          </ns3:TrackPointExtension>
        </extensions>
      </trkpt>
      <trkpt lat="56.95507035590708255767822265625" lon="-5.85247755981981754302978515625">
        <ele>10.6000003814697265625</ele>
        <time>2025-09-01T15:59:36.000Z</time>
        <extensions>
          <ns3:TrackPointExtension>
            <ns3:hr>74</ns3:hr>
          </ns3:TrackPointExtension>
        </extensions>
      </trkpt>
      <trkpt lat="56.95507387630641460418701171875" lon="-5.8524695970118045806884765625">
        <ele>10.80000019073486328125</ele>
        <time>2025-09-01T15:59:39.000Z</time>
        <extensions>
          <ns3:TrackPointExtension>
            <ns3:hr>75</ns3:hr>
          </ns3:TrackPointExtension>
        </extensions>
      </trkpt>
      <trkpt lat="56.9550848565995693206787109375" lon="-5.85246096365153789520263671875">
        <ele>11</ele>
        <time>2025-09-01T15:59:43.000Z</time>
        <extensions>
          <ns3:TrackPointExtension>
            <ns3:hr>78</ns3:hr>
          </ns3:TrackPointExtension>
        </extensions>
      </trkpt>
      <trkpt lat="56.95508862845599651336669921875" lon="-5.85245157591998577117919921875">
        <ele>11.6000003814697265625</ele>
        <time>2025-09-01T15:59:44.000Z</time>
        <extensions>
          <ns3:TrackPointExtension>
            <ns3:hr>78</ns3:hr>
          </ns3:TrackPointExtension>
        </extensions>
      </trkpt>
      <trkpt lat="56.95510824210941791534423828125" lon="-5.8524176292121410369873046875">
        <ele>12.19999980926513671875</ele>
        <time>2025-09-01T15:59:47.000Z</time>
        <extensions>
          <ns3:TrackPointExtension>
            <ns3:hr>79</ns3:hr>
          </ns3:TrackPointExtension>
        </extensions>
      </trkpt>
      <trkpt lat="56.95516557432711124420166015625" lon="-5.85232232697308063507080078125">
        <ele>10.3999996185302734375</ele>
        <time>2025-09-01T15:59:55.000Z</time>
        <extensions>
          <ns3:TrackPointExtension>
            <ns3:hr>81</ns3:hr>
          </ns3:TrackPointExtension>
        </extensions>
      </trkpt>
      <trkpt lat="56.95517747662961483001708984375" lon="-5.852298103272914886474609375">
        <ele>10</ele>
        <time>2025-09-01T15:59:57.000Z</time>
        <extensions>
          <ns3:TrackPointExtension>
            <ns3:hr>80</ns3:hr>
          </ns3:TrackPointExtension>
        </extensions>
      </trkpt>
      <trkpt lat="56.95519155822694301605224609375" lon="-5.8522650785744190216064453125">
        <ele>9.3999996185302734375</ele>
        <time>2025-09-01T15:59:59.000Z</time>
        <extensions>
          <ns3:TrackPointExtension>
            <ns3:hr>79</ns3:hr>
          </ns3:TrackPointExtension>
        </extensions>
      </trkpt>
      <trkpt lat="56.95524352602660655975341796875" lon="-5.85221688263118267059326171875">
        <ele>8.80000019073486328125</ele>
        <time>2025-09-01T16:00:05.000Z</time>
        <extensions>
          <ns3:TrackPointExtension>
            <ns3:hr>77</ns3:hr>
          </ns3:TrackPointExtension>
        </extensions>
      </trkpt>
      <trkpt lat="56.95526179857552051544189453125" lon="-5.8521852828562259674072265625">
        <ele>8.19999980926513671875</ele>
        <time>2025-09-01T16:00:08.000Z</time>
        <extensions>
          <ns3:TrackPointExtension>
            <ns3:hr>77</ns3:hr>
          </ns3:TrackPointExtension>
        </extensions>
      </trkpt>
      <trkpt lat="56.955296583473682403564453125" lon="-5.85214345715939998626708984375">
        <ele>8</ele>
        <time>2025-09-01T16:00:12.000Z</time>
        <extensions>
          <ns3:TrackPointExtension>
            <ns3:hr>77</ns3:hr>
          </ns3:TrackPointExtension>
        </extensions>
      </trkpt>
      <trkpt lat="56.9553901255130767822265625" lon="-5.8520233444869518280029296875">
        <ele>7.80000019073486328125</ele>
        <time>2025-09-01T16:00:23.000Z</time>
        <extensions>
          <ns3:TrackPointExtension>
            <ns3:hr>77</ns3:hr>
          </ns3:TrackPointExtension>
        </extensions>
      </trkpt>
      <trkpt lat="56.955461204051971435546875" lon="-5.85201077163219451904296875">
        <ele>8.6000003814697265625</ele>
        <time>2025-09-01T16:00:30.000Z</time>
        <extensions>
          <ns3:TrackPointExtension>
            <ns3:hr>78</ns3:hr>
          </ns3:TrackPointExtension>
        </extensions>
      </trkpt>
      <trkpt lat="56.95554913021624088287353515625" lon="-5.85202292539179325103759765625">
        <ele>8.80000019073486328125</ele>
        <time>2025-09-01T16:00:39.000Z</time>
        <extensions>
          <ns3:TrackPointExtension>
            <ns3:hr>75</ns3:hr>
          </ns3:TrackPointExtension>
        </extensions>
      </trkpt>
      <trkpt lat="56.95555181242525577545166015625" lon="-5.85202778689563274383544921875">
        <ele>8.6000003814697265625</ele>
        <time>2025-09-01T16:00:40.000Z</time>
        <extensions>
          <ns3:TrackPointExtension>
            <ns3:hr>75</ns3:hr>
          </ns3:TrackPointExtension>
        </extensions>
      </trkpt>
      <trkpt lat="56.9555575959384441375732421875" lon="-5.852050669491291046142578125">
        <ele>8.3999996185302734375</ele>
        <time>2025-09-01T16:00:46.000Z</time>
        <extensions>
          <ns3:TrackPointExtension>
            <ns3:hr>73</ns3:hr>
          </ns3:TrackPointExtension>
        </extensions>
      </trkpt>
      <trkpt lat="56.9555740244686603546142578125" lon="-5.8520535193383693695068359375">
        <ele>8.3999996185302734375</ele>
        <time>2025-09-01T16:00:48.000Z</time>
        <extensions>
          <ns3:TrackPointExtension>
            <ns3:hr>72</ns3:hr>
          </ns3:TrackPointExtension>
        </extensions>
      </trkpt>
      <trkpt lat="56.95561199449002742767333984375" lon="-5.85204295814037322998046875">
        <ele>7.80000019073486328125</ele>
        <time>2025-09-01T16:00:52.000Z</time>
        <extensions>
          <ns3:TrackPointExtension>
            <ns3:hr>69</ns3:hr>
          </ns3:TrackPointExtension>
        </extensions>
      </trkpt>
      <trkpt lat="56.9556223042309284210205078125" lon="-5.85204253904521465301513671875">
        <ele>7.80000019073486328125</ele>
        <time>2025-09-01T16:00:53.000Z</time>
        <extensions>
          <ns3:TrackPointExtension>
            <ns3:hr>69</ns3:hr>
          </ns3:TrackPointExtension>
        </extensions>
      </trkpt>
      <trkpt lat="56.95568181574344635009765625" lon="-5.8520665951073169708251953125">
        <ele>9.19999980926513671875</ele>
        <time>2025-09-01T16:00:59.000Z</time>
        <extensions>
          <ns3:TrackPointExtension>
            <ns3:hr>70</ns3:hr>
          </ns3:TrackPointExtension>
        </extensions>
      </trkpt>
      <trkpt lat="56.9556987471878528594970703125" lon="-5.85208319127559661865234375">
        <ele>9.6000003814697265625</ele>
        <time>2025-09-01T16:01:04.000Z</time>
        <extensions>
          <ns3:TrackPointExtension>
            <ns3:hr>70</ns3:hr>
          </ns3:TrackPointExtension>
        </extensions>
      </trkpt>
      <trkpt lat="56.9556940533220767974853515625" lon="-5.8520850352942943572998046875">
        <ele>8.3999996185302734375</ele>
        <time>2025-09-01T16:01:14.000Z</time>
        <extensions>
          <ns3:TrackPointExtension>
            <ns3:hr>73</ns3:hr>
          </ns3:TrackPointExtension>
        </extensions>
      </trkpt>
      <trkpt lat="56.9556940533220767974853515625" lon="-5.8520850352942943572998046875">
        <ele>8.80000019073486328125</ele>
        <time>2025-09-01T16:01:21.000Z</time>
        <extensions>
          <ns3:TrackPointExtension>
            <ns3:hr>70</ns3:hr>
          </ns3:TrackPointExtension>
        </extensions>
      </trkpt>
      <trkpt lat="56.9556940533220767974853515625" lon="-5.8520850352942943572998046875">
        <ele>8.80000019073486328125</ele>
        <time>2025-09-01T16:01:22.000Z</time>
        <extensions>
          <ns3:TrackPointExtension>
            <ns3:hr>70</ns3:hr>
          </ns3:TrackPointExtension>
        </extensions>
      </trkpt>
      <trkpt lat="56.9556940533220767974853515625" lon="-5.8520850352942943572998046875">
        <ele>9</ele>
        <time>2025-09-01T16:01:33.000Z</time>
        <extensions>
          <ns3:TrackPointExtension>
            <ns3:hr>69</ns3:hr>
          </ns3:TrackPointExtension>
        </extensions>
      </trkpt>
      <trkpt lat="56.9556940533220767974853515625" lon="-5.8520850352942943572998046875">
        <ele>8.80000019073486328125</ele>
        <time>2025-09-01T16:01:42.000Z</time>
        <extensions>
          <ns3:TrackPointExtension>
            <ns3:hr>72</ns3:hr>
          </ns3:TrackPointExtension>
        </extensions>
      </trkpt>
      <trkpt lat="56.9556940533220767974853515625" lon="-5.8520850352942943572998046875">
        <ele>8.3999996185302734375</ele>
        <time>2025-09-01T16:01:54.000Z</time>
        <extensions>
          <ns3:TrackPointExtension>
            <ns3:hr>75</ns3:hr>
          </ns3:TrackPointExtension>
        </extensions>
      </trkpt>
      <trkpt lat="56.9556940533220767974853515625" lon="-5.8520850352942943572998046875">
        <ele>8.3999996185302734375</ele>
        <time>2025-09-01T16:01:55.000Z</time>
        <extensions>
          <ns3:TrackPointExtension>
            <ns3:hr>75</ns3:hr>
          </ns3:TrackPointExtension>
        </extensions>
      </trkpt>
      <trkpt lat="56.95571525953710079193115234375" lon="-5.8521131984889507293701171875">
        <ele>8</ele>
        <time>2025-09-01T16:02:02.000Z</time>
        <extensions>
          <ns3:TrackPointExtension>
            <ns3:hr>75</ns3:hr>
          </ns3:TrackPointExtension>
        </extensions>
      </trkpt>
      <trkpt lat="56.9557275809347629547119140625" lon="-5.852122418582439422607421875">
        <ele>8.19999980926513671875</ele>
        <time>2025-09-01T16:02:03.000Z</time>
        <extensions>
          <ns3:TrackPointExtension>
            <ns3:hr>75</ns3:hr>
          </ns3:TrackPointExtension>
        </extensions>
      </trkpt>
      <trkpt lat="56.95579111576080322265625" lon="-5.85215452127158641815185546875">
        <ele>9</ele>
        <time>2025-09-01T16:02:10.000Z</time>
        <extensions>
          <ns3:TrackPointExtension>
            <ns3:hr>76</ns3:hr>
          </ns3:TrackPointExtension>
        </extensions>
      </trkpt>
      <trkpt lat="56.95581131614744663238525390625" lon="-5.85215586237609386444091796875">
        <ele>9.6000003814697265625</ele>
        <time>2025-09-01T16:02:12.000Z</time>
        <extensions>
          <ns3:TrackPointExtension>
            <ns3:hr>76</ns3:hr>
          </ns3:TrackPointExtension>
        </extensions>
      </trkpt>
      <trkpt lat="56.955866552889347076416015625" lon="-5.852239765226840972900390625">
        <ele>8.80000019073486328125</ele>
        <time>2025-09-01T16:02:20.000Z</time>
        <extensions>
          <ns3:TrackPointExtension>
            <ns3:hr>77</ns3:hr>
          </ns3:TrackPointExtension>
        </extensions>
      </trkpt>
      <trkpt lat="56.95587116293609142303466796875" lon="-5.85226231254637241363525390625">
        <ele>8</ele>
        <time>2025-09-01T16:02:23.000Z</time>
        <extensions>
          <ns3:TrackPointExtension>
            <ns3:hr>76</ns3:hr>
          </ns3:TrackPointExtension>
        </extensions>
      </trkpt>
      <trkpt lat="56.95587602443993091583251953125" lon="-5.85226549766957759857177734375">
        <ele>7.599999904632568359375</ele>
        <time>2025-09-01T16:02:28.000Z</time>
        <extensions>
          <ns3:TrackPointExtension>
            <ns3:hr>76</ns3:hr>
          </ns3:TrackPointExtension>
        </extensions>
      </trkpt>
      <trkpt lat="56.9558590091764926910400390625" lon="-5.85220464505255222320556640625">
        <ele>8.6000003814697265625</ele>
        <time>2025-09-01T16:02:35.000Z</time>
        <extensions>
          <ns3:TrackPointExtension>
            <ns3:hr>75</ns3:hr>
          </ns3:TrackPointExtension>
        </extensions>
      </trkpt>
      <trkpt lat="56.95582665503025054931640625" lon="-5.8521621488034725189208984375">
        <ele>9</ele>
        <time>2025-09-01T16:02:39.000Z</time>
        <extensions>
          <ns3:TrackPointExtension>
            <ns3:hr>75</ns3:hr>
          </ns3:TrackPointExtension>
        </extensions>
      </trkpt>
      <trkpt lat="56.9557835720479488372802734375" lon="-5.8521655015647411346435546875">
        <ele>9.3999996185302734375</ele>
        <time>2025-09-01T16:02:43.000Z</time>
        <extensions>
          <ns3:TrackPointExtension>
            <ns3:hr>74</ns3:hr>
          </ns3:TrackPointExtension>
        </extensions>
      </trkpt>
      <trkpt lat="56.95572397671639919281005859375" lon="-5.85211579687893390655517578125">
        <ele>8.80000019073486328125</ele>
        <time>2025-09-01T16:02:50.000Z</time>
        <extensions>
          <ns3:TrackPointExtension>
            <ns3:hr>74</ns3:hr>
          </ns3:TrackPointExtension>
        </extensions>
      </trkpt>
      <trkpt lat="56.95571961812674999237060546875" lon="-5.8520847000181674957275390625">
        <ele>8.80000019073486328125</ele>
        <time>2025-09-01T16:02:52.000Z</time>
        <extensions>
          <ns3:TrackPointExtension>
            <ns3:hr>74</ns3:hr>
          </ns3:TrackPointExtension>
        </extensions>
      </trkpt>
      <trkpt lat="56.955716349184513092041015625" lon="-5.85206265561282634735107421875">
        <ele>8.80000019073486328125</ele>
        <time>2025-09-01T16:02:56.000Z</time>
        <extensions>
          <ns3:TrackPointExtension>
            <ns3:hr>75</ns3:hr>
          </ns3:TrackPointExtension>
        </extensions>
      </trkpt>
      <trkpt lat="56.95570704527199268341064453125" lon="-5.85201135836541652679443359375">
        <ele>8.80000019073486328125</ele>
        <time>2025-09-01T16:03:01.000Z</time>
        <extensions>
          <ns3:TrackPointExtension>
            <ns3:hr>73</ns3:hr>
          </ns3:TrackPointExtension>
        </extensions>
      </trkpt>
      <trkpt lat="56.95569480769336223602294921875" lon="-5.8519472368061542510986328125">
        <ele>8.19999980926513671875</ele>
        <time>2025-09-01T16:03:04.000Z</time>
        <extensions>
          <ns3:TrackPointExtension>
            <ns3:hr>70</ns3:hr>
          </ns3:TrackPointExtension>
        </extensions>
      </trkpt>
      <trkpt lat="56.95569128729403018951416015625" lon="-5.851891078054904937744140625">
        <ele>8</ele>
        <time>2025-09-01T16:03:07.000Z</time>
        <extensions>
          <ns3:TrackPointExtension>
            <ns3:hr>67</ns3:hr>
          </ns3:TrackPointExtension>
        </extensions>
      </trkpt>
      <trkpt lat="56.95569296367466449737548828125" lon="-5.851845480501651763916015625">
        <ele>7.80000019073486328125</ele>
        <time>2025-09-01T16:03:09.000Z</time>
        <extensions>
          <ns3:TrackPointExtension>
            <ns3:hr>64</ns3:hr>
          </ns3:TrackPointExtension>
        </extensions>
      </trkpt>
      <trkpt lat="56.955690868198871612548828125" lon="-5.85180952213704586029052734375">
        <ele>7.599999904632568359375</ele>
        <time>2025-09-01T16:03:11.000Z</time>
        <extensions>
          <ns3:TrackPointExtension>
            <ns3:hr>62</ns3:hr>
          </ns3:TrackPointExtension>
        </extensions>
      </trkpt>
      <trkpt lat="56.9556886889040470123291015625" lon="-5.85179778747260570526123046875">
        <ele>7.599999904632568359375</ele>
        <time>2025-09-01T16:03:12.000Z</time>
        <extensions>
          <ns3:TrackPointExtension>
            <ns3:hr>59</ns3:hr>
          </ns3:TrackPointExtension>
        </extensions>
      </trkpt>
      <trkpt lat="56.9556905329227447509765625" lon="-5.85169720463454723358154296875">
        <ele>7</ele>
        <time>2025-09-01T16:03:19.000Z</time>
        <extensions>
          <ns3:TrackPointExtension>
            <ns3:hr>57</ns3:hr>
          </ns3:TrackPointExtension>
        </extensions>
      </trkpt>
      <trkpt lat="56.9556940533220767974853515625" lon="-5.85168563760817050933837890625">
        <ele>6.80000019073486328125</ele>
        <time>2025-09-01T16:03:20.000Z</time>
        <extensions>
          <ns3:TrackPointExtension>
            <ns3:hr>56</ns3:hr>
          </ns3:TrackPointExtension>
        </extensions>
      </trkpt>
      <trkpt lat="56.955699585378170013427734375" lon="-5.8516327477991580963134765625">
        <ele>5.400000095367431640625</ele>
        <time>2025-09-01T16:03:24.000Z</time>
        <extensions>
          <ns3:TrackPointExtension>
            <ns3:hr>57</ns3:hr>
          </ns3:TrackPointExtension>
        </extensions>
      </trkpt>
      <trkpt lat="56.95569212548434734344482421875" lon="-5.85157516412436962127685546875">
        <ele>4.599999904632568359375</ele>
        <time>2025-09-01T16:03:28.000Z</time>
        <extensions>
          <ns3:TrackPointExtension>
            <ns3:hr>56</ns3:hr>
          </ns3:TrackPointExtension>
        </extensions>
      </trkpt>
      <trkpt lat="56.95569162257015705108642578125" lon="-5.85155722685158252716064453125">
        <ele>4.400000095367431640625</ele>
        <time>2025-09-01T16:03:29.000Z</time>
        <extensions>
          <ns3:TrackPointExtension>
            <ns3:hr>56</ns3:hr>
          </ns3:TrackPointExtension>
        </extensions>
      </trkpt>
      <trkpt lat="56.95565708912909030914306640625" lon="-5.85141171701252460479736328125">
        <ele>4.19999980926513671875</ele>
        <time>2025-09-01T16:03:36.000Z</time>
        <extensions>
          <ns3:TrackPointExtension>
            <ns3:hr>56</ns3:hr>
          </ns3:TrackPointExtension>
        </extensions>
      </trkpt>
      <trkpt lat="56.95560277439653873443603515625" lon="-5.85122966207563877105712890625">
        <ele>4.400000095367431640625</ele>
        <time>2025-09-01T16:03:46.000Z</time>
        <extensions>
          <ns3:TrackPointExtension>
            <ns3:hr>58</ns3:hr>
          </ns3:TrackPointExtension>
        </extensions>
      </trkpt>
      <trkpt lat="56.9555951468646526336669921875" lon="-5.8511848188936710357666015625">
        <ele>4</ele>
        <time>2025-09-01T16:03:49.000Z</time>
        <extensions>
          <ns3:TrackPointExtension>
            <ns3:hr>54</ns3:hr>
          </ns3:TrackPointExtension>
        </extensions>
      </trkpt>
      <trkpt lat="56.95559321902692317962646484375" lon="-5.85115422494709491729736328125">
        <ele>4.19999980926513671875</ele>
        <time>2025-09-01T16:03:51.000Z</time>
        <extensions>
          <ns3:TrackPointExtension>
            <ns3:hr>51</ns3:hr>
          </ns3:TrackPointExtension>
        </extensions>
      </trkpt>
      <trkpt lat="56.95560746826231479644775390625" lon="-5.85109840147197246551513671875">
        <ele>4.599999904632568359375</ele>
        <time>2025-09-01T16:03:56.000Z</time>
        <extensions>
          <ns3:TrackPointExtension>
            <ns3:hr>50</ns3:hr>
          </ns3:TrackPointExtension>
        </extensions>
      </trkpt>
      <trkpt lat="56.9555877707898616790771484375" lon="-5.85097569040954113006591796875">
        <ele>4.80000019073486328125</ele>
        <time>2025-09-01T16:04:03.000Z</time>
        <extensions>
          <ns3:TrackPointExtension>
            <ns3:hr>50</ns3:hr>
          </ns3:TrackPointExtension>
        </extensions>
      </trkpt>
      <trkpt lat="56.9555575959384441375732421875" lon="-5.8508364669978618621826171875">
        <ele>5</ele>
        <time>2025-09-01T16:04:11.000Z</time>
        <extensions>
          <ns3:TrackPointExtension>
            <ns3:hr>53</ns3:hr>
          </ns3:TrackPointExtension>
        </extensions>
      </trkpt>
      <trkpt lat="56.955550722777843475341796875" lon="-5.8508109860122203826904296875">
        <ele>4.80000019073486328125</ele>
        <time>2025-09-01T16:04:13.000Z</time>
        <extensions>
          <ns3:TrackPointExtension>
            <ns3:hr>54</ns3:hr>
          </ns3:TrackPointExtension>
        </extensions>
      </trkpt>
      <trkpt lat="56.95552482269704341888427734375" lon="-5.85072272457182407379150390625">
        <ele>5.599999904632568359375</ele>
        <time>2025-09-01T16:04:19.000Z</time>
        <extensions>
          <ns3:TrackPointExtension>
            <ns3:hr>56</ns3:hr>
          </ns3:TrackPointExtension>
        </extensions>
      </trkpt>
      <trkpt lat="56.9555188715457916259765625" lon="-5.85067628882825374603271484375">
        <ele>6</ele>
        <time>2025-09-01T16:04:21.000Z</time>
        <extensions>
          <ns3:TrackPointExtension>
            <ns3:hr>55</ns3:hr>
          </ns3:TrackPointExtension>
        </extensions>
      </trkpt>
      <trkpt lat="56.955480985343456268310546875" lon="-5.8505226485431194305419921875">
        <ele>6.400000095367431640625</ele>
        <time>2025-09-01T16:04:31.000Z</time>
        <extensions>
          <ns3:TrackPointExtension>
            <ns3:hr>53</ns3:hr>
          </ns3:TrackPointExtension>
        </extensions>
      </trkpt>
      <trkpt lat="56.955466903746128082275390625" lon="-5.85047747008502483367919921875">
        <ele>6.599999904632568359375</ele>
        <time>2025-09-01T16:04:35.000Z</time>
        <extensions>
          <ns3:TrackPointExtension>
            <ns3:hr>51</ns3:hr>
          </ns3:TrackPointExtension>
        </extensions>
      </trkpt>
      <trkpt lat="56.95544687099754810333251953125" lon="-5.850420556962490081787109375">
        <ele>6.80000019073486328125</ele>
        <time>2025-09-01T16:04:39.000Z</time>
        <extensions>
          <ns3:TrackPointExtension>
            <ns3:hr>51</ns3:hr>
          </ns3:TrackPointExtension>
        </extensions>
      </trkpt>
      <trkpt lat="56.95541091263294219970703125" lon="-5.8503291942179203033447265625">
        <ele>7.599999904632568359375</ele>
        <time>2025-09-01T16:04:46.000Z</time>
        <extensions>
          <ns3:TrackPointExtension>
            <ns3:hr>51</ns3:hr>
          </ns3:TrackPointExtension>
        </extensions>
      </trkpt>
      <trkpt lat="56.9553966633975505828857421875" lon="-5.850313603878021240234375">
        <ele>7.80000019073486328125</ele>
        <time>2025-09-01T16:04:48.000Z</time>
        <extensions>
          <ns3:TrackPointExtension>
            <ns3:hr>51</ns3:hr>
          </ns3:TrackPointExtension>
        </extensions>
      </trkpt>
      <trkpt lat="56.95536120794713497161865234375" lon="-5.85021679289638996124267578125">
        <ele>8.19999980926513671875</ele>
        <time>2025-09-01T16:04:56.000Z</time>
        <extensions>
          <ns3:TrackPointExtension>
            <ns3:hr>52</ns3:hr>
          </ns3:TrackPointExtension>
        </extensions>
      </trkpt>
      <trkpt lat="56.95535768754780292510986328125" lon="-5.8501773141324520111083984375">
        <ele>8.6000003814697265625</ele>
        <time>2025-09-01T16:05:03.000Z</time>
        <extensions>
          <ns3:TrackPointExtension>
            <ns3:hr>52</ns3:hr>
          </ns3:TrackPointExtension>
        </extensions>
      </trkpt>
      <trkpt lat="56.955412924289703369140625" lon="-5.85014395415782928466796875">
        <ele>8.6000003814697265625</ele>
        <time>2025-09-01T16:05:09.000Z</time>
        <extensions>
          <ns3:TrackPointExtension>
            <ns3:hr>52</ns3:hr>
          </ns3:TrackPointExtension>
        </extensions>
      </trkpt>
      <trkpt lat="56.95542189292609691619873046875" lon="-5.8501400984823703765869140625">
        <ele>8.80000019073486328125</ele>
        <time>2025-09-01T16:05:10.000Z</time>
        <extensions>
          <ns3:TrackPointExtension>
            <ns3:hr>52</ns3:hr>
          </ns3:TrackPointExtension>
        </extensions>
      </trkpt>
      <trkpt lat="56.95552624762058258056640625" lon="-5.85004605352878570556640625">
        <ele>9.6000003814697265625</ele>
        <time>2025-09-01T16:05:20.000Z</time>
        <extensions>
          <ns3:TrackPointExtension>
            <ns3:hr>53</ns3:hr>
          </ns3:TrackPointExtension>
        </extensions>
      </trkpt>
      <trkpt lat="56.95556405000388622283935546875" lon="-5.849899537861347198486328125">
        <ele>9.80000019073486328125</ele>
        <time>2025-09-01T16:05:27.000Z</time>
        <extensions>
          <ns3:TrackPointExtension>
            <ns3:hr>55</ns3:hr>
          </ns3:TrackPointExtension>
        </extensions>
      </trkpt>
      <trkpt lat="56.95558902807533740997314453125" lon="-5.8497194945812225341796875">
        <ele>10.19999980926513671875</ele>
        <time>2025-09-01T16:05:36.000Z</time>
        <extensions>
          <ns3:TrackPointExtension>
            <ns3:hr>55</ns3:hr>
          </ns3:TrackPointExtension>
        </extensions>
      </trkpt>
      <trkpt lat="56.95559489540755748748779296875" lon="-5.84968169219791889190673828125">
        <ele>10.6000003814697265625</ele>
        <time>2025-09-01T16:05:38.000Z</time>
        <extensions>
          <ns3:TrackPointExtension>
            <ns3:hr>55</ns3:hr>
          </ns3:TrackPointExtension>
        </extensions>
      </trkpt>
      <trkpt lat="56.95562255568802356719970703125" lon="-5.84952092729508876800537109375">
        <ele>11.19999980926513671875</ele>
        <time>2025-09-01T16:05:46.000Z</time>
        <extensions>
          <ns3:TrackPointExtension>
            <ns3:hr>56</ns3:hr>
          </ns3:TrackPointExtension>
        </extensions>
      </trkpt>
      <trkpt lat="56.9556360505521297454833984375" lon="-5.84946359507739543914794921875">
        <ele>11.19999980926513671875</ele>
        <time>2025-09-01T16:05:49.000Z</time>
        <extensions>
          <ns3:TrackPointExtension>
            <ns3:hr>53</ns3:hr>
          </ns3:TrackPointExtension>
        </extensions>
      </trkpt>
      <trkpt lat="56.95563999004662036895751953125" lon="-5.84942118264734745025634765625">
        <ele>11.3999996185302734375</ele>
        <time>2025-09-01T16:05:51.000Z</time>
        <extensions>
          <ns3:TrackPointExtension>
            <ns3:hr>52</ns3:hr>
          </ns3:TrackPointExtension>
        </extensions>
      </trkpt>
      <trkpt lat="56.95566572248935699462890625" lon="-5.84925572387874126434326171875">
        <ele>11.3999996185302734375</ele>
        <time>2025-09-01T16:06:01.000Z</time>
        <extensions>
          <ns3:TrackPointExtension>
            <ns3:hr>53</ns3:hr>
          </ns3:TrackPointExtension>
        </extensions>
      </trkpt>
      <trkpt lat="56.95572967641055583953857421875" lon="-5.84908724762499332427978515625">
        <ele>11</ele>
        <time>2025-09-01T16:06:11.000Z</time>
        <extensions>
          <ns3:TrackPointExtension>
            <ns3:hr>53</ns3:hr>
          </ns3:TrackPointExtension>
        </extensions>
      </trkpt>
      <trkpt lat="56.95576353929936885833740234375" lon="-5.848992280662059783935546875">
        <ele>10.80000019073486328125</ele>
        <time>2025-09-01T16:06:18.000Z</time>
        <extensions>
          <ns3:TrackPointExtension>
            <ns3:hr>54</ns3:hr>
          </ns3:TrackPointExtension>
        </extensions>
      </trkpt>
      <trkpt lat="56.95576152764260768890380859375" lon="-5.8490199409425258636474609375">
        <ele>11</ele>
        <time>2025-09-01T16:06:25.000Z</time>
        <extensions>
          <ns3:TrackPointExtension>
            <ns3:hr>59</ns3:hr>
          </ns3:TrackPointExtension>
        </extensions>
      </trkpt>
      <trkpt lat="56.95576119236648082733154296875" lon="-5.84902203641831874847412109375">
        <ele>11</ele>
        <time>2025-09-01T16:06:26.000Z</time>
        <extensions>
          <ns3:TrackPointExtension>
            <ns3:hr>70</ns3:hr>
          </ns3:TrackPointExtension>
        </extensions>
      </trkpt>
      <trkpt lat="56.9557617790997028350830078125" lon="-5.84902186878025531768798828125">
        <ele>11</ele>
        <time>2025-09-01T16:06:27.000Z</time>
        <extensions>
          <ns3:TrackPointExtension>
            <ns3:hr>74</ns3:hr>
          </ns3:TrackPointExtension>
        </extensions>
      </trkpt>
      <trkpt lat="56.95576219819486141204833984375" lon="-5.84901700727641582489013671875">
        <ele>11</ele>
        <time>2025-09-01T16:06:30.000Z</time>
        <extensions>
          <ns3:TrackPointExtension>
            <ns3:hr>76</ns3:hr>
          </ns3:TrackPointExtension>
        </extensions>
      </trkpt>
      <trkpt lat="56.9557658024132251739501953125" lon="-5.8490072004497051239013671875">
        <ele>11</ele>
        <time>2025-09-01T16:06:42.000Z</time>
        <extensions>
          <ns3:TrackPointExtension>
            <ns3:hr>79</ns3:hr>
          </ns3:TrackPointExtension>
        </extensions>
      </trkpt>
      <trkpt lat="56.9557658024132251739501953125" lon="-5.8490072004497051239013671875">
        <ele>10.80000019073486328125</ele>
        <time>2025-09-01T16:06:54.000Z</time>
        <extensions>
          <ns3:TrackPointExtension>
            <ns3:hr>76</ns3:hr>
          </ns3:TrackPointExtension>
        </extensions>
      </trkpt>
      <trkpt lat="56.9557658024132251739501953125" lon="-5.8490072004497051239013671875">
        <ele>10.6000003814697265625</ele>
        <time>2025-09-01T16:07:04.000Z</time>
        <extensions>
          <ns3:TrackPointExtension>
            <ns3:hr>76</ns3:hr>
          </ns3:TrackPointExtension>
        </extensions>
      </trkpt>
      <trkpt lat="56.95573755539953708648681640625" lon="-5.84889664314687252044677734375">
        <ele>10.3999996185302734375</ele>
        <time>2025-09-01T16:07:10.000Z</time>
        <extensions>
          <ns3:TrackPointExtension>
            <ns3:hr>75</ns3:hr>
          </ns3:TrackPointExtension>
        </extensions>
      </trkpt>
      <trkpt lat="56.9556990824639797210693359375" lon="-5.84876932203769683837890625">
        <ele>10.80000019073486328125</ele>
        <time>2025-09-01T16:07:17.000Z</time>
        <extensions>
          <ns3:TrackPointExtension>
            <ns3:hr>76</ns3:hr>
          </ns3:TrackPointExtension>
        </extensions>
      </trkpt>
      <trkpt lat="56.9557054527103900909423828125" lon="-5.84878097288310527801513671875">
        <ele>11.19999980926513671875</ele>
        <time>2025-09-01T16:07:24.000Z</time>
        <extensions>
          <ns3:TrackPointExtension>
            <ns3:hr>76</ns3:hr>
          </ns3:TrackPointExtension>
        </extensions>
      </trkpt>
      <trkpt lat="56.9557326100766658782958984375" lon="-5.8488987386226654052734375">
        <ele>10.6000003814697265625</ele>
        <time>2025-09-01T16:07:31.000Z</time>
        <extensions>
          <ns3:TrackPointExtension>
            <ns3:hr>75</ns3:hr>
          </ns3:TrackPointExtension>
        </extensions>
      </trkpt>
      <trkpt lat="56.95577460341155529022216796875" lon="-5.8489823900163173675537109375">
        <ele>10.80000019073486328125</ele>
        <time>2025-09-01T16:07:36.000Z</time>
        <extensions>
          <ns3:TrackPointExtension>
            <ns3:hr>75</ns3:hr>
          </ns3:TrackPointExtension>
        </extensions>
      </trkpt>
      <trkpt lat="56.95578214712440967559814453125" lon="-5.8489790372550487518310546875">
        <ele>10.80000019073486328125</ele>
        <time>2025-09-01T16:07:37.000Z</time>
        <extensions>
          <ns3:TrackPointExtension>
            <ns3:hr>75</ns3:hr>
          </ns3:TrackPointExtension>
        </extensions>
      </trkpt>
      <trkpt lat="56.955797486007213592529296875" lon="-5.84899119101464748382568359375">
        <ele>10</ele>
        <time>2025-09-01T16:07:43.000Z</time>
        <extensions>
          <ns3:TrackPointExtension>
            <ns3:hr>75</ns3:hr>
          </ns3:TrackPointExtension>
        </extensions>
      </trkpt>
      <trkpt lat="56.95579974912106990814208984375" lon="-5.84898683242499828338623046875">
        <ele>10</ele>
        <time>2025-09-01T16:07:44.000Z</time>
        <extensions>
          <ns3:TrackPointExtension>
            <ns3:hr>74</ns3:hr>
          </ns3:TrackPointExtension>
        </extensions>
      </trkpt>
      <trkpt lat="56.95584484376013278961181640625" lon="-5.84893561899662017822265625">
        <ele>10.80000019073486328125</ele>
        <time>2025-09-01T16:07:51.000Z</time>
        <extensions>
          <ns3:TrackPointExtension>
            <ns3:hr>75</ns3:hr>
          </ns3:TrackPointExtension>
        </extensions>
      </trkpt>
      <trkpt lat="56.95590854622423648834228515625" lon="-5.8488901890814304351806640625">
        <ele>9.19999980926513671875</ele>
        <time>2025-09-01T16:07:59.000Z</time>
        <extensions>
          <ns3:TrackPointExtension>
            <ns3:hr>76</ns3:hr>
          </ns3:TrackPointExtension>
        </extensions>
      </trkpt>
      <trkpt lat="56.95591860450804233551025390625" lon="-5.84887954406440258026123046875">
        <ele>8.80000019073486328125</ele>
        <time>2025-09-01T16:08:01.000Z</time>
        <extensions>
          <ns3:TrackPointExtension>
            <ns3:hr>76</ns3:hr>
          </ns3:TrackPointExtension>
        </extensions>
      </trkpt>
      <trkpt lat="56.95591726340353488922119140625" lon="-5.84887401200830936431884765625">
        <ele>8.19999980926513671875</ele>
        <time>2025-09-01T16:08:06.000Z</time>
        <extensions>
          <ns3:TrackPointExtension>
            <ns3:hr>76</ns3:hr>
          </ns3:TrackPointExtension>
        </extensions>
      </trkpt>
      <trkpt lat="56.95592380128800868988037109375" lon="-5.84886395372450351715087890625">
        <ele>8</ele>
        <time>2025-09-01T16:08:12.000Z</time>
        <extensions>
          <ns3:TrackPointExtension>
            <ns3:hr>73</ns3:hr>
          </ns3:TrackPointExtension>
        </extensions>
      </trkpt>
      <trkpt lat="56.95592262782156467437744140625" lon="-5.84886345081031322479248046875">
        <ele>8.19999980926513671875</ele>
        <time>2025-09-01T16:08:14.000Z</time>
        <extensions>
          <ns3:TrackPointExtension>
            <ns3:hr>70</ns3:hr>
          </ns3:TrackPointExtension>
        </extensions>
      </trkpt>
      <trkpt lat="56.955917514860630035400390625" lon="-5.84885054267942905426025390625">
        <ele>8.19999980926513671875</ele>
        <time>2025-09-01T16:08:22.000Z</time>
        <extensions>
          <ns3:TrackPointExtension>
            <ns3:hr>74</ns3:hr>
          </ns3:TrackPointExtension>
        </extensions>
      </trkpt>
      <trkpt lat="56.95592329837381839752197265625" lon="-5.84883327595889568328857421875">
        <ele>8.19999980926513671875</ele>
        <time>2025-09-01T16:08:24.000Z</time>
        <extensions>
          <ns3:TrackPointExtension>
            <ns3:hr>77</ns3:hr>
          </ns3:TrackPointExtension>
        </extensions>
      </trkpt>
      <trkpt lat="56.95591357536613941192626953125" lon="-5.84885573945939540863037109375">
        <ele>7.80000019073486328125</ele>
        <time>2025-09-01T16:08:27.000Z</time>
        <extensions>
          <ns3:TrackPointExtension>
            <ns3:hr>78</ns3:hr>
          </ns3:TrackPointExtension>
        </extensions>
      </trkpt>
      <trkpt lat="56.95590754039585590362548828125" lon="-5.84886881522834300994873046875">
        <ele>7.80000019073486328125</ele>
        <time>2025-09-01T16:08:30.000Z</time>
        <extensions>
          <ns3:TrackPointExtension>
            <ns3:hr>78</ns3:hr>
          </ns3:TrackPointExtension>
        </extensions>
      </trkpt>
      <trkpt lat="56.95595313794910907745361328125" lon="-5.84884869866073131561279296875">
        <ele>7.599999904632568359375</ele>
        <time>2025-09-01T16:08:38.000Z</time>
        <extensions>
          <ns3:TrackPointExtension>
            <ns3:hr>76</ns3:hr>
          </ns3:TrackPointExtension>
        </extensions>
      </trkpt>
      <trkpt lat="56.95599831640720367431640625" lon="-5.84880712442100048065185546875">
        <ele>6.599999904632568359375</ele>
        <time>2025-09-01T16:08:42.000Z</time>
        <extensions>
          <ns3:TrackPointExtension>
            <ns3:hr>76</ns3:hr>
          </ns3:TrackPointExtension>
        </extensions>
      </trkpt>
      <trkpt lat="56.95601935498416423797607421875" lon="-5.848787762224674224853515625">
        <ele>6.400000095367431640625</ele>
        <time>2025-09-01T16:08:44.000Z</time>
        <extensions>
          <ns3:TrackPointExtension>
            <ns3:hr>76</ns3:hr>
          </ns3:TrackPointExtension>
        </extensions>
      </trkpt>
      <trkpt lat="56.956050954759120941162109375" lon="-5.848762281239032745361328125">
        <ele>6.19999980926513671875</ele>
        <time>2025-09-01T16:08:47.000Z</time>
        <extensions>
          <ns3:TrackPointExtension>
            <ns3:hr>76</ns3:hr>
          </ns3:TrackPointExtension>
        </extensions>
      </trkpt>
      <trkpt lat="56.95613888092339038848876953125" lon="-5.848679803311824798583984375">
        <ele>6.19999980926513671875</ele>
        <time>2025-09-01T16:08:56.000Z</time>
        <extensions>
          <ns3:TrackPointExtension>
            <ns3:hr>75</ns3:hr>
          </ns3:TrackPointExtension>
        </extensions>
      </trkpt>
      <trkpt lat="56.95626393891870975494384765625" lon="-5.8485795557498931884765625">
        <ele>6.19999980926513671875</ele>
        <time>2025-09-01T16:09:07.000Z</time>
        <extensions>
          <ns3:TrackPointExtension>
            <ns3:hr>73</ns3:hr>
          </ns3:TrackPointExtension>
        </extensions>
      </trkpt>
      <trkpt lat="56.9563538767397403717041015625" lon="-5.84848634898662567138671875">
        <ele>6.19999980926513671875</ele>
        <time>2025-09-01T16:09:17.000Z</time>
        <extensions>
          <ns3:TrackPointExtension>
            <ns3:hr>74</ns3:hr>
          </ns3:TrackPointExtension>
        </extensions>
      </trkpt>
      <trkpt lat="56.956465356051921844482421875" lon="-5.8483864367008209228515625">
        <ele>6.19999980926513671875</ele>
        <time>2025-09-01T16:09:28.000Z</time>
        <extensions>
          <ns3:TrackPointExtension>
            <ns3:hr>74</ns3:hr>
          </ns3:TrackPointExtension>
        </extensions>
      </trkpt>
      <trkpt lat="56.95656635798513889312744140625" lon="-5.8483644761145114898681640625">
        <ele>6.400000095367431640625</ele>
        <time>2025-09-01T16:09:37.000Z</time>
        <extensions>
          <ns3:TrackPointExtension>
            <ns3:hr>74</ns3:hr>
          </ns3:TrackPointExtension>
        </extensions>
      </trkpt>
      <trkpt lat="56.9565878994762897491455078125" lon="-5.84836338646709918975830078125">
        <ele>7</ele>
        <time>2025-09-01T16:09:43.000Z</time>
        <extensions>
          <ns3:TrackPointExtension>
            <ns3:hr>74</ns3:hr>
          </ns3:TrackPointExtension>
        </extensions>
      </trkpt>
      <trkpt lat="56.956593096256256103515625" lon="-5.8483649790287017822265625">
        <ele>7.19999980926513671875</ele>
        <time>2025-09-01T16:09:50.000Z</time>
        <extensions>
          <ns3:TrackPointExtension>
            <ns3:hr>76</ns3:hr>
          </ns3:TrackPointExtension>
        </extensions>
      </trkpt>
      <trkpt lat="56.95658563636243343353271484375" lon="-5.8483674935996532440185546875">
        <ele>6.599999904632568359375</ele>
        <time>2025-09-01T16:10:07.000Z</time>
        <extensions>
          <ns3:TrackPointExtension>
            <ns3:hr>77</ns3:hr>
          </ns3:TrackPointExtension>
        </extensions>
      </trkpt>
      <trkpt lat="56.9566090218722820281982421875" lon="-5.84830001927912235260009765625">
        <ele>7.400000095367431640625</ele>
        <time>2025-09-01T16:10:15.000Z</time>
        <extensions>
          <ns3:TrackPointExtension>
            <ns3:hr>76</ns3:hr>
          </ns3:TrackPointExtension>
        </extensions>
      </trkpt>
      <trkpt lat="56.9566368497908115386962890625" lon="-5.848191641271114349365234375">
        <ele>6.400000095367431640625</ele>
        <time>2025-09-01T16:10:24.000Z</time>
        <extensions>
          <ns3:TrackPointExtension>
            <ns3:hr>75</ns3:hr>
          </ns3:TrackPointExtension>
        </extensions>
      </trkpt>
      <trkpt lat="56.9566368497908115386962890625" lon="-5.848191641271114349365234375">
        <ele>7.19999980926513671875</ele>
        <time>2025-09-01T16:10:31.000Z</time>
        <extensions>
          <ns3:TrackPointExtension>
            <ns3:hr>74</ns3:hr>
          </ns3:TrackPointExtension>
        </extensions>
      </trkpt>
      <trkpt lat="56.9566522724926471710205078125" lon="-5.848095417022705078125">
        <ele>6.19999980926513671875</ele>
        <time>2025-09-01T16:10:37.000Z</time>
        <extensions>
          <ns3:TrackPointExtension>
            <ns3:hr>74</ns3:hr>
          </ns3:TrackPointExtension>
        </extensions>
      </trkpt>
      <trkpt lat="56.9566928409039974212646484375" lon="-5.8479708619415760040283203125">
        <ele>6.400000095367431640625</ele>
        <time>2025-09-01T16:10:45.000Z</time>
        <extensions>
          <ns3:TrackPointExtension>
            <ns3:hr>75</ns3:hr>
          </ns3:TrackPointExtension>
        </extensions>
      </trkpt>
      <trkpt lat="56.95675679482519626617431640625" lon="-5.847836248576641082763671875">
        <ele>7.400000095367431640625</ele>
        <time>2025-09-01T16:10:54.000Z</time>
        <extensions>
          <ns3:TrackPointExtension>
            <ns3:hr>77</ns3:hr>
          </ns3:TrackPointExtension>
        </extensions>
      </trkpt>
      <trkpt lat="56.95681647397577762603759765625" lon="-5.84772904403507709503173828125">
        <ele>7</ele>
        <time>2025-09-01T16:11:03.000Z</time>
        <extensions>
          <ns3:TrackPointExtension>
            <ns3:hr>77</ns3:hr>
          </ns3:TrackPointExtension>
        </extensions>
      </trkpt>
      <trkpt lat="56.9568567909300327301025390625" lon="-5.8476322330534458160400390625">
        <ele>7.599999904632568359375</ele>
        <time>2025-09-01T16:11:10.000Z</time>
        <extensions>
          <ns3:TrackPointExtension>
            <ns3:hr>77</ns3:hr>
          </ns3:TrackPointExtension>
        </extensions>
      </trkpt>
      <trkpt lat="56.95686609484255313873291015625" lon="-5.84761194884777069091796875">
        <ele>7.80000019073486328125</ele>
        <time>2025-09-01T16:11:12.000Z</time>
        <extensions>
          <ns3:TrackPointExtension>
            <ns3:hr>77</ns3:hr>
          </ns3:TrackPointExtension>
        </extensions>
      </trkpt>
      <trkpt lat="56.95688755251467227935791015625" lon="-5.84749435074627399444580078125">
        <ele>7.400000095367431640625</ele>
        <time>2025-09-01T16:11:19.000Z</time>
        <extensions>
          <ns3:TrackPointExtension>
            <ns3:hr>77</ns3:hr>
          </ns3:TrackPointExtension>
        </extensions>
      </trkpt>
      <trkpt lat="56.956898532807826995849609375" lon="-5.847432576119899749755859375">
        <ele>7</ele>
        <time>2025-09-01T16:11:23.000Z</time>
        <extensions>
          <ns3:TrackPointExtension>
            <ns3:hr>80</ns3:hr>
          </ns3:TrackPointExtension>
        </extensions>
      </trkpt>
      <trkpt lat="56.956900544464588165283203125" lon="-5.84732587449252605438232421875">
        <ele>8</ele>
        <time>2025-09-01T16:11:29.000Z</time>
        <extensions>
          <ns3:TrackPointExtension>
            <ns3:hr>80</ns3:hr>
          </ns3:TrackPointExtension>
        </extensions>
      </trkpt>
      <trkpt lat="56.956900544464588165283203125" lon="-5.84728379733860492706298828125">
        <ele>8.3999996185302734375</ele>
        <time>2025-09-01T16:11:34.000Z</time>
        <extensions>
          <ns3:TrackPointExtension>
            <ns3:hr>81</ns3:hr>
          </ns3:TrackPointExtension>
        </extensions>
      </trkpt>
      <trkpt lat="56.95688855834305286407470703125" lon="-5.8471618406474590301513671875">
        <ele>7.599999904632568359375</ele>
        <time>2025-09-01T16:11:42.000Z</time>
        <extensions>
          <ns3:TrackPointExtension>
            <ns3:hr>83</ns3:hr>
          </ns3:TrackPointExtension>
        </extensions>
      </trkpt>
      <trkpt lat="56.9568916596472263336181640625" lon="-5.8471527881920337677001953125">
        <ele>7.599999904632568359375</ele>
        <time>2025-09-01T16:11:43.000Z</time>
        <extensions>
          <ns3:TrackPointExtension>
            <ns3:hr>83</ns3:hr>
          </ns3:TrackPointExtension>
        </extensions>
      </trkpt>
      <trkpt lat="56.9569214992225170135498046875" lon="-5.84709738381206989288330078125">
        <ele>7.599999904632568359375</ele>
        <time>2025-09-01T16:11:48.000Z</time>
        <extensions>
          <ns3:TrackPointExtension>
            <ns3:hr>82</ns3:hr>
          </ns3:TrackPointExtension>
        </extensions>
      </trkpt>
      <trkpt lat="56.956931389868259429931640625" lon="-5.84702588617801666259765625">
        <ele>6.599999904632568359375</ele>
        <time>2025-09-01T16:11:52.000Z</time>
        <extensions>
          <ns3:TrackPointExtension>
            <ns3:hr>81</ns3:hr>
          </ns3:TrackPointExtension>
        </extensions>
      </trkpt>
      <trkpt lat="56.95694186724722385406494140625" lon="-5.8469844795763492584228515625">
        <ele>6</ele>
        <time>2025-09-01T16:11:55.000Z</time>
        <extensions>
          <ns3:TrackPointExtension>
            <ns3:hr>79</ns3:hr>
          </ns3:TrackPointExtension>
        </extensions>
      </trkpt>
      <trkpt lat="56.95697170682251453399658203125" lon="-5.8469355292618274688720703125">
        <ele>5.400000095367431640625</ele>
        <time>2025-09-01T16:11:59.000Z</time>
        <extensions>
          <ns3:TrackPointExtension>
            <ns3:hr>79</ns3:hr>
          </ns3:TrackPointExtension>
        </extensions>
      </trkpt>
      <trkpt lat="56.95700707845389842987060546875" lon="-5.8468838967382907867431640625">
        <ele>5.19999980926513671875</ele>
        <time>2025-09-01T16:12:03.000Z</time>
        <extensions>
          <ns3:TrackPointExtension>
            <ns3:hr>79</ns3:hr>
          </ns3:TrackPointExtension>
        </extensions>
      </trkpt>
      <trkpt lat="56.95705351419746875762939453125" lon="-5.846751295030117034912109375">
        <ele>5.400000095367431640625</ele>
        <time>2025-09-01T16:12:12.000Z</time>
        <extensions>
          <ns3:TrackPointExtension>
            <ns3:hr>78</ns3:hr>
          </ns3:TrackPointExtension>
        </extensions>
      </trkpt>
      <trkpt lat="56.95711067877709865570068359375" lon="-5.846566893160343170166015625">
        <ele>5.400000095367431640625</ele>
        <time>2025-09-01T16:12:22.000Z</time>
        <extensions>
          <ns3:TrackPointExtension>
            <ns3:hr>79</ns3:hr>
          </ns3:TrackPointExtension>
        </extensions>
      </trkpt>
      <trkpt lat="56.957182176411151885986328125" lon="-5.84638441912829875946044921875">
        <ele>6</ele>
        <time>2025-09-01T16:12:33.000Z</time>
        <extensions>
          <ns3:TrackPointExtension>
            <ns3:hr>80</ns3:hr>
          </ns3:TrackPointExtension>
        </extensions>
      </trkpt>
      <trkpt lat="56.9572966732084751129150390625" lon="-5.84632390178740024566650390625">
        <ele>6.19999980926513671875</ele>
        <time>2025-09-01T16:12:43.000Z</time>
        <extensions>
          <ns3:TrackPointExtension>
            <ns3:hr>78</ns3:hr>
          </ns3:TrackPointExtension>
        </extensions>
      </trkpt>
      <trkpt lat="56.9573610462248325347900390625" lon="-5.84629096090793609619140625">
        <ele>5.19999980926513671875</ele>
        <time>2025-09-01T16:12:51.000Z</time>
        <extensions>
          <ns3:TrackPointExtension>
            <ns3:hr>75</ns3:hr>
          </ns3:TrackPointExtension>
        </extensions>
      </trkpt>
      <trkpt lat="56.95737387053668498992919921875" lon="-5.8461630530655384063720703125">
        <ele>6.400000095367431640625</ele>
        <time>2025-09-01T16:12:58.000Z</time>
        <extensions>
          <ns3:TrackPointExtension>
            <ns3:hr>75</ns3:hr>
          </ns3:TrackPointExtension>
        </extensions>
      </trkpt>
      <trkpt lat="56.9573737867176532745361328125" lon="-5.84614587016403675079345703125">
        <ele>6.599999904632568359375</ele>
        <time>2025-09-01T16:12:59.000Z</time>
        <extensions>
          <ns3:TrackPointExtension>
            <ns3:hr>75</ns3:hr>
          </ns3:TrackPointExtension>
        </extensions>
      </trkpt>
      <trkpt lat="56.95736213587224483489990234375" lon="-5.84593866951763629913330078125">
        <ele>6.599999904632568359375</ele>
        <time>2025-09-01T16:13:09.000Z</time>
        <extensions>
          <ns3:TrackPointExtension>
            <ns3:hr>75</ns3:hr>
          </ns3:TrackPointExtension>
        </extensions>
      </trkpt>
      <trkpt lat="56.95736062712967395782470703125" lon="-5.84574638865888118743896484375">
        <ele>6.599999904632568359375</ele>
        <time>2025-09-01T16:13:19.000Z</time>
        <extensions>
          <ns3:TrackPointExtension>
            <ns3:hr>76</ns3:hr>
          </ns3:TrackPointExtension>
        </extensions>
      </trkpt>
      <trkpt lat="56.95735677145421504974365234375" lon="-5.8456453867256641387939453125">
        <ele>7</ele>
        <time>2025-09-01T16:13:25.000Z</time>
        <extensions>
          <ns3:TrackPointExtension>
            <ns3:hr>75</ns3:hr>
          </ns3:TrackPointExtension>
        </extensions>
      </trkpt>
      <trkpt lat="56.95735685527324676513671875" lon="-5.845516137778759002685546875">
        <ele>7.599999904632568359375</ele>
        <time>2025-09-01T16:13:32.000Z</time>
        <extensions>
          <ns3:TrackPointExtension>
            <ns3:hr>78</ns3:hr>
          </ns3:TrackPointExtension>
        </extensions>
      </trkpt>
      <trkpt lat="56.95736146531999111175537109375" lon="-5.84545838646590709686279296875">
        <ele>7.80000019073486328125</ele>
        <time>2025-09-01T16:13:35.000Z</time>
        <extensions>
          <ns3:TrackPointExtension>
            <ns3:hr>79</ns3:hr>
          </ns3:TrackPointExtension>
        </extensions>
      </trkpt>
      <trkpt lat="56.9573694281280040740966796875" lon="-5.84539686329662799835205078125">
        <ele>7.400000095367431640625</ele>
        <time>2025-09-01T16:13:39.000Z</time>
        <extensions>
          <ns3:TrackPointExtension>
            <ns3:hr>82</ns3:hr>
          </ns3:TrackPointExtension>
        </extensions>
      </trkpt>
      <trkpt lat="56.95738376118242740631103515625" lon="-5.84530399180948734283447265625">
        <ele>8.19999980926513671875</ele>
        <time>2025-09-01T16:13:45.000Z</time>
        <extensions>
          <ns3:TrackPointExtension>
            <ns3:hr>81</ns3:hr>
          </ns3:TrackPointExtension>
        </extensions>
      </trkpt>
      <trkpt lat="56.95739180780947208404541015625" lon="-5.84526023827493190765380859375">
        <ele>8.6000003814697265625</ele>
        <time>2025-09-01T16:13:48.000Z</time>
        <extensions>
          <ns3:TrackPointExtension>
            <ns3:hr>79</ns3:hr>
          </ns3:TrackPointExtension>
        </extensions>
      </trkpt>
      <trkpt lat="56.95738510228693485260009765625" lon="-5.845156051218509674072265625">
        <ele>8.19999980926513671875</ele>
        <time>2025-09-01T16:13:54.000Z</time>
        <extensions>
          <ns3:TrackPointExtension>
            <ns3:hr>78</ns3:hr>
          </ns3:TrackPointExtension>
        </extensions>
      </trkpt>
      <trkpt lat="56.9573878683149814605712890625" lon="-5.84501364268362522125244140625">
        <ele>10</ele>
        <time>2025-09-01T16:14:04.000Z</time>
        <extensions>
          <ns3:TrackPointExtension>
            <ns3:hr>78</ns3:hr>
          </ns3:TrackPointExtension>
        </extensions>
      </trkpt>
      <trkpt lat="56.95736900903284549713134765625" lon="-5.84486528299748897552490234375">
        <ele>10.80000019073486328125</ele>
        <time>2025-09-01T16:14:13.000Z</time>
        <extensions>
          <ns3:TrackPointExtension>
            <ns3:hr>78</ns3:hr>
          </ns3:TrackPointExtension>
        </extensions>
      </trkpt>
      <trkpt lat="56.957366578280925750732421875" lon="-5.84475514478981494903564453125">
        <ele>11</ele>
        <time>2025-09-01T16:14:21.000Z</time>
        <extensions>
          <ns3:TrackPointExtension>
            <ns3:hr>78</ns3:hr>
          </ns3:TrackPointExtension>
        </extensions>
      </trkpt>
      <trkpt lat="56.9573657400906085968017578125" lon="-5.84474676288664340972900390625">
        <ele>11.3999996185302734375</ele>
        <time>2025-09-01T16:14:22.000Z</time>
        <extensions>
          <ns3:TrackPointExtension>
            <ns3:hr>78</ns3:hr>
          </ns3:TrackPointExtension>
        </extensions>
      </trkpt>
      <trkpt lat="56.95736666209995746612548828125" lon="-5.8446206152439117431640625">
        <ele>12.19999980926513671875</ele>
        <time>2025-09-01T16:14:30.000Z</time>
        <extensions>
          <ns3:TrackPointExtension>
            <ns3:hr>76</ns3:hr>
          </ns3:TrackPointExtension>
        </extensions>
      </trkpt>
      <trkpt lat="56.9573700986802577972412109375" lon="-5.84458666853606700897216796875">
        <ele>12.6000003814697265625</ele>
        <time>2025-09-01T16:14:32.000Z</time>
        <extensions>
          <ns3:TrackPointExtension>
            <ns3:hr>77</ns3:hr>
          </ns3:TrackPointExtension>
        </extensions>
      </trkpt>
      <trkpt lat="56.95737336762249469757080078125" lon="-5.84450318478047847747802734375">
        <ele>13.19999980926513671875</ele>
        <time>2025-09-01T16:14:37.000Z</time>
        <extensions>
          <ns3:TrackPointExtension>
            <ns3:hr>75</ns3:hr>
          </ns3:TrackPointExtension>
        </extensions>
      </trkpt>
      <trkpt lat="56.95737370289862155914306640625" lon="-5.844408385455608367919921875">
        <ele>13.19999980926513671875</ele>
        <time>2025-09-01T16:14:42.000Z</time>
        <extensions>
          <ns3:TrackPointExtension>
            <ns3:hr>75</ns3:hr>
          </ns3:TrackPointExtension>
        </extensions>
      </trkpt>
      <trkpt lat="56.9573670811951160430908203125" lon="-5.8442452736198902130126953125">
        <ele>13.3999996185302734375</ele>
        <time>2025-09-01T16:14:52.000Z</time>
        <extensions>
          <ns3:TrackPointExtension>
            <ns3:hr>77</ns3:hr>
          </ns3:TrackPointExtension>
        </extensions>
      </trkpt>
      <trkpt lat="56.957350485026836395263671875" lon="-5.8441731892526149749755859375">
        <ele>14.3999996185302734375</ele>
        <time>2025-09-01T16:14:57.000Z</time>
        <extensions>
          <ns3:TrackPointExtension>
            <ns3:hr>77</ns3:hr>
          </ns3:TrackPointExtension>
        </extensions>
      </trkpt>
      <trkpt lat="56.95734604261815547943115234375" lon="-5.844124071300029754638671875">
        <ele>14.80000019073486328125</ele>
        <time>2025-09-01T16:15:00.000Z</time>
        <extensions>
          <ns3:TrackPointExtension>
            <ns3:hr>77</ns3:hr>
          </ns3:TrackPointExtension>
        </extensions>
      </trkpt>
      <trkpt lat="56.95734553970396518707275390625" lon="-5.84405089728534221649169921875">
        <ele>15.19999980926513671875</ele>
        <time>2025-09-01T16:15:04.000Z</time>
        <extensions>
          <ns3:TrackPointExtension>
            <ns3:hr>81</ns3:hr>
          </ns3:TrackPointExtension>
        </extensions>
      </trkpt>
      <trkpt lat="56.95735006593167781829833984375" lon="-5.8440179564058780670166015625">
        <ele>15.3999996185302734375</ele>
        <time>2025-09-01T16:15:06.000Z</time>
        <extensions>
          <ns3:TrackPointExtension>
            <ns3:hr>86</ns3:hr>
          </ns3:TrackPointExtension>
        </extensions>
      </trkpt>
      <trkpt lat="56.95736087858676910400390625" lon="-5.844002030789852142333984375">
        <ele>15.6000003814697265625</ele>
        <time>2025-09-01T16:15:08.000Z</time>
        <extensions>
          <ns3:TrackPointExtension>
            <ns3:hr>90</ns3:hr>
          </ns3:TrackPointExtension>
        </extensions>
      </trkpt>
      <trkpt lat="56.95737160742282867431640625" lon="-5.8439928106963634490966796875">
        <ele>15.80000019073486328125</ele>
        <time>2025-09-01T16:15:10.000Z</time>
        <extensions>
          <ns3:TrackPointExtension>
            <ns3:hr>92</ns3:hr>
          </ns3:TrackPointExtension>
        </extensions>
      </trkpt>
      <trkpt lat="56.95738074369728565216064453125" lon="-5.843934305012226104736328125">
        <ele>15.19999980926513671875</ele>
        <time>2025-09-01T16:15:16.000Z</time>
        <extensions>
          <ns3:TrackPointExtension>
            <ns3:hr>93</ns3:hr>
          </ns3:TrackPointExtension>
        </extensions>
      </trkpt>
      <trkpt lat="56.9573999382555484771728515625" lon="-5.84391728974878787994384765625">
        <ele>14.3999996185302734375</ele>
        <time>2025-09-01T16:15:22.000Z</time>
        <extensions>
          <ns3:TrackPointExtension>
            <ns3:hr>93</ns3:hr>
          </ns3:TrackPointExtension>
        </extensions>
      </trkpt>
      <trkpt lat="56.95740790106356143951416015625" lon="-5.84391058422625064849853515625">
        <ele>14</ele>
        <time>2025-09-01T16:15:24.000Z</time>
        <extensions>
          <ns3:TrackPointExtension>
            <ns3:hr>93</ns3:hr>
          </ns3:TrackPointExtension>
        </extensions>
      </trkpt>
      <trkpt lat="56.95742416195571422576904296875" lon="-5.84389097057282924652099609375">
        <ele>13.3999996185302734375</ele>
        <time>2025-09-01T16:15:27.000Z</time>
        <extensions>
          <ns3:TrackPointExtension>
            <ns3:hr>94</ns3:hr>
          </ns3:TrackPointExtension>
        </extensions>
      </trkpt>
      <trkpt lat="56.95742667652666568756103515625" lon="-5.8438493125140666961669921875">
        <ele>12.80000019073486328125</ele>
        <time>2025-09-01T16:15:31.000Z</time>
        <extensions>
          <ns3:TrackPointExtension>
            <ns3:hr>92</ns3:hr>
          </ns3:TrackPointExtension>
        </extensions>
      </trkpt>
      <trkpt lat="56.95741611532866954803466796875" lon="-5.84381586872041225433349609375">
        <ele>12.6000003814697265625</ele>
        <time>2025-09-01T16:15:34.000Z</time>
        <extensions>
          <ns3:TrackPointExtension>
            <ns3:hr>89</ns3:hr>
          </ns3:TrackPointExtension>
        </extensions>
      </trkpt>
      <trkpt lat="56.95740513503551483154296875" lon="-5.84376842714846134185791015625">
        <ele>12.19999980926513671875</ele>
        <time>2025-09-01T16:15:38.000Z</time>
        <extensions>
          <ns3:TrackPointExtension>
            <ns3:hr>86</ns3:hr>
          </ns3:TrackPointExtension>
        </extensions>
      </trkpt>
      <trkpt lat="56.957396082580089569091796875" lon="-5.84371394477784633636474609375">
        <ele>11</ele>
        <time>2025-09-01T16:15:42.000Z</time>
        <extensions>
          <ns3:TrackPointExtension>
            <ns3:hr>87</ns3:hr>
          </ns3:TrackPointExtension>
        </extensions>
      </trkpt>
      <trkpt lat="56.95739231072366237640380859375" lon="-5.8436672575771808624267578125">
        <ele>9.80000019073486328125</ele>
        <time>2025-09-01T16:15:45.000Z</time>
        <extensions>
          <ns3:TrackPointExtension>
            <ns3:hr>86</ns3:hr>
          </ns3:TrackPointExtension>
        </extensions>
      </trkpt>
      <trkpt lat="56.95738661102950572967529296875" lon="-5.84359207190573215484619140625">
        <ele>8.80000019073486328125</ele>
        <time>2025-09-01T16:15:50.000Z</time>
        <extensions>
          <ns3:TrackPointExtension>
            <ns3:hr>87</ns3:hr>
          </ns3:TrackPointExtension>
        </extensions>
      </trkpt>
      <trkpt lat="56.9573838450014591217041015625" lon="-5.8435356616973876953125">
        <ele>8</ele>
        <time>2025-09-01T16:15:53.000Z</time>
        <extensions>
          <ns3:TrackPointExtension>
            <ns3:hr>84</ns3:hr>
          </ns3:TrackPointExtension>
        </extensions>
      </trkpt>
      <trkpt lat="56.9573778100311756134033203125" lon="-5.84349618293344974517822265625">
        <ele>7.400000095367431640625</ele>
        <time>2025-09-01T16:15:55.000Z</time>
        <extensions>
          <ns3:TrackPointExtension>
            <ns3:hr>82</ns3:hr>
          </ns3:TrackPointExtension>
        </extensions>
      </trkpt>
      <trkpt lat="56.95737454108893871307373046875" lon="-5.84345318377017974853515625">
        <ele>7</ele>
        <time>2025-09-01T16:16:00.000Z</time>
        <extensions>
          <ns3:TrackPointExtension>
            <ns3:hr>80</ns3:hr>
          </ns3:TrackPointExtension>
        </extensions>
      </trkpt>
      <trkpt lat="56.95737470872700214385986328125" lon="-5.84345293231308460235595703125">
        <ele>7.19999980926513671875</ele>
        <time>2025-09-01T16:16:02.000Z</time>
        <extensions>
          <ns3:TrackPointExtension>
            <ns3:hr>79</ns3:hr>
          </ns3:TrackPointExtension>
        </extensions>
      </trkpt>
      <trkpt lat="56.957377977669239044189453125" lon="-5.843429379165172576904296875">
        <ele>6.80000019073486328125</ele>
        <time>2025-09-01T16:16:06.000Z</time>
        <extensions>
          <ns3:TrackPointExtension>
            <ns3:hr>80</ns3:hr>
          </ns3:TrackPointExtension>
        </extensions>
      </trkpt>
      <trkpt lat="56.9573845155537128448486328125" lon="-5.84338503889739513397216796875">
        <ele>6.400000095367431640625</ele>
        <time>2025-09-01T16:16:10.000Z</time>
        <extensions>
          <ns3:TrackPointExtension>
            <ns3:hr>79</ns3:hr>
          </ns3:TrackPointExtension>
        </extensions>
      </trkpt>
      <trkpt lat="56.95739449001848697662353515625" lon="-5.84329619072377681732177734375">
        <ele>5.400000095367431640625</ele>
        <time>2025-09-01T16:16:15.000Z</time>
        <extensions>
          <ns3:TrackPointExtension>
            <ns3:hr>79</ns3:hr>
          </ns3:TrackPointExtension>
        </extensions>
      </trkpt>
      <trkpt lat="56.95743790827691555023193359375" lon="-5.84316811524331569671630859375">
        <ele>4.80000019073486328125</ele>
        <time>2025-09-01T16:16:23.000Z</time>
        <extensions>
          <ns3:TrackPointExtension>
            <ns3:hr>78</ns3:hr>
          </ns3:TrackPointExtension>
        </extensions>
      </trkpt>
      <trkpt lat="56.9574612937867641448974609375" lon="-5.84304573945701122283935546875">
        <ele>4.400000095367431640625</ele>
        <time>2025-09-01T16:16:31.000Z</time>
        <extensions>
          <ns3:TrackPointExtension>
            <ns3:hr>78</ns3:hr>
          </ns3:TrackPointExtension>
        </extensions>
      </trkpt>
      <trkpt lat="56.95747797377407550811767578125" lon="-5.84293576888740062713623046875">
        <ele>4.400000095367431640625</ele>
        <time>2025-09-01T16:16:38.000Z</time>
        <extensions>
          <ns3:TrackPointExtension>
            <ns3:hr>78</ns3:hr>
          </ns3:TrackPointExtension>
        </extensions>
      </trkpt>
      <trkpt lat="56.95748199708759784698486328125" lon="-5.84291808307170867919921875">
        <ele>4.400000095367431640625</ele>
        <time>2025-09-01T16:16:39.000Z</time>
        <extensions>
          <ns3:TrackPointExtension>
            <ns3:hr>78</ns3:hr>
          </ns3:TrackPointExtension>
        </extensions>
      </trkpt>
      <trkpt lat="56.95751284249126911163330078125" lon="-5.84282713942229747772216796875">
        <ele>4.599999904632568359375</ele>
        <time>2025-09-01T16:16:45.000Z</time>
        <extensions>
          <ns3:TrackPointExtension>
            <ns3:hr>78</ns3:hr>
          </ns3:TrackPointExtension>
        </extensions>
      </trkpt>
      <trkpt lat="56.95751778781414031982421875" lon="-5.8427720703184604644775390625">
        <ele>5</ele>
        <time>2025-09-01T16:16:48.000Z</time>
        <extensions>
          <ns3:TrackPointExtension>
            <ns3:hr>78</ns3:hr>
          </ns3:TrackPointExtension>
        </extensions>
      </trkpt>
      <trkpt lat="56.95749959908425807952880859375" lon="-5.8427036739885807037353515625">
        <ele>5.19999980926513671875</ele>
        <time>2025-09-01T16:16:52.000Z</time>
        <extensions>
          <ns3:TrackPointExtension>
            <ns3:hr>76</ns3:hr>
          </ns3:TrackPointExtension>
        </extensions>
      </trkpt>
      <trkpt lat="56.95748367346823215484619140625" lon="-5.8426775224506855010986328125">
        <ele>5.400000095367431640625</ele>
        <time>2025-09-01T16:16:54.000Z</time>
        <extensions>
          <ns3:TrackPointExtension>
            <ns3:hr>75</ns3:hr>
          </ns3:TrackPointExtension>
        </extensions>
      </trkpt>
      <trkpt lat="56.95743455551564693450927734375" lon="-5.842624045908451080322265625">
        <ele>5.80000019073486328125</ele>
        <time>2025-09-01T16:16:59.000Z</time>
        <extensions>
          <ns3:TrackPointExtension>
            <ns3:hr>75</ns3:hr>
          </ns3:TrackPointExtension>
        </extensions>
      </trkpt>
      <trkpt lat="56.957424245774745941162109375" lon="-5.8426456712186336517333984375">
        <ele>6.400000095367431640625</ele>
        <time>2025-09-01T16:17:03.000Z</time>
        <extensions>
          <ns3:TrackPointExtension>
            <ns3:hr>74</ns3:hr>
          </ns3:TrackPointExtension>
        </extensions>
      </trkpt>
      <trkpt lat="56.9574307836592197418212890625" lon="-5.842636115849018096923828125">
        <ele>6.400000095367431640625</ele>
        <time>2025-09-01T16:17:04.000Z</time>
        <extensions>
          <ns3:TrackPointExtension>
            <ns3:hr>74</ns3:hr>
          </ns3:TrackPointExtension>
        </extensions>
      </trkpt>
      <trkpt lat="56.957432962954044342041015625" lon="-5.84263108670711517333984375">
        <ele>6.599999904632568359375</ele>
        <time>2025-09-01T16:17:05.000Z</time>
        <extensions>
          <ns3:TrackPointExtension>
            <ns3:hr>73</ns3:hr>
          </ns3:TrackPointExtension>
        </extensions>
      </trkpt>
      <trkpt lat="56.95744176395237445831298828125" lon="-5.84262295626103878021240234375">
        <ele>5.80000019073486328125</ele>
        <time>2025-09-01T16:17:11.000Z</time>
        <extensions>
          <ns3:TrackPointExtension>
            <ns3:hr>73</ns3:hr>
          </ns3:TrackPointExtension>
        </extensions>
      </trkpt>
    </trkseg>
  </trk>
</gpx>
