<?xml version="1.0" encoding="UTF-8"?>
<gpx creator="Garmin Connect" version="1.1"
  xsi:schemaLocation="http://www.topografix.com/GPX/1/1 http://www.topografix.com/GPX/11.xsd"
  xmlns:ns3="http://www.garmin.com/xmlschemas/TrackPointExtension/v1"
  xmlns="http://www.topografix.com/GPX/1/1"
  xmlns:xsi="http://www.w3.org/2001/XMLSchema-instance" xmlns:ns2="http://www.garmin.com/xmlschemas/GpxExtensions/v3">
  <metadata>
    <link href="connect.garmin.com">
      <text>Garmin Connect</text>
    </link>
    <time>2025-08-31T14:19:00.000Z</time>
  </metadata>
  <trk>
    <name>Highlands Walking</name>
    <type>walking</type>
    <trkseg>
      <trkpt lat="56.93295185454189777374267578125" lon="-5.86140126921236515045166015625">
        <ele>15</ele>
        <time>2025-08-31T14:19:00.000Z</time>
        <extensions>
          <ns3:TrackPointExtension>
            <ns3:hr>107</ns3:hr>
          </ns3:TrackPointExtension>
        </extensions>
      </trkpt>
      <trkpt lat="56.932953782379627227783203125" lon="-5.86138182319700717926025390625">
        <ele>15.19999980926513671875</ele>
        <time>2025-08-31T14:19:01.000Z</time>
        <extensions>
          <ns3:TrackPointExtension>
            <ns3:hr>107</ns3:hr>
          </ns3:TrackPointExtension>
        </extensions>
      </trkpt>
      <trkpt lat="56.93296886980533599853515625" lon="-5.86129833944141864776611328125">
        <ele>15.80000019073486328125</ele>
        <time>2025-08-31T14:19:05.000Z</time>
        <extensions>
          <ns3:TrackPointExtension>
            <ns3:hr>107</ns3:hr>
          </ns3:TrackPointExtension>
        </extensions>
      </trkpt>
      <trkpt lat="56.9329643435776233673095703125" lon="-5.861279480159282684326171875">
        <ele>15.80000019073486328125</ele>
        <time>2025-08-31T14:19:06.000Z</time>
        <extensions>
          <ns3:TrackPointExtension>
            <ns3:hr>107</ns3:hr>
          </ns3:TrackPointExtension>
        </extensions>
      </trkpt>
      <trkpt lat="56.93297289311885833740234375" lon="-5.8610945753753185272216796875">
        <ele>15.3999996185302734375</ele>
        <time>2025-08-31T14:19:13.000Z</time>
        <extensions>
          <ns3:TrackPointExtension>
            <ns3:hr>106</ns3:hr>
          </ns3:TrackPointExtension>
        </extensions>
      </trkpt>
      <trkpt lat="56.93298387341201305389404296875" lon="-5.8610022068023681640625">
        <ele>16</ele>
        <time>2025-08-31T14:19:18.000Z</time>
        <extensions>
          <ns3:TrackPointExtension>
            <ns3:hr>103</ns3:hr>
          </ns3:TrackPointExtension>
        </extensions>
      </trkpt>
      <trkpt lat="56.932991333305835723876953125" lon="-5.86092450655996799468994140625">
        <ele>16.799999237060546875</ele>
        <time>2025-08-31T14:19:22.000Z</time>
        <extensions>
          <ns3:TrackPointExtension>
            <ns3:hr>102</ns3:hr>
          </ns3:TrackPointExtension>
        </extensions>
      </trkpt>
      <trkpt lat="56.93299175240099430084228515625" lon="-5.86075502447783946990966796875">
        <ele>17.200000762939453125</ele>
        <time>2025-08-31T14:19:29.000Z</time>
        <extensions>
          <ns3:TrackPointExtension>
            <ns3:hr>102</ns3:hr>
          </ns3:TrackPointExtension>
        </extensions>
      </trkpt>
      <trkpt lat="56.93299166858196258544921875" lon="-5.860689394176006317138671875">
        <ele>17.6000003814697265625</ele>
        <time>2025-08-31T14:19:32.000Z</time>
        <extensions>
          <ns3:TrackPointExtension>
            <ns3:hr>102</ns3:hr>
          </ns3:TrackPointExtension>
        </extensions>
      </trkpt>
      <trkpt lat="56.9330086000263690948486328125" lon="-5.86065016686916351318359375">
        <ele>17.3999996185302734375</ele>
        <time>2025-08-31T14:19:35.000Z</time>
        <extensions>
          <ns3:TrackPointExtension>
            <ns3:hr>101</ns3:hr>
          </ns3:TrackPointExtension>
        </extensions>
      </trkpt>
      <trkpt lat="56.9330357573926448822021484375" lon="-5.860645473003387451171875">
        <ele>18.3999996185302734375</ele>
        <time>2025-08-31T14:19:38.000Z</time>
        <extensions>
          <ns3:TrackPointExtension>
            <ns3:hr>101</ns3:hr>
          </ns3:TrackPointExtension>
        </extensions>
      </trkpt>
      <trkpt lat="56.933125443756580352783203125" lon="-5.8606634102761745452880859375">
        <ele>19.3999996185302734375</ele>
        <time>2025-08-31T14:19:47.000Z</time>
        <extensions>
          <ns3:TrackPointExtension>
            <ns3:hr>99</ns3:hr>
          </ns3:TrackPointExtension>
        </extensions>
      </trkpt>
      <trkpt lat="56.933134160935878753662109375" lon="-5.860672295093536376953125">
        <ele>19.6000003814697265625</ele>
        <time>2025-08-31T14:19:48.000Z</time>
        <extensions>
          <ns3:TrackPointExtension>
            <ns3:hr>99</ns3:hr>
          </ns3:TrackPointExtension>
        </extensions>
      </trkpt>
      <trkpt lat="56.93321831524372100830078125" lon="-5.8607334829866886138916015625">
        <ele>20.6000003814697265625</ele>
        <time>2025-08-31T14:19:57.000Z</time>
        <extensions>
          <ns3:TrackPointExtension>
            <ns3:hr>98</ns3:hr>
          </ns3:TrackPointExtension>
        </extensions>
      </trkpt>
      <trkpt lat="56.93323197774589061737060546875" lon="-5.86073826067149639129638671875">
        <ele>20.799999237060546875</ele>
        <time>2025-08-31T14:19:58.000Z</time>
        <extensions>
          <ns3:TrackPointExtension>
            <ns3:hr>99</ns3:hr>
          </ns3:TrackPointExtension>
        </extensions>
      </trkpt>
      <trkpt lat="56.93337212316691875457763671875" lon="-5.8607499115169048309326171875">
        <ele>21.200000762939453125</ele>
        <time>2025-08-31T14:20:09.000Z</time>
        <extensions>
          <ns3:TrackPointExtension>
            <ns3:hr>98</ns3:hr>
          </ns3:TrackPointExtension>
        </extensions>
      </trkpt>
      <trkpt lat="56.93341537378728389739990234375" lon="-5.86075007915496826171875">
        <ele>21.799999237060546875</ele>
        <time>2025-08-31T14:20:13.000Z</time>
        <extensions>
          <ns3:TrackPointExtension>
            <ns3:hr>96</ns3:hr>
          </ns3:TrackPointExtension>
        </extensions>
      </trkpt>
      <trkpt lat="56.93349651060998439788818359375" lon="-5.86074396036565303802490234375">
        <ele>22</ele>
        <time>2025-08-31T14:20:20.000Z</time>
        <extensions>
          <ns3:TrackPointExtension>
            <ns3:hr>96</ns3:hr>
          </ns3:TrackPointExtension>
        </extensions>
      </trkpt>
      <trkpt lat="56.93354462273418903350830078125" lon="-5.86072116158902645111083984375">
        <ele>22.799999237060546875</ele>
        <time>2025-08-31T14:20:24.000Z</time>
        <extensions>
          <ns3:TrackPointExtension>
            <ns3:hr>96</ns3:hr>
          </ns3:TrackPointExtension>
        </extensions>
      </trkpt>
      <trkpt lat="56.93359156139194965362548828125" lon="-5.86071395315229892730712890625">
        <ele>23</ele>
        <time>2025-08-31T14:20:28.000Z</time>
        <extensions>
          <ns3:TrackPointExtension>
            <ns3:hr>96</ns3:hr>
          </ns3:TrackPointExtension>
        </extensions>
      </trkpt>
      <trkpt lat="56.93372919224202632904052734375" lon="-5.8607130311429500579833984375">
        <ele>23.6000003814697265625</ele>
        <time>2025-08-31T14:20:39.000Z</time>
        <extensions>
          <ns3:TrackPointExtension>
            <ns3:hr>95</ns3:hr>
          </ns3:TrackPointExtension>
        </extensions>
      </trkpt>
      <trkpt lat="56.93385927937924861907958984375" lon="-5.8607063256204128265380859375">
        <ele>23.3999996185302734375</ele>
        <time>2025-08-31T14:20:50.000Z</time>
        <extensions>
          <ns3:TrackPointExtension>
            <ns3:hr>95</ns3:hr>
          </ns3:TrackPointExtension>
        </extensions>
      </trkpt>
      <trkpt lat="56.934034042060375213623046875" lon="-5.86075318045914173126220703125">
        <ele>22.3999996185302734375</ele>
        <time>2025-08-31T14:21:04.000Z</time>
        <extensions>
          <ns3:TrackPointExtension>
            <ns3:hr>96</ns3:hr>
          </ns3:TrackPointExtension>
        </extensions>
      </trkpt>
      <trkpt lat="56.9341991655528545379638671875" lon="-5.86087672971189022064208984375">
        <ele>21.799999237060546875</ele>
        <time>2025-08-31T14:21:18.000Z</time>
        <extensions>
          <ns3:TrackPointExtension>
            <ns3:hr>96</ns3:hr>
          </ns3:TrackPointExtension>
        </extensions>
      </trkpt>
      <trkpt lat="56.93420964293181896209716796875" lon="-5.8608870394527912139892578125">
        <ele>21.799999237060546875</ele>
        <time>2025-08-31T14:21:19.000Z</time>
        <extensions>
          <ns3:TrackPointExtension>
            <ns3:hr>96</ns3:hr>
          </ns3:TrackPointExtension>
        </extensions>
      </trkpt>
      <trkpt lat="56.93437258712947368621826171875" lon="-5.86100581102073192596435546875">
        <ele>21</ele>
        <time>2025-08-31T14:21:33.000Z</time>
        <extensions>
          <ns3:TrackPointExtension>
            <ns3:hr>95</ns3:hr>
          </ns3:TrackPointExtension>
        </extensions>
      </trkpt>
      <trkpt lat="56.9344620220363140106201171875" lon="-5.86103548295795917510986328125">
        <ele>20.799999237060546875</ele>
        <time>2025-08-31T14:21:40.000Z</time>
        <extensions>
          <ns3:TrackPointExtension>
            <ns3:hr>94</ns3:hr>
          </ns3:TrackPointExtension>
        </extensions>
      </trkpt>
      <trkpt lat="56.934534944593906402587890625" lon="-5.86105291731655597686767578125">
        <ele>20.200000762939453125</ele>
        <time>2025-08-31T14:21:46.000Z</time>
        <extensions>
          <ns3:TrackPointExtension>
            <ns3:hr>94</ns3:hr>
          </ns3:TrackPointExtension>
        </extensions>
      </trkpt>
      <trkpt lat="56.93464382551610469818115234375" lon="-5.86109600029885768890380859375">
        <ele>19.799999237060546875</ele>
        <time>2025-08-31T14:21:55.000Z</time>
        <extensions>
          <ns3:TrackPointExtension>
            <ns3:hr>94</ns3:hr>
          </ns3:TrackPointExtension>
        </extensions>
      </trkpt>
      <trkpt lat="56.9347131438553333282470703125" lon="-5.86113757453858852386474609375">
        <ele>19.200000762939453125</ele>
        <time>2025-08-31T14:22:01.000Z</time>
        <extensions>
          <ns3:TrackPointExtension>
            <ns3:hr>93</ns3:hr>
          </ns3:TrackPointExtension>
        </extensions>
      </trkpt>
      <trkpt lat="56.93485421128571033477783203125" lon="-5.861207731068134307861328125">
        <ele>18.6000003814697265625</ele>
        <time>2025-08-31T14:22:13.000Z</time>
        <extensions>
          <ns3:TrackPointExtension>
            <ns3:hr>93</ns3:hr>
          </ns3:TrackPointExtension>
        </extensions>
      </trkpt>
      <trkpt lat="56.93486577831208705902099609375" lon="-5.8612062223255634307861328125">
        <ele>18.3999996185302734375</ele>
        <time>2025-08-31T14:22:14.000Z</time>
        <extensions>
          <ns3:TrackPointExtension>
            <ns3:hr>93</ns3:hr>
          </ns3:TrackPointExtension>
        </extensions>
      </trkpt>
      <trkpt lat="56.93490014411509037017822265625" lon="-5.86120094172656536102294921875">
        <ele>17.3999996185302734375</ele>
        <time>2025-08-31T14:22:17.000Z</time>
        <extensions>
          <ns3:TrackPointExtension>
            <ns3:hr>93</ns3:hr>
          </ns3:TrackPointExtension>
        </extensions>
      </trkpt>
      <trkpt lat="56.93496703170239925384521484375" lon="-5.86118702776730060577392578125">
        <ele>16.6000003814697265625</ele>
        <time>2025-08-31T14:22:24.000Z</time>
        <extensions>
          <ns3:TrackPointExtension>
            <ns3:hr>92</ns3:hr>
          </ns3:TrackPointExtension>
        </extensions>
      </trkpt>
      <trkpt lat="56.9349783472716808319091796875" lon="-5.861181579530239105224609375">
        <ele>16.3999996185302734375</ele>
        <time>2025-08-31T14:22:25.000Z</time>
        <extensions>
          <ns3:TrackPointExtension>
            <ns3:hr>92</ns3:hr>
          </ns3:TrackPointExtension>
        </extensions>
      </trkpt>
      <trkpt lat="56.93508421070873737335205078125" lon="-5.861170180141925811767578125">
        <ele>16</ele>
        <time>2025-08-31T14:22:34.000Z</time>
        <extensions>
          <ns3:TrackPointExtension>
            <ns3:hr>93</ns3:hr>
          </ns3:TrackPointExtension>
        </extensions>
      </trkpt>
      <trkpt lat="56.935143135488033294677734375" lon="-5.86115039885044097900390625">
        <ele>15.3999996185302734375</ele>
        <time>2025-08-31T14:22:39.000Z</time>
        <extensions>
          <ns3:TrackPointExtension>
            <ns3:hr>93</ns3:hr>
          </ns3:TrackPointExtension>
        </extensions>
      </trkpt>
      <trkpt lat="56.9352324865758419036865234375" lon="-5.8611056394875049591064453125">
        <ele>14.3999996185302734375</ele>
        <time>2025-08-31T14:22:47.000Z</time>
        <extensions>
          <ns3:TrackPointExtension>
            <ns3:hr>93</ns3:hr>
          </ns3:TrackPointExtension>
        </extensions>
      </trkpt>
      <trkpt lat="56.935243047773838043212890625" lon="-5.86109667085111141204833984375">
        <ele>14.19999980926513671875</ele>
        <time>2025-08-31T14:22:48.000Z</time>
        <extensions>
          <ns3:TrackPointExtension>
            <ns3:hr>94</ns3:hr>
          </ns3:TrackPointExtension>
        </extensions>
      </trkpt>
      <trkpt lat="56.93531035445630550384521484375" lon="-5.86107856594026088714599609375">
        <ele>13.3999996185302734375</ele>
        <time>2025-08-31T14:22:54.000Z</time>
        <extensions>
          <ns3:TrackPointExtension>
            <ns3:hr>94</ns3:hr>
          </ns3:TrackPointExtension>
        </extensions>
      </trkpt>
      <trkpt lat="56.93534237332642078399658203125" lon="-5.861062221229076385498046875">
        <ele>12.80000019073486328125</ele>
        <time>2025-08-31T14:22:57.000Z</time>
        <extensions>
          <ns3:TrackPointExtension>
            <ns3:hr>94</ns3:hr>
          </ns3:TrackPointExtension>
        </extensions>
      </trkpt>
      <trkpt lat="56.9353833608329296112060546875" lon="-5.86103833280503749847412109375">
        <ele>12.3999996185302734375</ele>
        <time>2025-08-31T14:23:01.000Z</time>
        <extensions>
          <ns3:TrackPointExtension>
            <ns3:hr>93</ns3:hr>
          </ns3:TrackPointExtension>
        </extensions>
      </trkpt>
      <trkpt lat="56.935477070510387420654296875" lon="-5.8609711937606334686279296875">
        <ele>11.3999996185302734375</ele>
        <time>2025-08-31T14:23:09.000Z</time>
        <extensions>
          <ns3:TrackPointExtension>
            <ns3:hr>94</ns3:hr>
          </ns3:TrackPointExtension>
        </extensions>
      </trkpt>
      <trkpt lat="56.93549928255379199981689453125" lon="-5.86095334030687808990478515625">
        <ele>11.19999980926513671875</ele>
        <time>2025-08-31T14:23:11.000Z</time>
        <extensions>
          <ns3:TrackPointExtension>
            <ns3:hr>93</ns3:hr>
          </ns3:TrackPointExtension>
        </extensions>
      </trkpt>
      <trkpt lat="56.935585029423236846923828125" lon="-5.8608612231910228729248046875">
        <ele>10.19999980926513671875</ele>
        <time>2025-08-31T14:23:19.000Z</time>
        <extensions>
          <ns3:TrackPointExtension>
            <ns3:hr>93</ns3:hr>
          </ns3:TrackPointExtension>
        </extensions>
      </trkpt>
      <trkpt lat="56.93560506217181682586669921875" lon="-5.8608350716531276702880859375">
        <ele>10.19999980926513671875</ele>
        <time>2025-08-31T14:23:21.000Z</time>
        <extensions>
          <ns3:TrackPointExtension>
            <ns3:hr>93</ns3:hr>
          </ns3:TrackPointExtension>
        </extensions>
      </trkpt>
      <trkpt lat="56.935644038021564483642578125" lon="-5.86075318045914173126220703125">
        <ele>9.19999980926513671875</ele>
        <time>2025-08-31T14:23:26.000Z</time>
        <extensions>
          <ns3:TrackPointExtension>
            <ns3:hr>93</ns3:hr>
          </ns3:TrackPointExtension>
        </extensions>
      </trkpt>
      <trkpt lat="56.93570212461054325103759765625" lon="-5.8606131188571453094482421875">
        <ele>9</ele>
        <time>2025-08-31T14:23:34.000Z</time>
        <extensions>
          <ns3:TrackPointExtension>
            <ns3:hr>93</ns3:hr>
          </ns3:TrackPointExtension>
        </extensions>
      </trkpt>
      <trkpt lat="56.93577169440686702728271484375" lon="-5.8603851310908794403076171875">
        <ele>8.3999996185302734375</ele>
        <time>2025-08-31T14:23:45.000Z</time>
        <extensions>
          <ns3:TrackPointExtension>
            <ns3:hr>95</ns3:hr>
          </ns3:TrackPointExtension>
        </extensions>
      </trkpt>
      <trkpt lat="56.9358524121344089508056640625" lon="-5.8601195923984050750732421875">
        <ele>8.19999980926513671875</ele>
        <time>2025-08-31T14:23:58.000Z</time>
        <extensions>
          <ns3:TrackPointExtension>
            <ns3:hr>96</ns3:hr>
          </ns3:TrackPointExtension>
        </extensions>
      </trkpt>
      <trkpt lat="56.93585769273340702056884765625" lon="-5.86010039784014225006103515625">
        <ele>8.19999980926513671875</ele>
        <time>2025-08-31T14:23:59.000Z</time>
        <extensions>
          <ns3:TrackPointExtension>
            <ns3:hr>95</ns3:hr>
          </ns3:TrackPointExtension>
        </extensions>
      </trkpt>
      <trkpt lat="56.93593765608966350555419921875" lon="-5.85983988828957080841064453125">
        <ele>8</ele>
        <time>2025-08-31T14:24:12.000Z</time>
        <extensions>
          <ns3:TrackPointExtension>
            <ns3:hr>95</ns3:hr>
          </ns3:TrackPointExtension>
        </extensions>
      </trkpt>
      <trkpt lat="56.9359912164509296417236328125" lon="-5.85968113504350185394287109375">
        <ele>7</ele>
        <time>2025-08-31T14:24:20.000Z</time>
        <extensions>
          <ns3:TrackPointExtension>
            <ns3:hr>93</ns3:hr>
          </ns3:TrackPointExtension>
        </extensions>
      </trkpt>
      <trkpt lat="56.93603195250034332275390625" lon="-5.859568230807781219482421875">
        <ele>7</ele>
        <time>2025-08-31T14:24:26.000Z</time>
        <extensions>
          <ns3:TrackPointExtension>
            <ns3:hr>94</ns3:hr>
          </ns3:TrackPointExtension>
        </extensions>
      </trkpt>
      <trkpt lat="56.936075873672962188720703125" lon="-5.85946404375135898590087890625">
        <ele>6</ele>
        <time>2025-08-31T14:24:32.000Z</time>
        <extensions>
          <ns3:TrackPointExtension>
            <ns3:hr>94</ns3:hr>
          </ns3:TrackPointExtension>
        </extensions>
      </trkpt>
      <trkpt lat="56.936122477054595947265625" lon="-5.85939279757440090179443359375">
        <ele>5.19999980926513671875</ele>
        <time>2025-08-31T14:24:37.000Z</time>
        <extensions>
          <ns3:TrackPointExtension>
            <ns3:hr>95</ns3:hr>
          </ns3:TrackPointExtension>
        </extensions>
      </trkpt>
      <trkpt lat="56.93616664968430995941162109375" lon="-5.85933320224285125732421875">
        <ele>5</ele>
        <time>2025-08-31T14:24:41.000Z</time>
        <extensions>
          <ns3:TrackPointExtension>
            <ns3:hr>94</ns3:hr>
          </ns3:TrackPointExtension>
        </extensions>
      </trkpt>
      <trkpt lat="56.93628265522420406341552734375" lon="-5.85923018865287303924560546875">
        <ele>4.80000019073486328125</ele>
        <time>2025-08-31T14:24:51.000Z</time>
        <extensions>
          <ns3:TrackPointExtension>
            <ns3:hr>93</ns3:hr>
          </ns3:TrackPointExtension>
        </extensions>
      </trkpt>
      <trkpt lat="56.93640209734439849853515625" lon="-5.859199427068233489990234375">
        <ele>6</ele>
        <time>2025-08-31T14:25:01.000Z</time>
        <extensions>
          <ns3:TrackPointExtension>
            <ns3:hr>92</ns3:hr>
          </ns3:TrackPointExtension>
        </extensions>
      </trkpt>
      <trkpt lat="56.9364240579307079315185546875" lon="-5.85918811149895191192626953125">
        <ele>5.80000019073486328125</ele>
        <time>2025-08-31T14:25:06.000Z</time>
        <extensions>
          <ns3:TrackPointExtension>
            <ns3:hr>92</ns3:hr>
          </ns3:TrackPointExtension>
        </extensions>
      </trkpt>
      <trkpt lat="56.93643637932837009429931640625" lon="-5.85918324999511241912841796875">
        <ele>5.19999980926513671875</ele>
        <time>2025-08-31T14:25:07.000Z</time>
        <extensions>
          <ns3:TrackPointExtension>
            <ns3:hr>91</ns3:hr>
          </ns3:TrackPointExtension>
        </extensions>
      </trkpt>
      <trkpt lat="56.936553977429866790771484375" lon="-5.8591784723103046417236328125">
        <ele>5.19999980926513671875</ele>
        <time>2025-08-31T14:25:16.000Z</time>
        <extensions>
          <ns3:TrackPointExtension>
            <ns3:hr>91</ns3:hr>
          </ns3:TrackPointExtension>
        </extensions>
      </trkpt>
      <trkpt lat="56.9366329349577426910400390625" lon="-5.859208814799785614013671875">
        <ele>6.80000019073486328125</ele>
        <time>2025-08-31T14:25:22.000Z</time>
        <extensions>
          <ns3:TrackPointExtension>
            <ns3:hr>90</ns3:hr>
          </ns3:TrackPointExtension>
        </extensions>
      </trkpt>
      <trkpt lat="56.93668196909129619598388671875" lon="-5.85925684310495853424072265625">
        <ele>4.80000019073486328125</ele>
        <time>2025-08-31T14:25:27.000Z</time>
        <extensions>
          <ns3:TrackPointExtension>
            <ns3:hr>90</ns3:hr>
          </ns3:TrackPointExtension>
        </extensions>
      </trkpt>
      <trkpt lat="56.93680266849696636199951171875" lon="-5.8594064600765705108642578125">
        <ele>4.599999904632568359375</ele>
        <time>2025-08-31T14:25:39.000Z</time>
        <extensions>
          <ns3:TrackPointExtension>
            <ns3:hr>90</ns3:hr>
          </ns3:TrackPointExtension>
        </extensions>
      </trkpt>
      <trkpt lat="56.9369138963520526885986328125" lon="-5.859586335718631744384765625">
        <ele>4.80000019073486328125</ele>
        <time>2025-08-31T14:25:51.000Z</time>
        <extensions>
          <ns3:TrackPointExtension>
            <ns3:hr>89</ns3:hr>
          </ns3:TrackPointExtension>
        </extensions>
      </trkpt>
      <trkpt lat="56.93705119192600250244140625" lon="-5.85968566127121448516845703125">
        <ele>5.599999904632568359375</ele>
        <time>2025-08-31T14:26:02.000Z</time>
        <extensions>
          <ns3:TrackPointExtension>
            <ns3:hr>88</ns3:hr>
          </ns3:TrackPointExtension>
        </extensions>
      </trkpt>
      <trkpt lat="56.93709008395671844482421875" lon="-5.8596991561353206634521484375">
        <ele>5.80000019073486328125</ele>
        <time>2025-08-31T14:26:05.000Z</time>
        <extensions>
          <ns3:TrackPointExtension>
            <ns3:hr>88</ns3:hr>
          </ns3:TrackPointExtension>
        </extensions>
      </trkpt>
      <trkpt lat="56.93718169815838336944580078125" lon="-5.8597236312925815582275390625">
        <ele>5.80000019073486328125</ele>
        <time>2025-08-31T14:26:13.000Z</time>
        <extensions>
          <ns3:TrackPointExtension>
            <ns3:hr>90</ns3:hr>
          </ns3:TrackPointExtension>
        </extensions>
      </trkpt>
      <trkpt lat="56.93731983192265033721923828125" lon="-5.8597360365092754364013671875">
        <ele>6.19999980926513671875</ele>
        <time>2025-08-31T14:26:25.000Z</time>
        <extensions>
          <ns3:TrackPointExtension>
            <ns3:hr>91</ns3:hr>
          </ns3:TrackPointExtension>
        </extensions>
      </trkpt>
      <trkpt lat="56.93745092488825321197509765625" lon="-5.8597940392792224884033203125">
        <ele>5.19999980926513671875</ele>
        <time>2025-08-31T14:26:36.000Z</time>
        <extensions>
          <ns3:TrackPointExtension>
            <ns3:hr>91</ns3:hr>
          </ns3:TrackPointExtension>
        </extensions>
      </trkpt>
      <trkpt lat="56.9375586323440074920654296875" lon="-5.859847851097583770751953125">
        <ele>5.400000095367431640625</ele>
        <time>2025-08-31T14:26:46.000Z</time>
        <extensions>
          <ns3:TrackPointExtension>
            <ns3:hr>90</ns3:hr>
          </ns3:TrackPointExtension>
        </extensions>
      </trkpt>
      <trkpt lat="56.93760104477405548095703125" lon="-5.85985564626753330230712890625">
        <ele>4.80000019073486328125</ele>
        <time>2025-08-31T14:26:50.000Z</time>
        <extensions>
          <ns3:TrackPointExtension>
            <ns3:hr>90</ns3:hr>
          </ns3:TrackPointExtension>
        </extensions>
      </trkpt>
      <trkpt lat="56.9376151263713836669921875" lon="-5.85984659381210803985595703125">
        <ele>4.80000019073486328125</ele>
        <time>2025-08-31T14:26:54.000Z</time>
        <extensions>
          <ns3:TrackPointExtension>
            <ns3:hr>90</ns3:hr>
          </ns3:TrackPointExtension>
        </extensions>
      </trkpt>
      <trkpt lat="56.9376149587333202362060546875" lon="-5.85985514335334300994873046875">
        <ele>3.7999999523162841796875</ele>
        <time>2025-08-31T14:27:03.000Z</time>
        <extensions>
          <ns3:TrackPointExtension>
            <ns3:hr>91</ns3:hr>
          </ns3:TrackPointExtension>
        </extensions>
      </trkpt>
      <trkpt lat="56.9376146234571933746337890625" lon="-5.8598564006388187408447265625">
        <ele>3.599999904632568359375</ele>
        <time>2025-08-31T14:27:04.000Z</time>
        <extensions>
          <ns3:TrackPointExtension>
            <ns3:hr>90</ns3:hr>
          </ns3:TrackPointExtension>
        </extensions>
      </trkpt>
      <trkpt lat="56.9376152940094470977783203125" lon="-5.85985665209591388702392578125">
        <ele>4.599999904632568359375</ele>
        <time>2025-08-31T14:27:09.000Z</time>
        <extensions>
          <ns3:TrackPointExtension>
            <ns3:hr>86</ns3:hr>
          </ns3:TrackPointExtension>
        </extensions>
      </trkpt>
      <trkpt lat="56.93761847913265228271484375" lon="-5.85986285470426082611083984375">
        <ele>5.400000095367431640625</ele>
        <time>2025-08-31T14:27:13.000Z</time>
        <extensions>
          <ns3:TrackPointExtension>
            <ns3:hr>83</ns3:hr>
          </ns3:TrackPointExtension>
        </extensions>
      </trkpt>
      <trkpt lat="56.9376287050545215606689453125" lon="-5.8598647825419902801513671875">
        <ele>5.400000095367431640625</ele>
        <time>2025-08-31T14:27:14.000Z</time>
        <extensions>
          <ns3:TrackPointExtension>
            <ns3:hr>83</ns3:hr>
          </ns3:TrackPointExtension>
        </extensions>
      </trkpt>
      <trkpt lat="56.93769156932830810546875" lon="-5.859878361225128173828125">
        <ele>4</ele>
        <time>2025-08-31T14:27:21.000Z</time>
        <extensions>
          <ns3:TrackPointExtension>
            <ns3:hr>83</ns3:hr>
          </ns3:TrackPointExtension>
        </extensions>
      </trkpt>
      <trkpt lat="56.9378047250211238861083984375" lon="-5.8598362840712070465087890625">
        <ele>5.599999904632568359375</ele>
        <time>2025-08-31T14:27:31.000Z</time>
        <extensions>
          <ns3:TrackPointExtension>
            <ns3:hr>84</ns3:hr>
          </ns3:TrackPointExtension>
        </extensions>
      </trkpt>
      <trkpt lat="56.93781302310526371002197265625" lon="-5.8598314225673675537109375">
        <ele>5.599999904632568359375</ele>
        <time>2025-08-31T14:27:32.000Z</time>
        <extensions>
          <ns3:TrackPointExtension>
            <ns3:hr>84</ns3:hr>
          </ns3:TrackPointExtension>
        </extensions>
      </trkpt>
      <trkpt lat="56.93782978691160678863525390625" lon="-5.85982513613998889923095703125">
        <ele>6.599999904632568359375</ele>
        <time>2025-08-31T14:27:37.000Z</time>
        <extensions>
          <ns3:TrackPointExtension>
            <ns3:hr>81</ns3:hr>
          </ns3:TrackPointExtension>
        </extensions>
      </trkpt>
      <trkpt lat="56.93782978691160678863525390625" lon="-5.85982513613998889923095703125">
        <ele>7</ele>
        <time>2025-08-31T14:27:38.000Z</time>
        <extensions>
          <ns3:TrackPointExtension>
            <ns3:hr>81</ns3:hr>
          </ns3:TrackPointExtension>
        </extensions>
      </trkpt>
      <trkpt lat="56.93782978691160678863525390625" lon="-5.85982513613998889923095703125">
        <ele>8.19999980926513671875</ele>
        <time>2025-08-31T14:27:41.000Z</time>
        <extensions>
          <ns3:TrackPointExtension>
            <ns3:hr>80</ns3:hr>
          </ns3:TrackPointExtension>
        </extensions>
      </trkpt>
      <trkpt lat="56.9378543458878993988037109375" lon="-5.85981641896069049835205078125">
        <ele>9.19999980926513671875</ele>
        <time>2025-08-31T14:27:46.000Z</time>
        <extensions>
          <ns3:TrackPointExtension>
            <ns3:hr>79</ns3:hr>
          </ns3:TrackPointExtension>
        </extensions>
      </trkpt>
      <trkpt lat="56.9378627277910709381103515625" lon="-5.85981323383748531341552734375">
        <ele>9.3999996185302734375</ele>
        <time>2025-08-31T14:27:47.000Z</time>
        <extensions>
          <ns3:TrackPointExtension>
            <ns3:hr>79</ns3:hr>
          </ns3:TrackPointExtension>
        </extensions>
      </trkpt>
      <trkpt lat="56.93792433477938175201416015625" lon="-5.8597702346742153167724609375">
        <ele>8.19999980926513671875</ele>
        <time>2025-08-31T14:27:53.000Z</time>
        <extensions>
          <ns3:TrackPointExtension>
            <ns3:hr>80</ns3:hr>
          </ns3:TrackPointExtension>
        </extensions>
      </trkpt>
      <trkpt lat="56.93793288432061672210693359375" lon="-5.859754979610443115234375">
        <ele>5.400000095367431640625</ele>
        <time>2025-08-31T14:27:54.000Z</time>
        <extensions>
          <ns3:TrackPointExtension>
            <ns3:hr>80</ns3:hr>
          </ns3:TrackPointExtension>
        </extensions>
      </trkpt>
      <trkpt lat="56.93794478662312030792236328125" lon="-5.85974383167922496795654296875">
        <ele>5.599999904632568359375</ele>
        <time>2025-08-31T14:27:55.000Z</time>
        <extensions>
          <ns3:TrackPointExtension>
            <ns3:hr>80</ns3:hr>
          </ns3:TrackPointExtension>
        </extensions>
      </trkpt>
      <trkpt lat="56.93800765089690685272216796875" lon="-5.8597243018448352813720703125">
        <ele>6.80000019073486328125</ele>
        <time>2025-08-31T14:28:00.000Z</time>
        <extensions>
          <ns3:TrackPointExtension>
            <ns3:hr>80</ns3:hr>
          </ns3:TrackPointExtension>
        </extensions>
      </trkpt>
      <trkpt lat="56.93805433809757232666015625" lon="-5.859719105064868927001953125">
        <ele>7.400000095367431640625</ele>
        <time>2025-08-31T14:28:04.000Z</time>
        <extensions>
          <ns3:TrackPointExtension>
            <ns3:hr>79</ns3:hr>
          </ns3:TrackPointExtension>
        </extensions>
      </trkpt>
      <trkpt lat="56.93810320459306240081787109375" lon="-5.8597061969339847564697265625">
        <ele>7.400000095367431640625</ele>
        <time>2025-08-31T14:28:08.000Z</time>
        <extensions>
          <ns3:TrackPointExtension>
            <ns3:hr>76</ns3:hr>
          </ns3:TrackPointExtension>
        </extensions>
      </trkpt>
      <trkpt lat="56.93815357983112335205078125" lon="-5.8596785366535186767578125">
        <ele>7</ele>
        <time>2025-08-31T14:28:12.000Z</time>
        <extensions>
          <ns3:TrackPointExtension>
            <ns3:hr>79</ns3:hr>
          </ns3:TrackPointExtension>
        </extensions>
      </trkpt>
      <trkpt lat="56.93817436695098876953125" lon="-5.85966822691261768341064453125">
        <ele>7.80000019073486328125</ele>
        <time>2025-08-31T14:28:14.000Z</time>
        <extensions>
          <ns3:TrackPointExtension>
            <ns3:hr>81</ns3:hr>
          </ns3:TrackPointExtension>
        </extensions>
      </trkpt>
      <trkpt lat="56.9382124207913875579833984375" lon="-5.8596371300518512725830078125">
        <ele>8.80000019073486328125</ele>
        <time>2025-08-31T14:28:19.000Z</time>
        <extensions>
          <ns3:TrackPointExtension>
            <ns3:hr>82</ns3:hr>
          </ns3:TrackPointExtension>
        </extensions>
      </trkpt>
      <trkpt lat="56.938227005302906036376953125" lon="-5.85962665267288684844970703125">
        <ele>8.80000019073486328125</ele>
        <time>2025-08-31T14:28:21.000Z</time>
        <extensions>
          <ns3:TrackPointExtension>
            <ns3:hr>82</ns3:hr>
          </ns3:TrackPointExtension>
        </extensions>
      </trkpt>
      <trkpt lat="56.93832532502710819244384765625" lon="-5.85950620472431182861328125">
        <ele>7.599999904632568359375</ele>
        <time>2025-08-31T14:28:30.000Z</time>
        <extensions>
          <ns3:TrackPointExtension>
            <ns3:hr>82</ns3:hr>
          </ns3:TrackPointExtension>
        </extensions>
      </trkpt>
      <trkpt lat="56.93835600279271602630615234375" lon="-5.85946152918040752410888671875">
        <ele>7.19999980926513671875</ele>
        <time>2025-08-31T14:28:33.000Z</time>
        <extensions>
          <ns3:TrackPointExtension>
            <ns3:hr>81</ns3:hr>
          </ns3:TrackPointExtension>
        </extensions>
      </trkpt>
      <trkpt lat="56.93848290480673313140869140625" lon="-5.8592726849019527435302734375">
        <ele>7</ele>
        <time>2025-08-31T14:28:46.000Z</time>
        <extensions>
          <ns3:TrackPointExtension>
            <ns3:hr>80</ns3:hr>
          </ns3:TrackPointExtension>
        </extensions>
      </trkpt>
      <trkpt lat="56.938505284488201141357421875" lon="-5.859218873083591461181640625">
        <ele>6.400000095367431640625</ele>
        <time>2025-08-31T14:28:49.000Z</time>
        <extensions>
          <ns3:TrackPointExtension>
            <ns3:hr>81</ns3:hr>
          </ns3:TrackPointExtension>
        </extensions>
      </trkpt>
      <trkpt lat="56.93857778795063495635986328125" lon="-5.85909104906022548675537109375">
        <ele>7.19999980926513671875</ele>
        <time>2025-08-31T14:28:57.000Z</time>
        <extensions>
          <ns3:TrackPointExtension>
            <ns3:hr>82</ns3:hr>
          </ns3:TrackPointExtension>
        </extensions>
      </trkpt>
      <trkpt lat="56.93858700804412364959716796875" lon="-5.85907579399645328521728515625">
        <ele>7.599999904632568359375</ele>
        <time>2025-08-31T14:28:58.000Z</time>
        <extensions>
          <ns3:TrackPointExtension>
            <ns3:hr>82</ns3:hr>
          </ns3:TrackPointExtension>
        </extensions>
      </trkpt>
      <trkpt lat="56.93864853121340274810791015625" lon="-5.85899448953568935394287109375">
        <ele>6.400000095367431640625</ele>
        <time>2025-08-31T14:29:04.000Z</time>
        <extensions>
          <ns3:TrackPointExtension>
            <ns3:hr>81</ns3:hr>
          </ns3:TrackPointExtension>
        </extensions>
      </trkpt>
      <trkpt lat="56.93871122784912586212158203125" lon="-5.858912765979766845703125">
        <ele>6.80000019073486328125</ele>
        <time>2025-08-31T14:29:09.000Z</time>
        <extensions>
          <ns3:TrackPointExtension>
            <ns3:hr>81</ns3:hr>
          </ns3:TrackPointExtension>
        </extensions>
      </trkpt>
      <trkpt lat="56.9388504512608051300048828125" lon="-5.858721993863582611083984375">
        <ele>7</ele>
        <time>2025-08-31T14:29:22.000Z</time>
        <extensions>
          <ns3:TrackPointExtension>
            <ns3:hr>81</ns3:hr>
          </ns3:TrackPointExtension>
        </extensions>
      </trkpt>
      <trkpt lat="56.9389590807259082794189453125" lon="-5.8585300482809543609619140625">
        <ele>5.80000019073486328125</ele>
        <time>2025-08-31T14:29:35.000Z</time>
        <extensions>
          <ns3:TrackPointExtension>
            <ns3:hr>82</ns3:hr>
          </ns3:TrackPointExtension>
        </extensions>
      </trkpt>
      <trkpt lat="56.93903963081538677215576171875" lon="-5.8583821915090084075927734375">
        <ele>7.599999904632568359375</ele>
        <time>2025-08-31T14:29:44.000Z</time>
        <extensions>
          <ns3:TrackPointExtension>
            <ns3:hr>81</ns3:hr>
          </ns3:TrackPointExtension>
        </extensions>
      </trkpt>
      <trkpt lat="56.9390915147960186004638671875" lon="-5.85832008160650730133056640625">
        <ele>7.400000095367431640625</ele>
        <time>2025-08-31T14:29:49.000Z</time>
        <extensions>
          <ns3:TrackPointExtension>
            <ns3:hr>83</ns3:hr>
          </ns3:TrackPointExtension>
        </extensions>
      </trkpt>
      <trkpt lat="56.939213387668132781982421875" lon="-5.85815261118113994598388671875">
        <ele>8</ele>
        <time>2025-08-31T14:30:01.000Z</time>
        <extensions>
          <ns3:TrackPointExtension>
            <ns3:hr>82</ns3:hr>
          </ns3:TrackPointExtension>
        </extensions>
      </trkpt>
      <trkpt lat="56.939250268042087554931640625" lon="-5.85808706469833850860595703125">
        <ele>8.6000003814697265625</ele>
        <time>2025-08-31T14:30:06.000Z</time>
        <extensions>
          <ns3:TrackPointExtension>
            <ns3:hr>82</ns3:hr>
          </ns3:TrackPointExtension>
        </extensions>
      </trkpt>
      <trkpt lat="56.9392705522477626800537109375" lon="-5.8580526150763034820556640625">
        <ele>8.80000019073486328125</ele>
        <time>2025-08-31T14:30:09.000Z</time>
        <extensions>
          <ns3:TrackPointExtension>
            <ns3:hr>82</ns3:hr>
          </ns3:TrackPointExtension>
        </extensions>
      </trkpt>
      <trkpt lat="56.9393124617636203765869140625" lon="-5.8580455742776393890380859375">
        <ele>9.6000003814697265625</ele>
        <time>2025-08-31T14:30:15.000Z</time>
        <extensions>
          <ns3:TrackPointExtension>
            <ns3:hr>82</ns3:hr>
          </ns3:TrackPointExtension>
        </extensions>
      </trkpt>
      <trkpt lat="56.93932092748582363128662109375" lon="-5.8580412156879901885986328125">
        <ele>9.80000019073486328125</ele>
        <time>2025-08-31T14:30:16.000Z</time>
        <extensions>
          <ns3:TrackPointExtension>
            <ns3:hr>82</ns3:hr>
          </ns3:TrackPointExtension>
        </extensions>
      </trkpt>
      <trkpt lat="56.93937532603740692138671875" lon="-5.85797877050936222076416015625">
        <ele>8.19999980926513671875</ele>
        <time>2025-08-31T14:30:23.000Z</time>
        <extensions>
          <ns3:TrackPointExtension>
            <ns3:hr>81</ns3:hr>
          </ns3:TrackPointExtension>
        </extensions>
      </trkpt>
      <trkpt lat="56.93938530050218105316162109375" lon="-5.8579396270215511322021484375">
        <ele>8</ele>
        <time>2025-08-31T14:30:25.000Z</time>
        <extensions>
          <ns3:TrackPointExtension>
            <ns3:hr>79</ns3:hr>
          </ns3:TrackPointExtension>
        </extensions>
      </trkpt>
      <trkpt lat="56.9394093565642833709716796875" lon="-5.8577622659504413604736328125">
        <ele>8.19999980926513671875</ele>
        <time>2025-08-31T14:30:35.000Z</time>
        <extensions>
          <ns3:TrackPointExtension>
            <ns3:hr>79</ns3:hr>
          </ns3:TrackPointExtension>
        </extensions>
      </trkpt>
      <trkpt lat="56.93943894468247890472412109375" lon="-5.857646428048610687255859375">
        <ele>9.19999980926513671875</ele>
        <time>2025-08-31T14:30:40.000Z</time>
        <extensions>
          <ns3:TrackPointExtension>
            <ns3:hr>79</ns3:hr>
          </ns3:TrackPointExtension>
        </extensions>
      </trkpt>
      <trkpt lat="56.939456798136234283447265625" lon="-5.85756696760654449462890625">
        <ele>9.3999996185302734375</ele>
        <time>2025-08-31T14:30:45.000Z</time>
        <extensions>
          <ns3:TrackPointExtension>
            <ns3:hr>80</ns3:hr>
          </ns3:TrackPointExtension>
        </extensions>
      </trkpt>
      <trkpt lat="56.93946442566812038421630859375" lon="-5.857562609016895294189453125">
        <ele>9.3999996185302734375</ele>
        <time>2025-08-31T14:30:46.000Z</time>
        <extensions>
          <ns3:TrackPointExtension>
            <ns3:hr>81</ns3:hr>
          </ns3:TrackPointExtension>
        </extensions>
      </trkpt>
      <trkpt lat="56.9394727237522602081298828125" lon="-5.85756755433976650238037109375">
        <ele>10.19999980926513671875</ele>
        <time>2025-08-31T14:30:51.000Z</time>
        <extensions>
          <ns3:TrackPointExtension>
            <ns3:hr>80</ns3:hr>
          </ns3:TrackPointExtension>
        </extensions>
      </trkpt>
      <trkpt lat="56.9394727237522602081298828125" lon="-5.85756755433976650238037109375">
        <ele>10.80000019073486328125</ele>
        <time>2025-08-31T14:30:52.000Z</time>
        <extensions>
          <ns3:TrackPointExtension>
            <ns3:hr>80</ns3:hr>
          </ns3:TrackPointExtension>
        </extensions>
      </trkpt>
      <trkpt lat="56.9394747354090213775634765625" lon="-5.85756939835846424102783203125">
        <ele>11.6000003814697265625</ele>
        <time>2025-08-31T14:30:54.000Z</time>
        <extensions>
          <ns3:TrackPointExtension>
            <ns3:hr>81</ns3:hr>
          </ns3:TrackPointExtension>
        </extensions>
      </trkpt>
      <trkpt lat="56.93947984836995601654052734375" lon="-5.85757023654878139495849609375">
        <ele>12.19999980926513671875</ele>
        <time>2025-08-31T14:31:00.000Z</time>
        <extensions>
          <ns3:TrackPointExtension>
            <ns3:hr>79</ns3:hr>
          </ns3:TrackPointExtension>
        </extensions>
      </trkpt>
      <trkpt lat="56.93947590887546539306640625" lon="-5.8575305901467800140380859375">
        <ele>11</ele>
        <time>2025-08-31T14:31:05.000Z</time>
        <extensions>
          <ns3:TrackPointExtension>
            <ns3:hr>76</ns3:hr>
          </ns3:TrackPointExtension>
        </extensions>
      </trkpt>
      <trkpt lat="56.93947800435125827789306640625" lon="-5.85750821046531200408935546875">
        <ele>10</ele>
        <time>2025-08-31T14:31:06.000Z</time>
        <extensions>
          <ns3:TrackPointExtension>
            <ns3:hr>76</ns3:hr>
          </ns3:TrackPointExtension>
        </extensions>
      </trkpt>
      <trkpt lat="56.93948102183640003204345703125" lon="-5.8574880100786685943603515625">
        <ele>9.80000019073486328125</ele>
        <time>2025-08-31T14:31:07.000Z</time>
        <extensions>
          <ns3:TrackPointExtension>
            <ns3:hr>76</ns3:hr>
          </ns3:TrackPointExtension>
        </extensions>
      </trkpt>
      <trkpt lat="56.93950667046010494232177734375" lon="-5.85733789019286632537841796875">
        <ele>9.19999980926513671875</ele>
        <time>2025-08-31T14:31:15.000Z</time>
        <extensions>
          <ns3:TrackPointExtension>
            <ns3:hr>77</ns3:hr>
          </ns3:TrackPointExtension>
        </extensions>
      </trkpt>
      <trkpt lat="56.9395163096487522125244140625" lon="-5.85729933343827724456787109375">
        <ele>8.80000019073486328125</ele>
        <time>2025-08-31T14:31:18.000Z</time>
        <extensions>
          <ns3:TrackPointExtension>
            <ns3:hr>77</ns3:hr>
          </ns3:TrackPointExtension>
        </extensions>
      </trkpt>
      <trkpt lat="56.93952150642871856689453125" lon="-5.85728793404996395111083984375">
        <ele>9</ele>
        <time>2025-08-31T14:31:23.000Z</time>
        <extensions>
          <ns3:TrackPointExtension>
            <ns3:hr>78</ns3:hr>
          </ns3:TrackPointExtension>
        </extensions>
      </trkpt>
      <trkpt lat="56.93953215144574642181396484375" lon="-5.8573079667985439300537109375">
        <ele>8.6000003814697265625</ele>
        <time>2025-08-31T14:31:30.000Z</time>
        <extensions>
          <ns3:TrackPointExtension>
            <ns3:hr>78</ns3:hr>
          </ns3:TrackPointExtension>
        </extensions>
      </trkpt>
      <trkpt lat="56.9395461492240428924560546875" lon="-5.857304446399211883544921875">
        <ele>7.80000019073486328125</ele>
        <time>2025-08-31T14:31:32.000Z</time>
        <extensions>
          <ns3:TrackPointExtension>
            <ns3:hr>79</ns3:hr>
          </ns3:TrackPointExtension>
        </extensions>
      </trkpt>
      <trkpt lat="56.9395538605749607086181640625" lon="-5.857289694249629974365234375">
        <ele>6.599999904632568359375</ele>
        <time>2025-08-31T14:31:35.000Z</time>
        <extensions>
          <ns3:TrackPointExtension>
            <ns3:hr>79</ns3:hr>
          </ns3:TrackPointExtension>
        </extensions>
      </trkpt>
      <trkpt lat="56.93955838680267333984375" lon="-5.85729028098285198211669921875">
        <ele>6.599999904632568359375</ele>
        <time>2025-08-31T14:31:36.000Z</time>
        <extensions>
          <ns3:TrackPointExtension>
            <ns3:hr>79</ns3:hr>
          </ns3:TrackPointExtension>
        </extensions>
      </trkpt>
      <trkpt lat="56.93959468044340610504150390625" lon="-5.8572618663311004638671875">
        <ele>6</ele>
        <time>2025-08-31T14:31:42.000Z</time>
        <extensions>
          <ns3:TrackPointExtension>
            <ns3:hr>79</ns3:hr>
          </ns3:TrackPointExtension>
        </extensions>
      </trkpt>
      <trkpt lat="56.939614377915859222412109375" lon="-5.8572216331958770751953125">
        <ele>5.400000095367431640625</ele>
        <time>2025-08-31T14:31:45.000Z</time>
        <extensions>
          <ns3:TrackPointExtension>
            <ns3:hr>80</ns3:hr>
          </ns3:TrackPointExtension>
        </extensions>
      </trkpt>
      <trkpt lat="56.93963591940701007843017578125" lon="-5.85718668065965175628662109375">
        <ele>4.19999980926513671875</ele>
        <time>2025-08-31T14:31:48.000Z</time>
        <extensions>
          <ns3:TrackPointExtension>
            <ns3:hr>80</ns3:hr>
          </ns3:TrackPointExtension>
        </extensions>
      </trkpt>
      <trkpt lat="56.9396497495472431182861328125" lon="-5.85716421715915203094482421875">
        <ele>3.7999999523162841796875</ele>
        <time>2025-08-31T14:31:50.000Z</time>
        <extensions>
          <ns3:TrackPointExtension>
            <ns3:hr>80</ns3:hr>
          </ns3:TrackPointExtension>
        </extensions>
      </trkpt>
      <trkpt lat="56.93972107954323291778564453125" lon="-5.85700906813144683837890625">
        <ele>3.400000095367431640625</ele>
        <time>2025-08-31T14:32:00.000Z</time>
        <extensions>
          <ns3:TrackPointExtension>
            <ns3:hr>80</ns3:hr>
          </ns3:TrackPointExtension>
        </extensions>
      </trkpt>
      <trkpt lat="56.9397456385195255279541015625" lon="-5.856940336525440216064453125">
        <ele>3</ele>
        <time>2025-08-31T14:32:04.000Z</time>
        <extensions>
          <ns3:TrackPointExtension>
            <ns3:hr>81</ns3:hr>
          </ns3:TrackPointExtension>
        </extensions>
      </trkpt>
      <trkpt lat="56.9397868774831295013427734375" lon="-5.85677697323262691497802734375">
        <ele>3.2000000476837158203125</ele>
        <time>2025-08-31T14:32:13.000Z</time>
        <extensions>
          <ns3:TrackPointExtension>
            <ns3:hr>79</ns3:hr>
          </ns3:TrackPointExtension>
        </extensions>
      </trkpt>
      <trkpt lat="56.93982434459030628204345703125" lon="-5.8565784059464931488037109375">
        <ele>3.2000000476837158203125</ele>
        <time>2025-08-31T14:32:24.000Z</time>
        <extensions>
          <ns3:TrackPointExtension>
            <ns3:hr>79</ns3:hr>
          </ns3:TrackPointExtension>
        </extensions>
      </trkpt>
      <trkpt lat="56.93984337151050567626953125" lon="-5.85637070238590240478515625">
        <ele>3.400000095367431640625</ele>
        <time>2025-08-31T14:32:35.000Z</time>
        <extensions>
          <ns3:TrackPointExtension>
            <ns3:hr>82</ns3:hr>
          </ns3:TrackPointExtension>
        </extensions>
      </trkpt>
      <trkpt lat="56.93985368125140666961669921875" lon="-5.8563257753849029541015625">
        <ele>3.2000000476837158203125</ele>
        <time>2025-08-31T14:32:37.000Z</time>
        <extensions>
          <ns3:TrackPointExtension>
            <ns3:hr>82</ns3:hr>
          </ns3:TrackPointExtension>
        </extensions>
      </trkpt>
      <trkpt lat="56.93991713225841522216796875" lon="-5.85625444538891315460205078125">
        <ele>3.2000000476837158203125</ele>
        <time>2025-08-31T14:32:44.000Z</time>
        <extensions>
          <ns3:TrackPointExtension>
            <ns3:hr>83</ns3:hr>
          </ns3:TrackPointExtension>
        </extensions>
      </trkpt>
      <trkpt lat="56.9399484805762767791748046875" lon="-5.856221504509449005126953125">
        <ele>3.599999904632568359375</ele>
        <time>2025-08-31T14:32:47.000Z</time>
        <extensions>
          <ns3:TrackPointExtension>
            <ns3:hr>82</ns3:hr>
          </ns3:TrackPointExtension>
        </extensions>
      </trkpt>
      <trkpt lat="56.93999634124338626861572265625" lon="-5.8561086840927600860595703125">
        <ele>3.2000000476837158203125</ele>
        <time>2025-08-31T14:32:55.000Z</time>
        <extensions>
          <ns3:TrackPointExtension>
            <ns3:hr>83</ns3:hr>
          </ns3:TrackPointExtension>
        </extensions>
      </trkpt>
      <trkpt lat="56.94002048112452030181884765625" lon="-5.85595806129276752471923828125">
        <ele>3.2000000476837158203125</ele>
        <time>2025-08-31T14:33:03.000Z</time>
        <extensions>
          <ns3:TrackPointExtension>
            <ns3:hr>83</ns3:hr>
          </ns3:TrackPointExtension>
        </extensions>
      </trkpt>
      <trkpt lat="56.94008904509246349334716796875" lon="-5.85574599914252758026123046875">
        <ele>2.599999904632568359375</ele>
        <time>2025-08-31T14:33:15.000Z</time>
        <extensions>
          <ns3:TrackPointExtension>
            <ns3:hr>84</ns3:hr>
          </ns3:TrackPointExtension>
        </extensions>
      </trkpt>
      <trkpt lat="56.94017252884805202484130859375" lon="-5.8554756827652454376220703125">
        <ele>2.7999999523162841796875</ele>
        <time>2025-08-31T14:33:30.000Z</time>
        <extensions>
          <ns3:TrackPointExtension>
            <ns3:hr>84</ns3:hr>
          </ns3:TrackPointExtension>
        </extensions>
      </trkpt>
      <trkpt lat="56.94024712778627872467041015625" lon="-5.85531801916658878326416015625">
        <ele>2.400000095367431640625</ele>
        <time>2025-08-31T14:33:41.000Z</time>
        <extensions>
          <ns3:TrackPointExtension>
            <ns3:hr>84</ns3:hr>
          </ns3:TrackPointExtension>
        </extensions>
      </trkpt>
      <trkpt lat="56.94027210585772991180419921875" lon="-5.85528532974421977996826171875">
        <ele>2</ele>
        <time>2025-08-31T14:33:44.000Z</time>
        <extensions>
          <ns3:TrackPointExtension>
            <ns3:hr>85</ns3:hr>
          </ns3:TrackPointExtension>
        </extensions>
      </trkpt>
      <trkpt lat="56.940338574349880218505859375" lon="-5.8551858365535736083984375">
        <ele>2.2000000476837158203125</ele>
        <time>2025-08-31T14:33:52.000Z</time>
        <extensions>
          <ns3:TrackPointExtension>
            <ns3:hr>86</ns3:hr>
          </ns3:TrackPointExtension>
        </extensions>
      </trkpt>
      <trkpt lat="56.9404299370944499969482421875" lon="-5.8550331182777881622314453125">
        <ele>2.599999904632568359375</ele>
        <time>2025-08-31T14:34:04.000Z</time>
        <extensions>
          <ns3:TrackPointExtension>
            <ns3:hr>87</ns3:hr>
          </ns3:TrackPointExtension>
        </extensions>
      </trkpt>
      <trkpt lat="56.9404611177742481231689453125" lon="-5.8548946492373943328857421875">
        <ele>2.2000000476837158203125</ele>
        <time>2025-08-31T14:34:12.000Z</time>
        <extensions>
          <ns3:TrackPointExtension>
            <ns3:hr>86</ns3:hr>
          </ns3:TrackPointExtension>
        </extensions>
      </trkpt>
      <trkpt lat="56.940463967621326446533203125" lon="-5.85474788211286067962646484375">
        <ele>2.7999999523162841796875</ele>
        <time>2025-08-31T14:34:20.000Z</time>
        <extensions>
          <ns3:TrackPointExtension>
            <ns3:hr>87</ns3:hr>
          </ns3:TrackPointExtension>
        </extensions>
      </trkpt>
      <trkpt lat="56.940431110560894012451171875" lon="-5.85458342917263507843017578125">
        <ele>2</ele>
        <time>2025-08-31T14:34:29.000Z</time>
        <extensions>
          <ns3:TrackPointExtension>
            <ns3:hr>85</ns3:hr>
          </ns3:TrackPointExtension>
        </extensions>
      </trkpt>
      <trkpt lat="56.94035089574754238128662109375" lon="-5.85439047776162624359130859375">
        <ele>3</ele>
        <time>2025-08-31T14:34:42.000Z</time>
        <extensions>
          <ns3:TrackPointExtension>
            <ns3:hr>84</ns3:hr>
          </ns3:TrackPointExtension>
        </extensions>
      </trkpt>
      <trkpt lat="56.9403414241969585418701171875" lon="-5.85438142530620098114013671875">
        <ele>3.2000000476837158203125</ele>
        <time>2025-08-31T14:34:43.000Z</time>
        <extensions>
          <ns3:TrackPointExtension>
            <ns3:hr>84</ns3:hr>
          </ns3:TrackPointExtension>
        </extensions>
      </trkpt>
      <trkpt lat="56.94027596153318881988525390625" lon="-5.85430297069251537322998046875">
        <ele>3.599999904632568359375</ele>
        <time>2025-08-31T14:34:51.000Z</time>
        <extensions>
          <ns3:TrackPointExtension>
            <ns3:hr>84</ns3:hr>
          </ns3:TrackPointExtension>
        </extensions>
      </trkpt>
      <trkpt lat="56.94023204036056995391845703125" lon="-5.8542368374764919281005859375">
        <ele>3.2000000476837158203125</ele>
        <time>2025-08-31T14:34:57.000Z</time>
        <extensions>
          <ns3:TrackPointExtension>
            <ns3:hr>83</ns3:hr>
          </ns3:TrackPointExtension>
        </extensions>
      </trkpt>
      <trkpt lat="56.94021343253552913665771484375" lon="-5.85411454550921916961669921875">
        <ele>2.7999999523162841796875</ele>
        <time>2025-08-31T14:35:04.000Z</time>
        <extensions>
          <ns3:TrackPointExtension>
            <ns3:hr>84</ns3:hr>
          </ns3:TrackPointExtension>
        </extensions>
      </trkpt>
      <trkpt lat="56.9402019493281841278076171875" lon="-5.85400340147316455841064453125">
        <ele>4.599999904632568359375</ele>
        <time>2025-08-31T14:35:11.000Z</time>
        <extensions>
          <ns3:TrackPointExtension>
            <ns3:hr>83</ns3:hr>
          </ns3:TrackPointExtension>
        </extensions>
      </trkpt>
      <trkpt lat="56.94019465707242488861083984375" lon="-5.85392050445079803466796875">
        <ele>4.80000019073486328125</ele>
        <time>2025-08-31T14:35:15.000Z</time>
        <extensions>
          <ns3:TrackPointExtension>
            <ns3:hr>82</ns3:hr>
          </ns3:TrackPointExtension>
        </extensions>
      </trkpt>
      <trkpt lat="56.94020488299429416656494140625" lon="-5.85375345312058925628662109375">
        <ele>4</ele>
        <time>2025-08-31T14:35:24.000Z</time>
        <extensions>
          <ns3:TrackPointExtension>
            <ns3:hr>84</ns3:hr>
          </ns3:TrackPointExtension>
        </extensions>
      </trkpt>
      <trkpt lat="56.9402141869068145751953125" lon="-5.85367650724947452545166015625">
        <ele>3.400000095367431640625</ele>
        <time>2025-08-31T14:35:28.000Z</time>
        <extensions>
          <ns3:TrackPointExtension>
            <ns3:hr>84</ns3:hr>
          </ns3:TrackPointExtension>
        </extensions>
      </trkpt>
      <trkpt lat="56.94022902287542819976806640625" lon="-5.853627137839794158935546875">
        <ele>2.7999999523162841796875</ele>
        <time>2025-08-31T14:35:31.000Z</time>
        <extensions>
          <ns3:TrackPointExtension>
            <ns3:hr>81</ns3:hr>
          </ns3:TrackPointExtension>
        </extensions>
      </trkpt>
      <trkpt lat="56.94023874588310718536376953125" lon="-5.8535904251039028167724609375">
        <ele>2.599999904632568359375</ele>
        <time>2025-08-31T14:35:33.000Z</time>
        <extensions>
          <ns3:TrackPointExtension>
            <ns3:hr>80</ns3:hr>
          </ns3:TrackPointExtension>
        </extensions>
      </trkpt>
      <trkpt lat="56.9403089024126529693603515625" lon="-5.8534107170999050140380859375">
        <ele>3.599999904632568359375</ele>
        <time>2025-08-31T14:35:44.000Z</time>
        <extensions>
          <ns3:TrackPointExtension>
            <ns3:hr>81</ns3:hr>
          </ns3:TrackPointExtension>
        </extensions>
      </trkpt>
      <trkpt lat="56.9403967447578907012939453125" lon="-5.85325531661510467529296875">
        <ele>3.2000000476837158203125</ele>
        <time>2025-08-31T14:35:55.000Z</time>
        <extensions>
          <ns3:TrackPointExtension>
            <ns3:hr>81</ns3:hr>
          </ns3:TrackPointExtension>
        </extensions>
      </trkpt>
      <trkpt lat="56.940461285412311553955078125" lon="-5.85314023308455944061279296875">
        <ele>2.2000000476837158203125</ele>
        <time>2025-08-31T14:36:03.000Z</time>
        <extensions>
          <ns3:TrackPointExtension>
            <ns3:hr>81</ns3:hr>
          </ns3:TrackPointExtension>
        </extensions>
      </trkpt>
      <trkpt lat="56.94049975834786891937255859375" lon="-5.8531005866825580596923828125">
        <ele>2.599999904632568359375</ele>
        <time>2025-08-31T14:36:07.000Z</time>
        <extensions>
          <ns3:TrackPointExtension>
            <ns3:hr>81</ns3:hr>
          </ns3:TrackPointExtension>
        </extensions>
      </trkpt>
      <trkpt lat="56.94052976556122303009033203125" lon="-5.8530724234879016876220703125">
        <ele>3.599999904632568359375</ele>
        <time>2025-08-31T14:36:10.000Z</time>
        <extensions>
          <ns3:TrackPointExtension>
            <ns3:hr>81</ns3:hr>
          </ns3:TrackPointExtension>
        </extensions>
      </trkpt>
      <trkpt lat="56.940598748624324798583984375" lon="-5.85300075821578502655029296875">
        <ele>3.599999904632568359375</ele>
        <time>2025-08-31T14:36:17.000Z</time>
        <extensions>
          <ns3:TrackPointExtension>
            <ns3:hr>82</ns3:hr>
          </ns3:TrackPointExtension>
        </extensions>
      </trkpt>
      <trkpt lat="56.9407023489475250244140625" lon="-5.8529000915586948394775390625">
        <ele>3.2000000476837158203125</ele>
        <time>2025-08-31T14:36:27.000Z</time>
        <extensions>
          <ns3:TrackPointExtension>
            <ns3:hr>82</ns3:hr>
          </ns3:TrackPointExtension>
        </extensions>
      </trkpt>
      <trkpt lat="56.9408010877668857574462890625" lon="-5.852829851210117340087890625">
        <ele>4.19999980926513671875</ele>
        <time>2025-08-31T14:36:37.000Z</time>
        <extensions>
          <ns3:TrackPointExtension>
            <ns3:hr>81</ns3:hr>
          </ns3:TrackPointExtension>
        </extensions>
      </trkpt>
      <trkpt lat="56.9409020058810710906982421875" lon="-5.85276690311729907989501953125">
        <ele>3</ele>
        <time>2025-08-31T14:36:47.000Z</time>
        <extensions>
          <ns3:TrackPointExtension>
            <ns3:hr>81</ns3:hr>
          </ns3:TrackPointExtension>
        </extensions>
      </trkpt>
      <trkpt lat="56.94093595258891582489013671875" lon="-5.85275483317673206329345703125">
        <ele>2.400000095367431640625</ele>
        <time>2025-08-31T14:36:51.000Z</time>
        <extensions>
          <ns3:TrackPointExtension>
            <ns3:hr>82</ns3:hr>
          </ns3:TrackPointExtension>
        </extensions>
      </trkpt>
      <trkpt lat="56.94101893343031406402587890625" lon="-5.85272365249693393707275390625">
        <ele>2.7999999523162841796875</ele>
        <time>2025-08-31T14:36:59.000Z</time>
        <extensions>
          <ns3:TrackPointExtension>
            <ns3:hr>82</ns3:hr>
          </ns3:TrackPointExtension>
        </extensions>
      </trkpt>
      <trkpt lat="56.94106285460293292999267578125" lon="-5.8527029491961002349853515625">
        <ele>3.400000095367431640625</ele>
        <time>2025-08-31T14:37:03.000Z</time>
        <extensions>
          <ns3:TrackPointExtension>
            <ns3:hr>82</ns3:hr>
          </ns3:TrackPointExtension>
        </extensions>
      </trkpt>
      <trkpt lat="56.94111348129808902740478515625" lon="-5.8526995964348316192626953125">
        <ele>4.19999980926513671875</ele>
        <time>2025-08-31T14:37:09.000Z</time>
        <extensions>
          <ns3:TrackPointExtension>
            <ns3:hr>82</ns3:hr>
          </ns3:TrackPointExtension>
        </extensions>
      </trkpt>
      <trkpt lat="56.9411568157374858856201171875" lon="-5.8527099899947643280029296875">
        <ele>4.400000095367431640625</ele>
        <time>2025-08-31T14:37:17.000Z</time>
        <extensions>
          <ns3:TrackPointExtension>
            <ns3:hr>80</ns3:hr>
          </ns3:TrackPointExtension>
        </extensions>
      </trkpt>
      <trkpt lat="56.9411717355251312255859375" lon="-5.8527220599353313446044921875">
        <ele>4.599999904632568359375</ele>
        <time>2025-08-31T14:37:19.000Z</time>
        <extensions>
          <ns3:TrackPointExtension>
            <ns3:hr>81</ns3:hr>
          </ns3:TrackPointExtension>
        </extensions>
      </trkpt>
      <trkpt lat="56.9412119686603546142578125" lon="-5.852748043835163116455078125">
        <ele>5.80000019073486328125</ele>
        <time>2025-08-31T14:37:24.000Z</time>
        <extensions>
          <ns3:TrackPointExtension>
            <ns3:hr>82</ns3:hr>
          </ns3:TrackPointExtension>
        </extensions>
      </trkpt>
      <trkpt lat="56.94122529588639736175537109375" lon="-5.85276036523282527923583984375">
        <ele>6.19999980926513671875</ele>
        <time>2025-08-31T14:37:26.000Z</time>
        <extensions>
          <ns3:TrackPointExtension>
            <ns3:hr>82</ns3:hr>
          </ns3:TrackPointExtension>
        </extensions>
      </trkpt>
      <trkpt lat="56.9412356056272983551025390625" lon="-5.8527619577944278717041015625">
        <ele>7.19999980926513671875</ele>
        <time>2025-08-31T14:37:28.000Z</time>
        <extensions>
          <ns3:TrackPointExtension>
            <ns3:hr>83</ns3:hr>
          </ns3:TrackPointExtension>
        </extensions>
      </trkpt>
      <trkpt lat="56.9412362761795520782470703125" lon="-5.852765478193759918212890625">
        <ele>8.3999996185302734375</ele>
        <time>2025-08-31T14:37:30.000Z</time>
        <extensions>
          <ns3:TrackPointExtension>
            <ns3:hr>83</ns3:hr>
          </ns3:TrackPointExtension>
        </extensions>
      </trkpt>
      <trkpt lat="56.9412481784820556640625" lon="-5.85275114513933658599853515625">
        <ele>8.80000019073486328125</ele>
        <time>2025-08-31T14:37:33.000Z</time>
        <extensions>
          <ns3:TrackPointExtension>
            <ns3:hr>83</ns3:hr>
          </ns3:TrackPointExtension>
        </extensions>
      </trkpt>
      <trkpt lat="56.94125555455684661865234375" lon="-5.852746032178401947021484375">
        <ele>7</ele>
        <time>2025-08-31T14:37:35.000Z</time>
        <extensions>
          <ns3:TrackPointExtension>
            <ns3:hr>83</ns3:hr>
          </ns3:TrackPointExtension>
        </extensions>
      </trkpt>
      <trkpt lat="56.9412738271057605743408203125" lon="-5.85278282873332500457763671875">
        <ele>6.19999980926513671875</ele>
        <time>2025-08-31T14:37:40.000Z</time>
        <extensions>
          <ns3:TrackPointExtension>
            <ns3:hr>84</ns3:hr>
          </ns3:TrackPointExtension>
        </extensions>
      </trkpt>
      <trkpt lat="56.9412781856954097747802734375" lon="-5.8527948148548603057861328125">
        <ele>5.80000019073486328125</ele>
        <time>2025-08-31T14:37:41.000Z</time>
        <extensions>
          <ns3:TrackPointExtension>
            <ns3:hr>84</ns3:hr>
          </ns3:TrackPointExtension>
        </extensions>
      </trkpt>
      <trkpt lat="56.9413204304873943328857421875" lon="-5.85285491310060024261474609375">
        <ele>5.19999980926513671875</ele>
        <time>2025-08-31T14:37:47.000Z</time>
        <extensions>
          <ns3:TrackPointExtension>
            <ns3:hr>83</ns3:hr>
          </ns3:TrackPointExtension>
        </extensions>
      </trkpt>
      <trkpt lat="56.94135169498622417449951171875" lon="-5.852904953062534332275390625">
        <ele>6</ele>
        <time>2025-08-31T14:37:54.000Z</time>
        <extensions>
          <ns3:TrackPointExtension>
            <ns3:hr>81</ns3:hr>
          </ns3:TrackPointExtension>
        </extensions>
      </trkpt>
      <trkpt lat="56.941347084939479827880859375" lon="-5.85293806158006191253662109375">
        <ele>5</ele>
        <time>2025-08-31T14:38:00.000Z</time>
        <extensions>
          <ns3:TrackPointExtension>
            <ns3:hr>82</ns3:hr>
          </ns3:TrackPointExtension>
        </extensions>
      </trkpt>
      <trkpt lat="56.94134918041527271270751953125" lon="-5.852965973317623138427734375">
        <ele>4.400000095367431640625</ele>
        <time>2025-08-31T14:38:02.000Z</time>
        <extensions>
          <ns3:TrackPointExtension>
            <ns3:hr>81</ns3:hr>
          </ns3:TrackPointExtension>
        </extensions>
      </trkpt>
      <trkpt lat="56.94136292673647403717041015625" lon="-5.8530347049236297607421875">
        <ele>4.80000019073486328125</ele>
        <time>2025-08-31T14:38:08.000Z</time>
        <extensions>
          <ns3:TrackPointExtension>
            <ns3:hr>81</ns3:hr>
          </ns3:TrackPointExtension>
        </extensions>
      </trkpt>
      <trkpt lat="56.9413710571825504302978515625" lon="-5.85304853506386280059814453125">
        <ele>4.599999904632568359375</ele>
        <time>2025-08-31T14:38:15.000Z</time>
        <extensions>
          <ns3:TrackPointExtension>
            <ns3:hr>80</ns3:hr>
          </ns3:TrackPointExtension>
        </extensions>
      </trkpt>
      <trkpt lat="56.94138924591243267059326171875" lon="-5.85309245623648166656494140625">
        <ele>3.2000000476837158203125</ele>
        <time>2025-08-31T14:38:21.000Z</time>
        <extensions>
          <ns3:TrackPointExtension>
            <ns3:hr>80</ns3:hr>
          </ns3:TrackPointExtension>
        </extensions>
      </trkpt>
      <trkpt lat="56.941396035254001617431640625" lon="-5.85309782065451145172119140625">
        <ele>3</ele>
        <time>2025-08-31T14:38:22.000Z</time>
        <extensions>
          <ns3:TrackPointExtension>
            <ns3:hr>80</ns3:hr>
          </ns3:TrackPointExtension>
        </extensions>
      </trkpt>
      <trkpt lat="56.9414062611758708953857421875" lon="-5.85310243070125579833984375">
        <ele>3</ele>
        <time>2025-08-31T14:38:23.000Z</time>
        <extensions>
          <ns3:TrackPointExtension>
            <ns3:hr>80</ns3:hr>
          </ns3:TrackPointExtension>
        </extensions>
      </trkpt>
      <trkpt lat="56.941424869000911712646484375" lon="-5.85310108959674835205078125">
        <ele>3</ele>
        <time>2025-08-31T14:38:25.000Z</time>
        <extensions>
          <ns3:TrackPointExtension>
            <ns3:hr>80</ns3:hr>
          </ns3:TrackPointExtension>
        </extensions>
      </trkpt>
      <trkpt lat="56.94145462475717067718505859375" lon="-5.85311860777437686920166015625">
        <ele>3.2000000476837158203125</ele>
        <time>2025-08-31T14:38:28.000Z</time>
        <extensions>
          <ns3:TrackPointExtension>
            <ns3:hr>80</ns3:hr>
          </ns3:TrackPointExtension>
        </extensions>
      </trkpt>
      <trkpt lat="56.94157540798187255859375" lon="-5.8531837351620197296142578125">
        <ele>3.2000000476837158203125</ele>
        <time>2025-08-31T14:38:40.000Z</time>
        <extensions>
          <ns3:TrackPointExtension>
            <ns3:hr>78</ns3:hr>
          </ns3:TrackPointExtension>
        </extensions>
      </trkpt>
      <trkpt lat="56.94164640270173549652099609375" lon="-5.85324517451226711273193359375">
        <ele>4</ele>
        <time>2025-08-31T14:38:46.000Z</time>
        <extensions>
          <ns3:TrackPointExtension>
            <ns3:hr>81</ns3:hr>
          </ns3:TrackPointExtension>
        </extensions>
      </trkpt>
      <trkpt lat="56.941713206470012664794921875" lon="-5.8532772772014141082763671875">
        <ele>3.7999999523162841796875</ele>
        <time>2025-08-31T14:38:52.000Z</time>
        <extensions>
          <ns3:TrackPointExtension>
            <ns3:hr>83</ns3:hr>
          </ns3:TrackPointExtension>
        </extensions>
      </trkpt>
      <trkpt lat="56.941732652485370635986328125" lon="-5.85328490473330020904541015625">
        <ele>4.400000095367431640625</ele>
        <time>2025-08-31T14:38:54.000Z</time>
        <extensions>
          <ns3:TrackPointExtension>
            <ns3:hr>84</ns3:hr>
          </ns3:TrackPointExtension>
        </extensions>
      </trkpt>
      <trkpt lat="56.94178336299955844879150390625" lon="-5.853303931653499603271484375">
        <ele>3.400000095367431640625</ele>
        <time>2025-08-31T14:38:59.000Z</time>
        <extensions>
          <ns3:TrackPointExtension>
            <ns3:hr>84</ns3:hr>
          </ns3:TrackPointExtension>
        </extensions>
      </trkpt>
      <trkpt lat="56.94186332635581493377685546875" lon="-5.85333402268588542938232421875">
        <ele>4</ele>
        <time>2025-08-31T14:39:06.000Z</time>
        <extensions>
          <ns3:TrackPointExtension>
            <ns3:hr>83</ns3:hr>
          </ns3:TrackPointExtension>
        </extensions>
      </trkpt>
      <trkpt lat="56.941896937787532806396484375" lon="-5.85334441624581813812255859375">
        <ele>4.599999904632568359375</ele>
        <time>2025-08-31T14:39:09.000Z</time>
        <extensions>
          <ns3:TrackPointExtension>
            <ns3:hr>83</ns3:hr>
          </ns3:TrackPointExtension>
        </extensions>
      </trkpt>
      <trkpt lat="56.9419334828853607177734375" lon="-5.8533557318150997161865234375">
        <ele>6</ele>
        <time>2025-08-31T14:39:12.000Z</time>
        <extensions>
          <ns3:TrackPointExtension>
            <ns3:hr>84</ns3:hr>
          </ns3:TrackPointExtension>
        </extensions>
      </trkpt>
      <trkpt lat="56.941994838416576385498046875" lon="-5.85337928496301174163818359375">
        <ele>4.599999904632568359375</ele>
        <time>2025-08-31T14:39:17.000Z</time>
        <extensions>
          <ns3:TrackPointExtension>
            <ns3:hr>83</ns3:hr>
          </ns3:TrackPointExtension>
        </extensions>
      </trkpt>
      <trkpt lat="56.942031718790531158447265625" lon="-5.85338942706584930419921875">
        <ele>5</ele>
        <time>2025-08-31T14:39:20.000Z</time>
        <extensions>
          <ns3:TrackPointExtension>
            <ns3:hr>82</ns3:hr>
          </ns3:TrackPointExtension>
        </extensions>
      </trkpt>
      <trkpt lat="56.94217898882925510406494140625" lon="-5.853412561118602752685546875">
        <ele>4.19999980926513671875</ele>
        <time>2025-08-31T14:39:32.000Z</time>
        <extensions>
          <ns3:TrackPointExtension>
            <ns3:hr>83</ns3:hr>
          </ns3:TrackPointExtension>
        </extensions>
      </trkpt>
      <trkpt lat="56.94224772043526172637939453125" lon="-5.85342605598270893096923828125">
        <ele>3.599999904632568359375</ele>
        <time>2025-08-31T14:39:38.000Z</time>
        <extensions>
          <ns3:TrackPointExtension>
            <ns3:hr>83</ns3:hr>
          </ns3:TrackPointExtension>
        </extensions>
      </trkpt>
      <trkpt lat="56.942333467304706573486328125" lon="-5.8534633554518222808837890625">
        <ele>5</ele>
        <time>2025-08-31T14:39:45.000Z</time>
        <extensions>
          <ns3:TrackPointExtension>
            <ns3:hr>84</ns3:hr>
          </ns3:TrackPointExtension>
        </extensions>
      </trkpt>
      <trkpt lat="56.942366994917392730712890625" lon="-5.85347752086818218231201171875">
        <ele>5.599999904632568359375</ele>
        <time>2025-08-31T14:39:48.000Z</time>
        <extensions>
          <ns3:TrackPointExtension>
            <ns3:hr>84</ns3:hr>
          </ns3:TrackPointExtension>
        </extensions>
      </trkpt>
      <trkpt lat="56.94253220222890377044677734375" lon="-5.85354239679872989654541015625">
        <ele>4.599999904632568359375</ele>
        <time>2025-08-31T14:40:03.000Z</time>
        <extensions>
          <ns3:TrackPointExtension>
            <ns3:hr>83</ns3:hr>
          </ns3:TrackPointExtension>
        </extensions>
      </trkpt>
      <trkpt lat="56.94260470569133758544921875" lon="-5.853544659912586212158203125">
        <ele>5</ele>
        <time>2025-08-31T14:40:10.000Z</time>
        <extensions>
          <ns3:TrackPointExtension>
            <ns3:hr>86</ns3:hr>
          </ns3:TrackPointExtension>
        </extensions>
      </trkpt>
      <trkpt lat="56.9426347129046916961669921875" lon="-5.85355161689221858978271484375">
        <ele>4.19999980926513671875</ele>
        <time>2025-08-31T14:40:13.000Z</time>
        <extensions>
          <ns3:TrackPointExtension>
            <ns3:hr>86</ns3:hr>
          </ns3:TrackPointExtension>
        </extensions>
      </trkpt>
      <trkpt lat="56.9426447711884975433349609375" lon="-5.85355413146317005157470703125">
        <ele>3.7999999523162841796875</ele>
        <time>2025-08-31T14:40:14.000Z</time>
        <extensions>
          <ns3:TrackPointExtension>
            <ns3:hr>86</ns3:hr>
          </ns3:TrackPointExtension>
        </extensions>
      </trkpt>
      <trkpt lat="56.94270654581487178802490234375" lon="-5.853582210838794708251953125">
        <ele>5</ele>
        <time>2025-08-31T14:40:20.000Z</time>
        <extensions>
          <ns3:TrackPointExtension>
            <ns3:hr>87</ns3:hr>
          </ns3:TrackPointExtension>
        </extensions>
      </trkpt>
      <trkpt lat="56.9427554123103618621826171875" lon="-5.8536086976528167724609375">
        <ele>3.7999999523162841796875</ele>
        <time>2025-08-31T14:40:25.000Z</time>
        <extensions>
          <ns3:TrackPointExtension>
            <ns3:hr>88</ns3:hr>
          </ns3:TrackPointExtension>
        </extensions>
      </trkpt>
      <trkpt lat="56.9427624531090259552001953125" lon="-5.85361548699438571929931640625">
        <ele>3.7999999523162841796875</ele>
        <time>2025-08-31T14:40:26.000Z</time>
        <extensions>
          <ns3:TrackPointExtension>
            <ns3:hr>84</ns3:hr>
          </ns3:TrackPointExtension>
        </extensions>
      </trkpt>
      <trkpt lat="56.9427704997360706329345703125" lon="-5.85362286306917667388916015625">
        <ele>3.599999904632568359375</ele>
        <time>2025-08-31T14:40:27.000Z</time>
        <extensions>
          <ns3:TrackPointExtension>
            <ns3:hr>72</ns3:hr>
          </ns3:TrackPointExtension>
        </extensions>
      </trkpt>
      <trkpt lat="56.94277904927730560302734375" lon="-5.853630490601062774658203125">
        <ele>3.599999904632568359375</ele>
        <time>2025-08-31T14:40:28.000Z</time>
        <extensions>
          <ns3:TrackPointExtension>
            <ns3:hr>67</ns3:hr>
          </ns3:TrackPointExtension>
        </extensions>
      </trkpt>
      <trkpt lat="56.94278785027563571929931640625" lon="-5.8536356873810291290283203125">
        <ele>3.599999904632568359375</ele>
        <time>2025-08-31T14:40:29.000Z</time>
        <extensions>
          <ns3:TrackPointExtension>
            <ns3:hr>64</ns3:hr>
          </ns3:TrackPointExtension>
        </extensions>
      </trkpt>
      <trkpt lat="56.94282774813473224639892578125" lon="-5.85366141982376575469970703125">
        <ele>4.19999980926513671875</ele>
        <time>2025-08-31T14:40:35.000Z</time>
        <extensions>
          <ns3:TrackPointExtension>
            <ns3:hr>62</ns3:hr>
          </ns3:TrackPointExtension>
        </extensions>
      </trkpt>
      <trkpt lat="56.94287963211536407470703125" lon="-5.85370819084346294403076171875">
        <ele>4.599999904632568359375</ele>
        <time>2025-08-31T14:40:42.000Z</time>
        <extensions>
          <ns3:TrackPointExtension>
            <ns3:hr>62</ns3:hr>
          </ns3:TrackPointExtension>
        </extensions>
      </trkpt>
      <trkpt lat="56.94289572536945343017578125" lon="-5.85372269153594970703125">
        <ele>5</ele>
        <time>2025-08-31T14:40:44.000Z</time>
        <extensions>
          <ns3:TrackPointExtension>
            <ns3:hr>62</ns3:hr>
          </ns3:TrackPointExtension>
        </extensions>
      </trkpt>
      <trkpt lat="56.94290016777813434600830078125" lon="-5.85371665656566619873046875">
        <ele>5</ele>
        <time>2025-08-31T14:40:45.000Z</time>
        <extensions>
          <ns3:TrackPointExtension>
            <ns3:hr>62</ns3:hr>
          </ns3:TrackPointExtension>
        </extensions>
      </trkpt>
      <trkpt lat="56.9429059512913227081298828125" lon="-5.85368153639137744903564453125">
        <ele>5.19999980926513671875</ele>
        <time>2025-08-31T14:40:48.000Z</time>
        <extensions>
          <ns3:TrackPointExtension>
            <ns3:hr>62</ns3:hr>
          </ns3:TrackPointExtension>
        </extensions>
      </trkpt>
      <trkpt lat="56.94293218664824962615966796875" lon="-5.85361607372760772705078125">
        <ele>5.599999904632568359375</ele>
        <time>2025-08-31T14:40:56.000Z</time>
        <extensions>
          <ns3:TrackPointExtension>
            <ns3:hr>65</ns3:hr>
          </ns3:TrackPointExtension>
        </extensions>
      </trkpt>
      <trkpt lat="56.942945681512355804443359375" lon="-5.85359822027385234832763671875">
        <ele>5.599999904632568359375</ele>
        <time>2025-08-31T14:40:59.000Z</time>
        <extensions>
          <ns3:TrackPointExtension>
            <ns3:hr>69</ns3:hr>
          </ns3:TrackPointExtension>
        </extensions>
      </trkpt>
      <trkpt lat="56.94295716471970081329345703125" lon="-5.8535817079246044158935546875">
        <ele>5.80000019073486328125</ele>
        <time>2025-08-31T14:41:01.000Z</time>
        <extensions>
          <ns3:TrackPointExtension>
            <ns3:hr>73</ns3:hr>
          </ns3:TrackPointExtension>
        </extensions>
      </trkpt>
      <trkpt lat="56.94296621717512607574462890625" lon="-5.8535773493349552154541015625">
        <ele>6</ele>
        <time>2025-08-31T14:41:02.000Z</time>
        <extensions>
          <ns3:TrackPointExtension>
            <ns3:hr>74</ns3:hr>
          </ns3:TrackPointExtension>
        </extensions>
      </trkpt>
      <trkpt lat="56.94299094378948211669921875" lon="-5.85356402210891246795654296875">
        <ele>6.400000095367431640625</ele>
        <time>2025-08-31T14:41:05.000Z</time>
        <extensions>
          <ns3:TrackPointExtension>
            <ns3:hr>75</ns3:hr>
          </ns3:TrackPointExtension>
        </extensions>
      </trkpt>
      <trkpt lat="56.94302170537412166595458984375" lon="-5.8534987270832061767578125">
        <ele>6.80000019073486328125</ele>
        <time>2025-08-31T14:41:11.000Z</time>
        <extensions>
          <ns3:TrackPointExtension>
            <ns3:hr>75</ns3:hr>
          </ns3:TrackPointExtension>
        </extensions>
      </trkpt>
      <trkpt lat="56.943021453917026519775390625" lon="-5.85347793996334075927734375">
        <ele>7.19999980926513671875</ele>
        <time>2025-08-31T14:41:13.000Z</time>
        <extensions>
          <ns3:TrackPointExtension>
            <ns3:hr>76</ns3:hr>
          </ns3:TrackPointExtension>
        </extensions>
      </trkpt>
      <trkpt lat="56.94302455522119998931884765625" lon="-5.85347819142043590545654296875">
        <ele>7.80000019073486328125</ele>
        <time>2025-08-31T14:41:17.000Z</time>
        <extensions>
          <ns3:TrackPointExtension>
            <ns3:hr>77</ns3:hr>
          </ns3:TrackPointExtension>
        </extensions>
      </trkpt>
      <trkpt lat="56.94305908866226673126220703125" lon="-5.8534705638885498046875">
        <ele>7.599999904632568359375</ele>
        <time>2025-08-31T14:41:25.000Z</time>
        <extensions>
          <ns3:TrackPointExtension>
            <ns3:hr>79</ns3:hr>
          </ns3:TrackPointExtension>
        </extensions>
      </trkpt>
      <trkpt lat="56.9430799596011638641357421875" lon="-5.85345639847218990325927734375">
        <ele>7.400000095367431640625</ele>
        <time>2025-08-31T14:41:32.000Z</time>
        <extensions>
          <ns3:TrackPointExtension>
            <ns3:hr>79</ns3:hr>
          </ns3:TrackPointExtension>
        </extensions>
      </trkpt>
      <trkpt lat="56.9431208632886409759521484375" lon="-5.8534489385783672332763671875">
        <ele>7</ele>
        <time>2025-08-31T14:41:39.000Z</time>
        <extensions>
          <ns3:TrackPointExtension>
            <ns3:hr>80</ns3:hr>
          </ns3:TrackPointExtension>
        </extensions>
      </trkpt>
      <trkpt lat="56.94318515248596668243408203125" lon="-5.85349797271192073822021484375">
        <ele>7</ele>
        <time>2025-08-31T14:41:46.000Z</time>
        <extensions>
          <ns3:TrackPointExtension>
            <ns3:hr>79</ns3:hr>
          </ns3:TrackPointExtension>
        </extensions>
      </trkpt>
      <trkpt lat="56.943250782787799835205078125" lon="-5.85352311842143535614013671875">
        <ele>6.19999980926513671875</ele>
        <time>2025-08-31T14:41:56.000Z</time>
        <extensions>
          <ns3:TrackPointExtension>
            <ns3:hr>79</ns3:hr>
          </ns3:TrackPointExtension>
        </extensions>
      </trkpt>
      <trkpt lat="56.94325656630098819732666015625" lon="-5.85350819863379001617431640625">
        <ele>6.400000095367431640625</ele>
        <time>2025-08-31T14:42:02.000Z</time>
        <extensions>
          <ns3:TrackPointExtension>
            <ns3:hr>79</ns3:hr>
          </ns3:TrackPointExtension>
        </extensions>
      </trkpt>
      <trkpt lat="56.94326695986092090606689453125" lon="-5.8534737490117549896240234375">
        <ele>7</ele>
        <time>2025-08-31T14:42:09.000Z</time>
        <extensions>
          <ns3:TrackPointExtension>
            <ns3:hr>79</ns3:hr>
          </ns3:TrackPointExtension>
        </extensions>
      </trkpt>
      <trkpt lat="56.94327148608863353729248046875" lon="-5.85344298742711544036865234375">
        <ele>6.599999904632568359375</ele>
        <time>2025-08-31T14:42:17.000Z</time>
        <extensions>
          <ns3:TrackPointExtension>
            <ns3:hr>80</ns3:hr>
          </ns3:TrackPointExtension>
        </extensions>
      </trkpt>
      <trkpt lat="56.94328255020081996917724609375" lon="-5.85343611426651477813720703125">
        <ele>7.19999980926513671875</ele>
        <time>2025-08-31T14:42:20.000Z</time>
        <extensions>
          <ns3:TrackPointExtension>
            <ns3:hr>80</ns3:hr>
          </ns3:TrackPointExtension>
        </extensions>
      </trkpt>
      <trkpt lat="56.943316161632537841796875" lon="-5.85342320613563060760498046875">
        <ele>7.19999980926513671875</ele>
        <time>2025-08-31T14:42:25.000Z</time>
        <extensions>
          <ns3:TrackPointExtension>
            <ns3:hr>80</ns3:hr>
          </ns3:TrackPointExtension>
        </extensions>
      </trkpt>
      <trkpt lat="56.943333931267261505126953125" lon="-5.8534056879580020904541015625">
        <ele>5.80000019073486328125</ele>
        <time>2025-08-31T14:42:28.000Z</time>
        <extensions>
          <ns3:TrackPointExtension>
            <ns3:hr>80</ns3:hr>
          </ns3:TrackPointExtension>
        </extensions>
      </trkpt>
      <trkpt lat="56.94334289990365505218505859375" lon="-5.8533942885696887969970703125">
        <ele>4.80000019073486328125</ele>
        <time>2025-08-31T14:42:32.000Z</time>
        <extensions>
          <ns3:TrackPointExtension>
            <ns3:hr>79</ns3:hr>
          </ns3:TrackPointExtension>
        </extensions>
      </trkpt>
      <trkpt lat="56.94337785243988037109375" lon="-5.85338297300040721893310546875">
        <ele>4.400000095367431640625</ele>
        <time>2025-08-31T14:42:37.000Z</time>
        <extensions>
          <ns3:TrackPointExtension>
            <ns3:hr>76</ns3:hr>
          </ns3:TrackPointExtension>
        </extensions>
      </trkpt>
      <trkpt lat="56.94339956156909465789794921875" lon="-5.85337861441075801849365234375">
        <ele>4.19999980926513671875</ele>
        <time>2025-08-31T14:42:39.000Z</time>
        <extensions>
          <ns3:TrackPointExtension>
            <ns3:hr>74</ns3:hr>
          </ns3:TrackPointExtension>
        </extensions>
      </trkpt>
      <trkpt lat="56.94342068396508693695068359375" lon="-5.85337827913463115692138671875">
        <ele>4</ele>
        <time>2025-08-31T14:42:41.000Z</time>
        <extensions>
          <ns3:TrackPointExtension>
            <ns3:hr>71</ns3:hr>
          </ns3:TrackPointExtension>
        </extensions>
      </trkpt>
      <trkpt lat="56.94344549439847469329833984375" lon="-5.85336470045149326324462890625">
        <ele>5.19999980926513671875</ele>
        <time>2025-08-31T14:42:49.000Z</time>
        <extensions>
          <ns3:TrackPointExtension>
            <ns3:hr>71</ns3:hr>
          </ns3:TrackPointExtension>
        </extensions>
      </trkpt>
      <trkpt lat="56.94344482384622097015380859375" lon="-5.8533627726137638092041015625">
        <ele>3.7999999523162841796875</ele>
        <time>2025-08-31T14:42:59.000Z</time>
        <extensions>
          <ns3:TrackPointExtension>
            <ns3:hr>70</ns3:hr>
          </ns3:TrackPointExtension>
        </extensions>
      </trkpt>
      <trkpt lat="56.943395622074604034423828125" lon="-5.85337073542177677154541015625">
        <ele>3.599999904632568359375</ele>
        <time>2025-08-31T14:43:04.000Z</time>
        <extensions>
          <ns3:TrackPointExtension>
            <ns3:hr>70</ns3:hr>
          </ns3:TrackPointExtension>
        </extensions>
      </trkpt>
      <trkpt lat="56.943341307342052459716796875" lon="-5.8533872477710247039794921875">
        <ele>5.400000095367431640625</ele>
        <time>2025-08-31T14:43:12.000Z</time>
        <extensions>
          <ns3:TrackPointExtension>
            <ns3:hr>70</ns3:hr>
          </ns3:TrackPointExtension>
        </extensions>
      </trkpt>
      <trkpt lat="56.94333854131400585174560546875" lon="-5.85339210927486419677734375">
        <ele>6.599999904632568359375</ele>
        <time>2025-08-31T14:43:15.000Z</time>
        <extensions>
          <ns3:TrackPointExtension>
            <ns3:hr>70</ns3:hr>
          </ns3:TrackPointExtension>
        </extensions>
      </trkpt>
      <trkpt lat="56.9433201849460601806640625" lon="-5.8534073643386363983154296875">
        <ele>6.19999980926513671875</ele>
        <time>2025-08-31T14:43:19.000Z</time>
        <extensions>
          <ns3:TrackPointExtension>
            <ns3:hr>71</ns3:hr>
          </ns3:TrackPointExtension>
        </extensions>
      </trkpt>
      <trkpt lat="56.94329797290265560150146484375" lon="-5.8534227870404720306396484375">
        <ele>5.80000019073486328125</ele>
        <time>2025-08-31T14:43:22.000Z</time>
        <extensions>
          <ns3:TrackPointExtension>
            <ns3:hr>74</ns3:hr>
          </ns3:TrackPointExtension>
        </extensions>
      </trkpt>
      <trkpt lat="56.94325841031968593597412109375" lon="-5.85345321334898471832275390625">
        <ele>6.400000095367431640625</ele>
        <time>2025-08-31T14:43:27.000Z</time>
        <extensions>
          <ns3:TrackPointExtension>
            <ns3:hr>76</ns3:hr>
          </ns3:TrackPointExtension>
        </extensions>
      </trkpt>
      <trkpt lat="56.94322169758379459381103515625" lon="-5.85348774679005146026611328125">
        <ele>6.400000095367431640625</ele>
        <time>2025-08-31T14:43:33.000Z</time>
        <extensions>
          <ns3:TrackPointExtension>
            <ns3:hr>76</ns3:hr>
          </ns3:TrackPointExtension>
        </extensions>
      </trkpt>
      <trkpt lat="56.9432043470442295074462890625" lon="-5.8533939532935619354248046875">
        <ele>7</ele>
        <time>2025-08-31T14:43:39.000Z</time>
        <extensions>
          <ns3:TrackPointExtension>
            <ns3:hr>78</ns3:hr>
          </ns3:TrackPointExtension>
        </extensions>
      </trkpt>
      <trkpt lat="56.943191103637218475341796875" lon="-5.8532926999032497406005859375">
        <ele>6.599999904632568359375</ele>
        <time>2025-08-31T14:43:46.000Z</time>
        <extensions>
          <ns3:TrackPointExtension>
            <ns3:hr>78</ns3:hr>
          </ns3:TrackPointExtension>
        </extensions>
      </trkpt>
      <trkpt lat="56.9431748427450656890869140625" lon="-5.85325607098639011383056640625">
        <ele>6.80000019073486328125</ele>
        <time>2025-08-31T14:43:52.000Z</time>
        <extensions>
          <ns3:TrackPointExtension>
            <ns3:hr>77</ns3:hr>
          </ns3:TrackPointExtension>
        </extensions>
      </trkpt>
      <trkpt lat="56.94324617274105548858642578125" lon="-5.8532253094017505645751953125">
        <ele>6.400000095367431640625</ele>
        <time>2025-08-31T14:43:58.000Z</time>
        <extensions>
          <ns3:TrackPointExtension>
            <ns3:hr>78</ns3:hr>
          </ns3:TrackPointExtension>
        </extensions>
      </trkpt>
      <trkpt lat="56.943311132490634918212890625" lon="-5.853199996054172515869140625">
        <ele>6</ele>
        <time>2025-08-31T14:44:03.000Z</time>
        <extensions>
          <ns3:TrackPointExtension>
            <ns3:hr>82</ns3:hr>
          </ns3:TrackPointExtension>
        </extensions>
      </trkpt>
      <trkpt lat="56.9433458335697650909423828125" lon="-5.85318348370492458343505859375">
        <ele>6.19999980926513671875</ele>
        <time>2025-08-31T14:44:06.000Z</time>
        <extensions>
          <ns3:TrackPointExtension>
            <ns3:hr>86</ns3:hr>
          </ns3:TrackPointExtension>
        </extensions>
      </trkpt>
      <trkpt lat="56.9433884136378765106201171875" lon="-5.8531689830124378204345703125">
        <ele>5.400000095367431640625</ele>
        <time>2025-08-31T14:44:10.000Z</time>
        <extensions>
          <ns3:TrackPointExtension>
            <ns3:hr>84</ns3:hr>
          </ns3:TrackPointExtension>
        </extensions>
      </trkpt>
      <trkpt lat="56.9433994777500629425048828125" lon="-5.85316470824182033538818359375">
        <ele>5.19999980926513671875</ele>
        <time>2025-08-31T14:44:11.000Z</time>
        <extensions>
          <ns3:TrackPointExtension>
            <ns3:hr>83</ns3:hr>
          </ns3:TrackPointExtension>
        </extensions>
      </trkpt>
      <trkpt lat="56.94346326403319835662841796875" lon="-5.85313822142779827117919921875">
        <ele>5.400000095367431640625</ele>
        <time>2025-08-31T14:44:17.000Z</time>
        <extensions>
          <ns3:TrackPointExtension>
            <ns3:hr>80</ns3:hr>
          </ns3:TrackPointExtension>
        </extensions>
      </trkpt>
      <trkpt lat="56.9435044191777706146240234375" lon="-5.8531391434371471405029296875">
        <ele>4.80000019073486328125</ele>
        <time>2025-08-31T14:44:21.000Z</time>
        <extensions>
          <ns3:TrackPointExtension>
            <ns3:hr>77</ns3:hr>
          </ns3:TrackPointExtension>
        </extensions>
      </trkpt>
      <trkpt lat="56.943511962890625" lon="-5.853137969970703125">
        <ele>5.19999980926513671875</ele>
        <time>2025-08-31T14:44:22.000Z</time>
        <extensions>
          <ns3:TrackPointExtension>
            <ns3:hr>77</ns3:hr>
          </ns3:TrackPointExtension>
        </extensions>
      </trkpt>
      <trkpt lat="56.943614222109317779541015625" lon="-5.85309698246419429779052734375">
        <ele>5.80000019073486328125</ele>
        <time>2025-08-31T14:44:32.000Z</time>
        <extensions>
          <ns3:TrackPointExtension>
            <ns3:hr>78</ns3:hr>
          </ns3:TrackPointExtension>
        </extensions>
      </trkpt>
      <trkpt lat="56.94371941499412059783935546875" lon="-5.85307267494499683380126953125">
        <ele>5.19999980926513671875</ele>
        <time>2025-08-31T14:44:43.000Z</time>
        <extensions>
          <ns3:TrackPointExtension>
            <ns3:hr>77</ns3:hr>
          </ns3:TrackPointExtension>
        </extensions>
      </trkpt>
      <trkpt lat="56.9437273778021335601806640625" lon="-5.8530910313129425048828125">
        <ele>6.19999980926513671875</ele>
        <time>2025-08-31T14:44:49.000Z</time>
        <extensions>
          <ns3:TrackPointExtension>
            <ns3:hr>76</ns3:hr>
          </ns3:TrackPointExtension>
        </extensions>
      </trkpt>
      <trkpt lat="56.94372796453535556793212890625" lon="-5.8530910313129425048828125">
        <ele>6.599999904632568359375</ele>
        <time>2025-08-31T14:44:55.000Z</time>
        <extensions>
          <ns3:TrackPointExtension>
            <ns3:hr>76</ns3:hr>
          </ns3:TrackPointExtension>
        </extensions>
      </trkpt>
      <trkpt lat="56.94374606944620609283447265625" lon="-5.853076279163360595703125">
        <ele>7</ele>
        <time>2025-08-31T14:44:57.000Z</time>
        <extensions>
          <ns3:TrackPointExtension>
            <ns3:hr>76</ns3:hr>
          </ns3:TrackPointExtension>
        </extensions>
      </trkpt>
      <trkpt lat="56.94381161592900753021240234375" lon="-5.853057168424129486083984375">
        <ele>5.599999904632568359375</ele>
        <time>2025-08-31T14:45:03.000Z</time>
        <extensions>
          <ns3:TrackPointExtension>
            <ns3:hr>75</ns3:hr>
          </ns3:TrackPointExtension>
        </extensions>
      </trkpt>
      <trkpt lat="56.9438370130956172943115234375" lon="-5.85304970853030681610107421875">
        <ele>5.19999980926513671875</ele>
        <time>2025-08-31T14:45:05.000Z</time>
        <extensions>
          <ns3:TrackPointExtension>
            <ns3:hr>76</ns3:hr>
          </ns3:TrackPointExtension>
        </extensions>
      </trkpt>
      <trkpt lat="56.943952180445194244384765625" lon="-5.85304384119808673858642578125">
        <ele>5.599999904632568359375</ele>
        <time>2025-08-31T14:45:15.000Z</time>
        <extensions>
          <ns3:TrackPointExtension>
            <ns3:hr>75</ns3:hr>
          </ns3:TrackPointExtension>
        </extensions>
      </trkpt>
      <trkpt lat="56.94398109801113605499267578125" lon="-5.85304032079875469207763671875">
        <ele>6.19999980926513671875</ele>
        <time>2025-08-31T14:45:21.000Z</time>
        <extensions>
          <ns3:TrackPointExtension>
            <ns3:hr>75</ns3:hr>
          </ns3:TrackPointExtension>
        </extensions>
      </trkpt>
      <trkpt lat="56.9439835287630558013916015625" lon="-5.85305155254900455474853515625">
        <ele>6</ele>
        <time>2025-08-31T14:45:22.000Z</time>
        <extensions>
          <ns3:TrackPointExtension>
            <ns3:hr>75</ns3:hr>
          </ns3:TrackPointExtension>
        </extensions>
      </trkpt>
      <trkpt lat="56.94398512132465839385986328125" lon="-5.85309849120676517486572265625">
        <ele>4</ele>
        <time>2025-08-31T14:45:26.000Z</time>
        <extensions>
          <ns3:TrackPointExtension>
            <ns3:hr>75</ns3:hr>
          </ns3:TrackPointExtension>
        </extensions>
      </trkpt>
      <trkpt lat="56.943992413580417633056640625" lon="-5.8531317673623561859130859375">
        <ele>3.400000095367431640625</ele>
        <time>2025-08-31T14:45:28.000Z</time>
        <extensions>
          <ns3:TrackPointExtension>
            <ns3:hr>75</ns3:hr>
          </ns3:TrackPointExtension>
        </extensions>
      </trkpt>
      <trkpt lat="56.9439925812184810638427734375" lon="-5.85314375348389148712158203125">
        <ele>3</ele>
        <time>2025-08-31T14:45:29.000Z</time>
        <extensions>
          <ns3:TrackPointExtension>
            <ns3:hr>74</ns3:hr>
          </ns3:TrackPointExtension>
        </extensions>
      </trkpt>
      <trkpt lat="56.94401085376739501953125" lon="-5.853222794830799102783203125">
        <ele>2</ele>
        <time>2025-08-31T14:45:34.000Z</time>
        <extensions>
          <ns3:TrackPointExtension>
            <ns3:hr>75</ns3:hr>
          </ns3:TrackPointExtension>
        </extensions>
      </trkpt>
      <trkpt lat="56.944018900394439697265625" lon="-5.85323654115200042724609375">
        <ele>2</ele>
        <time>2025-08-31T14:45:35.000Z</time>
        <extensions>
          <ns3:TrackPointExtension>
            <ns3:hr>75</ns3:hr>
          </ns3:TrackPointExtension>
        </extensions>
      </trkpt>
      <trkpt lat="56.94410179741680622100830078125" lon="-5.85326948203146457672119140625">
        <ele>2.599999904632568359375</ele>
        <time>2025-08-31T14:45:43.000Z</time>
        <extensions>
          <ns3:TrackPointExtension>
            <ns3:hr>75</ns3:hr>
          </ns3:TrackPointExtension>
        </extensions>
      </trkpt>
      <trkpt lat="56.9441877119243144989013671875" lon="-5.85331499576568603515625">
        <ele>2.599999904632568359375</ele>
        <time>2025-08-31T14:45:52.000Z</time>
        <extensions>
          <ns3:TrackPointExtension>
            <ns3:hr>77</ns3:hr>
          </ns3:TrackPointExtension>
        </extensions>
      </trkpt>
      <trkpt lat="56.9443043880164623260498046875" lon="-5.853349864482879638671875">
        <ele>2</ele>
        <time>2025-08-31T14:46:03.000Z</time>
        <extensions>
          <ns3:TrackPointExtension>
            <ns3:hr>77</ns3:hr>
          </ns3:TrackPointExtension>
        </extensions>
      </trkpt>
      <trkpt lat="56.9444116763770580291748046875" lon="-5.85339420475065708160400390625">
        <ele>2</ele>
        <time>2025-08-31T14:46:13.000Z</time>
        <extensions>
          <ns3:TrackPointExtension>
            <ns3:hr>77</ns3:hr>
          </ns3:TrackPointExtension>
        </extensions>
      </trkpt>
      <trkpt lat="56.9445296935737133026123046875" lon="-5.85344684310257434844970703125">
        <ele>2.2000000476837158203125</ele>
        <time>2025-08-31T14:46:24.000Z</time>
        <extensions>
          <ns3:TrackPointExtension>
            <ns3:hr>76</ns3:hr>
          </ns3:TrackPointExtension>
        </extensions>
      </trkpt>
      <trkpt lat="56.9445773027837276458740234375" lon="-5.8534764312207698822021484375">
        <ele>2.599999904632568359375</ele>
        <time>2025-08-31T14:46:32.000Z</time>
        <extensions>
          <ns3:TrackPointExtension>
            <ns3:hr>79</ns3:hr>
          </ns3:TrackPointExtension>
        </extensions>
      </trkpt>
      <trkpt lat="56.94458845071494579315185546875" lon="-5.85348238237202167510986328125">
        <ele>2.599999904632568359375</ele>
        <time>2025-08-31T14:46:33.000Z</time>
        <extensions>
          <ns3:TrackPointExtension>
            <ns3:hr>79</ns3:hr>
          </ns3:TrackPointExtension>
        </extensions>
      </trkpt>
      <trkpt lat="56.9446882791817188262939453125" lon="-5.8535481803119182586669921875">
        <ele>2.7999999523162841796875</ele>
        <time>2025-08-31T14:46:43.000Z</time>
        <extensions>
          <ns3:TrackPointExtension>
            <ns3:hr>82</ns3:hr>
          </ns3:TrackPointExtension>
        </extensions>
      </trkpt>
      <trkpt lat="56.94470060057938098907470703125" lon="-5.85355195216834545135498046875">
        <ele>2.599999904632568359375</ele>
        <time>2025-08-31T14:46:44.000Z</time>
        <extensions>
          <ns3:TrackPointExtension>
            <ns3:hr>83</ns3:hr>
          </ns3:TrackPointExtension>
        </extensions>
      </trkpt>
      <trkpt lat="56.94477402605116367340087890625" lon="-5.8535877428948879241943359375">
        <ele>1.7999999523162841796875</ele>
        <time>2025-08-31T14:46:51.000Z</time>
        <extensions>
          <ns3:TrackPointExtension>
            <ns3:hr>80</ns3:hr>
          </ns3:TrackPointExtension>
        </extensions>
      </trkpt>
      <trkpt lat="56.94480621255934238433837890625" lon="-5.85360911674797534942626953125">
        <ele>1.7999999523162841796875</ele>
        <time>2025-08-31T14:46:54.000Z</time>
        <extensions>
          <ns3:TrackPointExtension>
            <ns3:hr>78</ns3:hr>
          </ns3:TrackPointExtension>
        </extensions>
      </trkpt>
      <trkpt lat="56.94491811096668243408203125" lon="-5.85370458662509918212890625">
        <ele>3</ele>
        <time>2025-08-31T14:47:05.000Z</time>
        <extensions>
          <ns3:TrackPointExtension>
            <ns3:hr>77</ns3:hr>
          </ns3:TrackPointExtension>
        </extensions>
      </trkpt>
      <trkpt lat="56.94493018090724945068359375" lon="-5.85371405817568302154541015625">
        <ele>3.2000000476837158203125</ele>
        <time>2025-08-31T14:47:06.000Z</time>
        <extensions>
          <ns3:TrackPointExtension>
            <ns3:hr>77</ns3:hr>
          </ns3:TrackPointExtension>
        </extensions>
      </trkpt>
      <trkpt lat="56.94503118284046649932861328125" lon="-5.8538378588855266571044921875">
        <ele>2</ele>
        <time>2025-08-31T14:47:17.000Z</time>
        <extensions>
          <ns3:TrackPointExtension>
            <ns3:hr>79</ns3:hr>
          </ns3:TrackPointExtension>
        </extensions>
      </trkpt>
      <trkpt lat="56.94504023529589176177978515625" lon="-5.85384900681674480438232421875">
        <ele>2</ele>
        <time>2025-08-31T14:47:18.000Z</time>
        <extensions>
          <ns3:TrackPointExtension>
            <ns3:hr>79</ns3:hr>
          </ns3:TrackPointExtension>
        </extensions>
      </trkpt>
      <trkpt lat="56.94513092748820781707763671875" lon="-5.8540229313075542449951171875">
        <ele>2.400000095367431640625</ele>
        <time>2025-08-31T14:47:30.000Z</time>
        <extensions>
          <ns3:TrackPointExtension>
            <ns3:hr>80</ns3:hr>
          </ns3:TrackPointExtension>
        </extensions>
      </trkpt>
      <trkpt lat="56.9452066160738468170166015625" lon="-5.85418629460036754608154296875">
        <ele>3</ele>
        <time>2025-08-31T14:47:40.000Z</time>
        <extensions>
          <ns3:TrackPointExtension>
            <ns3:hr>79</ns3:hr>
          </ns3:TrackPointExtension>
        </extensions>
      </trkpt>
      <trkpt lat="56.94522245787084102630615234375" lon="-5.85422015748918056488037109375">
        <ele>3.2000000476837158203125</ele>
        <time>2025-08-31T14:47:42.000Z</time>
        <extensions>
          <ns3:TrackPointExtension>
            <ns3:hr>80</ns3:hr>
          </ns3:TrackPointExtension>
        </extensions>
      </trkpt>
      <trkpt lat="56.9452394731342792510986328125" lon="-5.8542750589549541473388671875">
        <ele>4.599999904632568359375</ele>
        <time>2025-08-31T14:47:45.000Z</time>
        <extensions>
          <ns3:TrackPointExtension>
            <ns3:hr>80</ns3:hr>
          </ns3:TrackPointExtension>
        </extensions>
      </trkpt>
      <trkpt lat="56.94526017643511295318603515625" lon="-5.85434420965611934661865234375">
        <ele>6.400000095367431640625</ele>
        <time>2025-08-31T14:47:49.000Z</time>
        <extensions>
          <ns3:TrackPointExtension>
            <ns3:hr>79</ns3:hr>
          </ns3:TrackPointExtension>
        </extensions>
      </trkpt>
      <trkpt lat="56.945263110101222991943359375" lon="-5.85436264984309673309326171875">
        <ele>4.400000095367431640625</ele>
        <time>2025-08-31T14:47:50.000Z</time>
        <extensions>
          <ns3:TrackPointExtension>
            <ns3:hr>80</ns3:hr>
          </ns3:TrackPointExtension>
        </extensions>
      </trkpt>
      <trkpt lat="56.94526604376733303070068359375" lon="-5.85438259877264499664306640625">
        <ele>2.599999904632568359375</ele>
        <time>2025-08-31T14:47:51.000Z</time>
        <extensions>
          <ns3:TrackPointExtension>
            <ns3:hr>80</ns3:hr>
          </ns3:TrackPointExtension>
        </extensions>
      </trkpt>
      <trkpt lat="56.94529135711491107940673828125" lon="-5.8545701019465923309326171875">
        <ele>3.7999999523162841796875</ele>
        <time>2025-08-31T14:48:00.000Z</time>
        <extensions>
          <ns3:TrackPointExtension>
            <ns3:hr>79</ns3:hr>
          </ns3:TrackPointExtension>
        </extensions>
      </trkpt>
      <trkpt lat="56.945291943848133087158203125" lon="-5.85457756184041500091552734375">
        <ele>4</ele>
        <time>2025-08-31T14:48:01.000Z</time>
        <extensions>
          <ns3:TrackPointExtension>
            <ns3:hr>80</ns3:hr>
          </ns3:TrackPointExtension>
        </extensions>
      </trkpt>
      <trkpt lat="56.9453025050461292266845703125" lon="-5.85471502505242824554443359375">
        <ele>3.400000095367431640625</ele>
        <time>2025-08-31T14:48:08.000Z</time>
        <extensions>
          <ns3:TrackPointExtension>
            <ns3:hr>80</ns3:hr>
          </ns3:TrackPointExtension>
        </extensions>
      </trkpt>
      <trkpt lat="56.94530677981674671173095703125" lon="-5.85475525818765163421630859375">
        <ele>2.599999904632568359375</ele>
        <time>2025-08-31T14:48:10.000Z</time>
        <extensions>
          <ns3:TrackPointExtension>
            <ns3:hr>80</ns3:hr>
          </ns3:TrackPointExtension>
        </extensions>
      </trkpt>
      <trkpt lat="56.94533544592559337615966796875" lon="-5.854903869330883026123046875">
        <ele>2.599999904632568359375</ele>
        <time>2025-08-31T14:48:17.000Z</time>
        <extensions>
          <ns3:TrackPointExtension>
            <ns3:hr>82</ns3:hr>
          </ns3:TrackPointExtension>
        </extensions>
      </trkpt>
      <trkpt lat="56.9453571550548076629638671875" lon="-5.8549727685749530792236328125">
        <ele>3.7999999523162841796875</ele>
        <time>2025-08-31T14:48:22.000Z</time>
        <extensions>
          <ns3:TrackPointExtension>
            <ns3:hr>81</ns3:hr>
          </ns3:TrackPointExtension>
        </extensions>
      </trkpt>
      <trkpt lat="56.94537433795630931854248046875" lon="-5.85501593537628650665283203125">
        <ele>4.400000095367431640625</ele>
        <time>2025-08-31T14:48:25.000Z</time>
        <extensions>
          <ns3:TrackPointExtension>
            <ns3:hr>81</ns3:hr>
          </ns3:TrackPointExtension>
        </extensions>
      </trkpt>
      <trkpt lat="56.94541557691991329193115234375" lon="-5.85511199198663234710693359375">
        <ele>4.19999980926513671875</ele>
        <time>2025-08-31T14:48:32.000Z</time>
        <extensions>
          <ns3:TrackPointExtension>
            <ns3:hr>84</ns3:hr>
          </ns3:TrackPointExtension>
        </extensions>
      </trkpt>
      <trkpt lat="56.94542110897600650787353515625" lon="-5.85514493286609649658203125">
        <ele>3.2000000476837158203125</ele>
        <time>2025-08-31T14:48:39.000Z</time>
        <extensions>
          <ns3:TrackPointExtension>
            <ns3:hr>86</ns3:hr>
          </ns3:TrackPointExtension>
        </extensions>
      </trkpt>
      <trkpt lat="56.94542144425213336944580078125" lon="-5.85514384321868419647216796875">
        <ele>5.19999980926513671875</ele>
        <time>2025-08-31T14:48:40.000Z</time>
        <extensions>
          <ns3:TrackPointExtension>
            <ns3:hr>85</ns3:hr>
          </ns3:TrackPointExtension>
        </extensions>
      </trkpt>
      <trkpt lat="56.945424713194370269775390625" lon="-5.8551467768847942352294921875">
        <ele>6.400000095367431640625</ele>
        <time>2025-08-31T14:48:50.000Z</time>
        <extensions>
          <ns3:TrackPointExtension>
            <ns3:hr>84</ns3:hr>
          </ns3:TrackPointExtension>
        </extensions>
      </trkpt>
      <trkpt lat="56.94542496465146541595458984375" lon="-5.85514669306576251983642578125">
        <ele>6.400000095367431640625</ele>
        <time>2025-08-31T14:48:51.000Z</time>
        <extensions>
          <ns3:TrackPointExtension>
            <ns3:hr>83</ns3:hr>
          </ns3:TrackPointExtension>
        </extensions>
      </trkpt>
      <trkpt lat="56.94542194716632366180419921875" lon="-5.85514619015157222747802734375">
        <ele>6.400000095367431640625</ele>
        <time>2025-08-31T14:48:58.000Z</time>
        <extensions>
          <ns3:TrackPointExtension>
            <ns3:hr>80</ns3:hr>
          </ns3:TrackPointExtension>
        </extensions>
      </trkpt>
      <trkpt lat="56.94542194716632366180419921875" lon="-5.85514619015157222747802734375">
        <ele>5</ele>
        <time>2025-08-31T14:49:01.000Z</time>
        <extensions>
          <ns3:TrackPointExtension>
            <ns3:hr>78</ns3:hr>
          </ns3:TrackPointExtension>
        </extensions>
      </trkpt>
      <trkpt lat="56.9454228691756725311279296875" lon="-5.85514769889414310455322265625">
        <ele>4.80000019073486328125</ele>
        <time>2025-08-31T14:49:04.000Z</time>
        <extensions>
          <ns3:TrackPointExtension>
            <ns3:hr>77</ns3:hr>
          </ns3:TrackPointExtension>
        </extensions>
      </trkpt>
      <trkpt lat="56.94545832462608814239501953125" lon="-5.855286754667758941650390625">
        <ele>3.599999904632568359375</ele>
        <time>2025-08-31T14:49:13.000Z</time>
        <extensions>
          <ns3:TrackPointExtension>
            <ns3:hr>77</ns3:hr>
          </ns3:TrackPointExtension>
        </extensions>
      </trkpt>
      <trkpt lat="56.9454748369753360748291015625" lon="-5.85535925813019275665283203125">
        <ele>4.19999980926513671875</ele>
        <time>2025-08-31T14:49:18.000Z</time>
        <extensions>
          <ns3:TrackPointExtension>
            <ns3:hr>78</ns3:hr>
          </ns3:TrackPointExtension>
        </extensions>
      </trkpt>
      <trkpt lat="56.94548808038234710693359375" lon="-5.85549630224704742431640625">
        <ele>4.599999904632568359375</ele>
        <time>2025-08-31T14:49:26.000Z</time>
        <extensions>
          <ns3:TrackPointExtension>
            <ns3:hr>78</ns3:hr>
          </ns3:TrackPointExtension>
        </extensions>
      </trkpt>
      <trkpt lat="56.94550341926515102386474609375" lon="-5.855603255331516265869140625">
        <ele>4.80000019073486328125</ele>
        <time>2025-08-31T14:49:32.000Z</time>
        <extensions>
          <ns3:TrackPointExtension>
            <ns3:hr>78</ns3:hr>
          </ns3:TrackPointExtension>
        </extensions>
      </trkpt>
      <trkpt lat="56.945519931614398956298828125" lon="-5.8556882478296756744384765625">
        <ele>5.19999980926513671875</ele>
        <time>2025-08-31T14:49:37.000Z</time>
        <extensions>
          <ns3:TrackPointExtension>
            <ns3:hr>76</ns3:hr>
          </ns3:TrackPointExtension>
        </extensions>
      </trkpt>
      <trkpt lat="56.94552236236631870269775390625" lon="-5.8557063527405261993408203125">
        <ele>3.2000000476837158203125</ele>
        <time>2025-08-31T14:49:38.000Z</time>
        <extensions>
          <ns3:TrackPointExtension>
            <ns3:hr>76</ns3:hr>
          </ns3:TrackPointExtension>
        </extensions>
      </trkpt>
      <trkpt lat="56.945549435913562774658203125" lon="-5.85584272630512714385986328125">
        <ele>3</ele>
        <time>2025-08-31T14:49:46.000Z</time>
        <extensions>
          <ns3:TrackPointExtension>
            <ns3:hr>77</ns3:hr>
          </ns3:TrackPointExtension>
        </extensions>
      </trkpt>
      <trkpt lat="56.94559193216264247894287109375" lon="-5.8559903316199779510498046875">
        <ele>2</ele>
        <time>2025-08-31T14:49:55.000Z</time>
        <extensions>
          <ns3:TrackPointExtension>
            <ns3:hr>75</ns3:hr>
          </ns3:TrackPointExtension>
        </extensions>
      </trkpt>
      <trkpt lat="56.9455972127616405487060546875" lon="-5.85600617341697216033935546875">
        <ele>1.7999999523162841796875</ele>
        <time>2025-08-31T14:49:56.000Z</time>
        <extensions>
          <ns3:TrackPointExtension>
            <ns3:hr>75</ns3:hr>
          </ns3:TrackPointExtension>
        </extensions>
      </trkpt>
      <trkpt lat="56.94566971622407436370849609375" lon="-5.8561978675425052642822265625">
        <ele>1.60000002384185791015625</ele>
        <time>2025-08-31T14:50:07.000Z</time>
        <extensions>
          <ns3:TrackPointExtension>
            <ns3:hr>74</ns3:hr>
          </ns3:TrackPointExtension>
        </extensions>
      </trkpt>
      <trkpt lat="56.9457299821078777313232421875" lon="-5.856440104544162750244140625">
        <ele>1.7999999523162841796875</ele>
        <time>2025-08-31T14:50:20.000Z</time>
        <extensions>
          <ns3:TrackPointExtension>
            <ns3:hr>75</ns3:hr>
          </ns3:TrackPointExtension>
        </extensions>
      </trkpt>
      <trkpt lat="56.94577398709952831268310546875" lon="-5.85663900710642337799072265625">
        <ele>2.400000095367431640625</ele>
        <time>2025-08-31T14:50:31.000Z</time>
        <extensions>
          <ns3:TrackPointExtension>
            <ns3:hr>75</ns3:hr>
          </ns3:TrackPointExtension>
        </extensions>
      </trkpt>
      <trkpt lat="56.945788823068141937255859375" lon="-5.85672936402261257171630859375">
        <ele>3</ele>
        <time>2025-08-31T14:50:36.000Z</time>
        <extensions>
          <ns3:TrackPointExtension>
            <ns3:hr>74</ns3:hr>
          </ns3:TrackPointExtension>
        </extensions>
      </trkpt>
      <trkpt lat="56.9458067603409290313720703125" lon="-5.8567939884960651397705078125">
        <ele>3.2000000476837158203125</ele>
        <time>2025-08-31T14:50:40.000Z</time>
        <extensions>
          <ns3:TrackPointExtension>
            <ns3:hr>74</ns3:hr>
          </ns3:TrackPointExtension>
        </extensions>
      </trkpt>
      <trkpt lat="56.94585076533257961273193359375" lon="-5.8569006063044071197509765625">
        <ele>3.7999999523162841796875</ele>
        <time>2025-08-31T14:50:49.000Z</time>
        <extensions>
          <ns3:TrackPointExtension>
            <ns3:hr>74</ns3:hr>
          </ns3:TrackPointExtension>
        </extensions>
      </trkpt>
      <trkpt lat="56.94587037898600101470947265625" lon="-5.85703295655548572540283203125">
        <ele>2</ele>
        <time>2025-08-31T14:50:57.000Z</time>
        <extensions>
          <ns3:TrackPointExtension>
            <ns3:hr>74</ns3:hr>
          </ns3:TrackPointExtension>
        </extensions>
      </trkpt>
      <trkpt lat="56.94587104953825473785400390625" lon="-5.85705257020890712738037109375">
        <ele>2</ele>
        <time>2025-08-31T14:50:58.000Z</time>
        <extensions>
          <ns3:TrackPointExtension>
            <ns3:hr>74</ns3:hr>
          </ns3:TrackPointExtension>
        </extensions>
      </trkpt>
      <trkpt lat="56.94586702622473239898681640625" lon="-5.85720964707434177398681640625">
        <ele>1.7999999523162841796875</ele>
        <time>2025-08-31T14:51:06.000Z</time>
        <extensions>
          <ns3:TrackPointExtension>
            <ns3:hr>75</ns3:hr>
          </ns3:TrackPointExtension>
        </extensions>
      </trkpt>
      <trkpt lat="56.945870630443096160888671875" lon="-5.857314169406890869140625">
        <ele>3.2000000476837158203125</ele>
        <time>2025-08-31T14:51:11.000Z</time>
        <extensions>
          <ns3:TrackPointExtension>
            <ns3:hr>74</ns3:hr>
          </ns3:TrackPointExtension>
        </extensions>
      </trkpt>
      <trkpt lat="56.94587172009050846099853515625" lon="-5.8573780395090579986572265625">
        <ele>2.7999999523162841796875</ele>
        <time>2025-08-31T14:51:14.000Z</time>
        <extensions>
          <ns3:TrackPointExtension>
            <ns3:hr>71</ns3:hr>
          </ns3:TrackPointExtension>
        </extensions>
      </trkpt>
      <trkpt lat="56.94587767124176025390625" lon="-5.8574383892118930816650390625">
        <ele>2</ele>
        <time>2025-08-31T14:51:17.000Z</time>
        <extensions>
          <ns3:TrackPointExtension>
            <ns3:hr>73</ns3:hr>
          </ns3:TrackPointExtension>
        </extensions>
      </trkpt>
      <trkpt lat="56.9459060020744800567626953125" lon="-5.8576549775898456573486328125">
        <ele>1</ele>
        <time>2025-08-31T14:51:28.000Z</time>
        <extensions>
          <ns3:TrackPointExtension>
            <ns3:hr>74</ns3:hr>
          </ns3:TrackPointExtension>
        </extensions>
      </trkpt>
      <trkpt lat="56.9459111988544464111328125" lon="-5.85769160650670528411865234375">
        <ele>1</ele>
        <time>2025-08-31T14:51:30.000Z</time>
        <extensions>
          <ns3:TrackPointExtension>
            <ns3:hr>74</ns3:hr>
          </ns3:TrackPointExtension>
        </extensions>
      </trkpt>
      <trkpt lat="56.9459190778434276580810546875" lon="-5.85776318795979022979736328125">
        <ele>1.2000000476837158203125</ele>
        <time>2025-08-31T14:51:34.000Z</time>
        <extensions>
          <ns3:TrackPointExtension>
            <ns3:hr>71</ns3:hr>
          </ns3:TrackPointExtension>
        </extensions>
      </trkpt>
      <trkpt lat="56.945925615727901458740234375" lon="-5.85792814381420612335205078125">
        <ele>1.7999999523162841796875</ele>
        <time>2025-08-31T14:51:42.000Z</time>
        <extensions>
          <ns3:TrackPointExtension>
            <ns3:hr>70</ns3:hr>
          </ns3:TrackPointExtension>
        </extensions>
      </trkpt>
      <trkpt lat="56.94592662155628204345703125" lon="-5.8579463325440883636474609375">
        <ele>2.2000000476837158203125</ele>
        <time>2025-08-31T14:51:43.000Z</time>
        <extensions>
          <ns3:TrackPointExtension>
            <ns3:hr>71</ns3:hr>
          </ns3:TrackPointExtension>
        </extensions>
      </trkpt>
      <trkpt lat="56.94593911059200763702392578125" lon="-5.85810600779950618743896484375">
        <ele>1.2000000476837158203125</ele>
        <time>2025-08-31T14:51:51.000Z</time>
        <extensions>
          <ns3:TrackPointExtension>
            <ns3:hr>71</ns3:hr>
          </ns3:TrackPointExtension>
        </extensions>
      </trkpt>
      <trkpt lat="56.94594003260135650634765625" lon="-5.85815914906561374664306640625">
        <ele>1</ele>
        <time>2025-08-31T14:51:54.000Z</time>
        <extensions>
          <ns3:TrackPointExtension>
            <ns3:hr>71</ns3:hr>
          </ns3:TrackPointExtension>
        </extensions>
      </trkpt>
      <trkpt lat="56.9459452293813228607177734375" lon="-5.858310945332050323486328125">
        <ele>1.7999999523162841796875</ele>
        <time>2025-08-31T14:52:04.000Z</time>
        <extensions>
          <ns3:TrackPointExtension>
            <ns3:hr>70</ns3:hr>
          </ns3:TrackPointExtension>
        </extensions>
      </trkpt>
      <trkpt lat="56.945950090885162353515625" lon="-5.858309268951416015625">
        <ele>1.2000000476837158203125</ele>
        <time>2025-08-31T14:52:12.000Z</time>
        <extensions>
          <ns3:TrackPointExtension>
            <ns3:hr>70</ns3:hr>
          </ns3:TrackPointExtension>
        </extensions>
      </trkpt>
      <trkpt lat="56.94595201872289180755615234375" lon="-5.85830415599048137664794921875">
        <ele>1</ele>
        <time>2025-08-31T14:52:24.000Z</time>
        <extensions>
          <ns3:TrackPointExtension>
            <ns3:hr>71</ns3:hr>
          </ns3:TrackPointExtension>
        </extensions>
      </trkpt>
      <trkpt lat="56.94596509449183940887451171875" lon="-5.85838143713772296905517578125">
        <ele>1</ele>
        <time>2025-08-31T14:52:30.000Z</time>
        <extensions>
          <ns3:TrackPointExtension>
            <ns3:hr>72</ns3:hr>
          </ns3:TrackPointExtension>
        </extensions>
      </trkpt>
      <trkpt lat="56.94596459157764911651611328125" lon="-5.8583788387477397918701171875">
        <ele>1.2000000476837158203125</ele>
        <time>2025-08-31T14:52:37.000Z</time>
        <extensions>
          <ns3:TrackPointExtension>
            <ns3:hr>72</ns3:hr>
          </ns3:TrackPointExtension>
        </extensions>
      </trkpt>
      <trkpt lat="56.9459646753966808319091796875" lon="-5.85843860171735286712646484375">
        <ele>1</ele>
        <time>2025-08-31T14:52:42.000Z</time>
        <extensions>
          <ns3:TrackPointExtension>
            <ns3:hr>75</ns3:hr>
          </ns3:TrackPointExtension>
        </extensions>
      </trkpt>
      <trkpt lat="56.945961825549602508544921875" lon="-5.8584696985781192779541015625">
        <ele>1</ele>
        <time>2025-08-31T14:52:44.000Z</time>
        <extensions>
          <ns3:TrackPointExtension>
            <ns3:hr>78</ns3:hr>
          </ns3:TrackPointExtension>
        </extensions>
      </trkpt>
      <trkpt lat="56.9459616579115390777587890625" lon="-5.858531557023525238037109375">
        <ele>1.60000002384185791015625</ele>
        <time>2025-08-31T14:52:49.000Z</time>
        <extensions>
          <ns3:TrackPointExtension>
            <ns3:hr>77</ns3:hr>
          </ns3:TrackPointExtension>
        </extensions>
      </trkpt>
      <trkpt lat="56.94598034955561161041259765625" lon="-5.85862317122519016265869140625">
        <ele>0.800000011920928955078125</ele>
        <time>2025-08-31T14:52:57.000Z</time>
        <extensions>
          <ns3:TrackPointExtension>
            <ns3:hr>77</ns3:hr>
          </ns3:TrackPointExtension>
        </extensions>
      </trkpt>
      <trkpt lat="56.9459844566881656646728515625" lon="-5.85863205604255199432373046875">
        <ele>0</ele>
        <time>2025-08-31T14:53:00.000Z</time>
        <extensions>
          <ns3:TrackPointExtension>
            <ns3:hr>78</ns3:hr>
          </ns3:TrackPointExtension>
        </extensions>
      </trkpt>
      <trkpt lat="56.9459834508597850799560546875" lon="-5.85865083150565624237060546875">
        <ele>0.60000002384185791015625</ele>
        <time>2025-08-31T14:53:03.000Z</time>
        <extensions>
          <ns3:TrackPointExtension>
            <ns3:hr>79</ns3:hr>
          </ns3:TrackPointExtension>
        </extensions>
      </trkpt>
      <trkpt lat="56.945984624326229095458984375" lon="-5.8586641587316989898681640625">
        <ele>2.2000000476837158203125</ele>
        <time>2025-08-31T14:53:04.000Z</time>
        <extensions>
          <ns3:TrackPointExtension>
            <ns3:hr>79</ns3:hr>
          </ns3:TrackPointExtension>
        </extensions>
      </trkpt>
      <trkpt lat="56.94598588161170482635498046875" lon="-5.8586727082729339599609375">
        <ele>3.7999999523162841796875</ele>
        <time>2025-08-31T14:53:05.000Z</time>
        <extensions>
          <ns3:TrackPointExtension>
            <ns3:hr>79</ns3:hr>
          </ns3:TrackPointExtension>
        </extensions>
      </trkpt>
      <trkpt lat="56.94599007256329059600830078125" lon="-5.85867195390164852142333984375">
        <ele>5</ele>
        <time>2025-08-31T14:53:06.000Z</time>
        <extensions>
          <ns3:TrackPointExtension>
            <ns3:hr>79</ns3:hr>
          </ns3:TrackPointExtension>
        </extensions>
      </trkpt>
      <trkpt lat="56.94599233567714691162109375" lon="-5.8586725406348705291748046875">
        <ele>6.400000095367431640625</ele>
        <time>2025-08-31T14:53:09.000Z</time>
        <extensions>
          <ns3:TrackPointExtension>
            <ns3:hr>79</ns3:hr>
          </ns3:TrackPointExtension>
        </extensions>
      </trkpt>
      <trkpt lat="56.946026869118213653564453125" lon="-5.858654268085956573486328125">
        <ele>5.400000095367431640625</ele>
        <time>2025-08-31T14:53:17.000Z</time>
        <extensions>
          <ns3:TrackPointExtension>
            <ns3:hr>79</ns3:hr>
          </ns3:TrackPointExtension>
        </extensions>
      </trkpt>
      <trkpt lat="56.94603265263140201568603515625" lon="-5.8586252667009830474853515625">
        <ele>5.599999904632568359375</ele>
        <time>2025-08-31T14:53:20.000Z</time>
        <extensions>
          <ns3:TrackPointExtension>
            <ns3:hr>76</ns3:hr>
          </ns3:TrackPointExtension>
        </extensions>
      </trkpt>
      <trkpt lat="56.946057379245758056640625" lon="-5.8585826866328716278076171875">
        <ele>6.599999904632568359375</ele>
        <time>2025-08-31T14:53:23.000Z</time>
        <extensions>
          <ns3:TrackPointExtension>
            <ns3:hr>76</ns3:hr>
          </ns3:TrackPointExtension>
        </extensions>
      </trkpt>
      <trkpt lat="56.9460595585405826568603515625" lon="-5.858562402427196502685546875">
        <ele>7.80000019073486328125</ele>
        <time>2025-08-31T14:53:25.000Z</time>
        <extensions>
          <ns3:TrackPointExtension>
            <ns3:hr>76</ns3:hr>
          </ns3:TrackPointExtension>
        </extensions>
      </trkpt>
      <trkpt lat="56.9460833631455898284912109375" lon="-5.85854865610599517822265625">
        <ele>6.599999904632568359375</ele>
        <time>2025-08-31T14:53:30.000Z</time>
        <extensions>
          <ns3:TrackPointExtension>
            <ns3:hr>77</ns3:hr>
          </ns3:TrackPointExtension>
        </extensions>
      </trkpt>
      <trkpt lat="56.94614530541002750396728515625" lon="-5.85858629085123538970947265625">
        <ele>7</ele>
        <time>2025-08-31T14:53:38.000Z</time>
        <extensions>
          <ns3:TrackPointExtension>
            <ns3:hr>78</ns3:hr>
          </ns3:TrackPointExtension>
        </extensions>
      </trkpt>
      <trkpt lat="56.9461588002741336822509765625" lon="-5.85861294530332088470458984375">
        <ele>7.599999904632568359375</ele>
        <time>2025-08-31T14:53:40.000Z</time>
        <extensions>
          <ns3:TrackPointExtension>
            <ns3:hr>77</ns3:hr>
          </ns3:TrackPointExtension>
        </extensions>
      </trkpt>
      <trkpt lat="56.94614547304809093475341796875" lon="-5.8586675114929676055908203125">
        <ele>7.19999980926513671875</ele>
        <time>2025-08-31T14:53:45.000Z</time>
        <extensions>
          <ns3:TrackPointExtension>
            <ns3:hr>77</ns3:hr>
          </ns3:TrackPointExtension>
        </extensions>
      </trkpt>
      <trkpt lat="56.9461346603929996490478515625" lon="-5.8587607182562351226806640625">
        <ele>7.400000095367431640625</ele>
        <time>2025-08-31T14:53:51.000Z</time>
        <extensions>
          <ns3:TrackPointExtension>
            <ns3:hr>77</ns3:hr>
          </ns3:TrackPointExtension>
        </extensions>
      </trkpt>
      <trkpt lat="56.9461313076317310333251953125" lon="-5.8588271029293537139892578125">
        <ele>7.19999980926513671875</ele>
        <time>2025-08-31T14:53:59.000Z</time>
        <extensions>
          <ns3:TrackPointExtension>
            <ns3:hr>76</ns3:hr>
          </ns3:TrackPointExtension>
        </extensions>
      </trkpt>
      <trkpt lat="56.94612971507012844085693359375" lon="-5.8588247559964656829833984375">
        <ele>6.400000095367431640625</ele>
        <time>2025-08-31T14:54:02.000Z</time>
        <extensions>
          <ns3:TrackPointExtension>
            <ns3:hr>77</ns3:hr>
          </ns3:TrackPointExtension>
        </extensions>
      </trkpt>
      <trkpt lat="56.94612921215593814849853515625" lon="-5.85883674211800098419189453125">
        <ele>6.400000095367431640625</ele>
        <time>2025-08-31T14:54:04.000Z</time>
        <extensions>
          <ns3:TrackPointExtension>
            <ns3:hr>77</ns3:hr>
          </ns3:TrackPointExtension>
        </extensions>
      </trkpt>
      <trkpt lat="56.946131475269794464111328125" lon="-5.85886121727526187896728515625">
        <ele>7.80000019073486328125</ele>
        <time>2025-08-31T14:54:09.000Z</time>
        <extensions>
          <ns3:TrackPointExtension>
            <ns3:hr>78</ns3:hr>
          </ns3:TrackPointExtension>
        </extensions>
      </trkpt>
      <trkpt lat="56.94613315165042877197265625" lon="-5.85889139212667942047119140625">
        <ele>8.3999996185302734375</ele>
        <time>2025-08-31T14:54:12.000Z</time>
        <extensions>
          <ns3:TrackPointExtension>
            <ns3:hr>78</ns3:hr>
          </ns3:TrackPointExtension>
        </extensions>
      </trkpt>
      <trkpt lat="56.9461443834006786346435546875" lon="-5.8589434437453746795654296875">
        <ele>7.19999980926513671875</ele>
        <time>2025-08-31T14:54:19.000Z</time>
        <extensions>
          <ns3:TrackPointExtension>
            <ns3:hr>80</ns3:hr>
          </ns3:TrackPointExtension>
        </extensions>
      </trkpt>
      <trkpt lat="56.94617682136595249176025390625" lon="-5.8589692600071430206298828125">
        <ele>8</ele>
        <time>2025-08-31T14:54:22.000Z</time>
        <extensions>
          <ns3:TrackPointExtension>
            <ns3:hr>80</ns3:hr>
          </ns3:TrackPointExtension>
        </extensions>
      </trkpt>
      <trkpt lat="56.94618805311620235443115234375" lon="-5.8589716069400310516357421875">
        <ele>9.19999980926513671875</ele>
        <time>2025-08-31T14:54:23.000Z</time>
        <extensions>
          <ns3:TrackPointExtension>
            <ns3:hr>81</ns3:hr>
          </ns3:TrackPointExtension>
        </extensions>
      </trkpt>
      <trkpt lat="56.94619886577129364013671875" lon="-5.858966745436191558837890625">
        <ele>9.80000019073486328125</ele>
        <time>2025-08-31T14:54:24.000Z</time>
        <extensions>
          <ns3:TrackPointExtension>
            <ns3:hr>81</ns3:hr>
          </ns3:TrackPointExtension>
        </extensions>
      </trkpt>
      <trkpt lat="56.94625846110284328460693359375" lon="-5.85895769298076629638671875">
        <ele>9.19999980926513671875</ele>
        <time>2025-08-31T14:54:30.000Z</time>
        <extensions>
          <ns3:TrackPointExtension>
            <ns3:hr>82</ns3:hr>
          </ns3:TrackPointExtension>
        </extensions>
      </trkpt>
      <trkpt lat="56.9462867081165313720703125" lon="-5.858945287764072418212890625">
        <ele>8</ele>
        <time>2025-08-31T14:54:34.000Z</time>
        <extensions>
          <ns3:TrackPointExtension>
            <ns3:hr>82</ns3:hr>
          </ns3:TrackPointExtension>
        </extensions>
      </trkpt>
      <trkpt lat="56.9462912343442440032958984375" lon="-5.85893598385155200958251953125">
        <ele>7.19999980926513671875</ele>
        <time>2025-08-31T14:54:37.000Z</time>
        <extensions>
          <ns3:TrackPointExtension>
            <ns3:hr>82</ns3:hr>
          </ns3:TrackPointExtension>
        </extensions>
      </trkpt>
      <trkpt lat="56.9462996162474155426025390625" lon="-5.85892609320580959320068359375">
        <ele>7</ele>
        <time>2025-08-31T14:54:39.000Z</time>
        <extensions>
          <ns3:TrackPointExtension>
            <ns3:hr>81</ns3:hr>
          </ns3:TrackPointExtension>
        </extensions>
      </trkpt>
      <trkpt lat="56.94632182829082012176513671875" lon="-5.85890999995172023773193359375">
        <ele>6.80000019073486328125</ele>
        <time>2025-08-31T14:54:42.000Z</time>
        <extensions>
          <ns3:TrackPointExtension>
            <ns3:hr>81</ns3:hr>
          </ns3:TrackPointExtension>
        </extensions>
      </trkpt>
      <trkpt lat="56.94634504616260528564453125" lon="-5.85880673490464687347412109375">
        <ele>6.599999904632568359375</ele>
        <time>2025-08-31T14:54:50.000Z</time>
        <extensions>
          <ns3:TrackPointExtension>
            <ns3:hr>80</ns3:hr>
          </ns3:TrackPointExtension>
        </extensions>
      </trkpt>
      <trkpt lat="56.9463569484651088714599609375" lon="-5.85879265330731868743896484375">
        <ele>6.400000095367431640625</ele>
        <time>2025-08-31T14:54:56.000Z</time>
        <extensions>
          <ns3:TrackPointExtension>
            <ns3:hr>80</ns3:hr>
          </ns3:TrackPointExtension>
        </extensions>
      </trkpt>
      <trkpt lat="56.94639642722904682159423828125" lon="-5.8587047271430492401123046875">
        <ele>6</ele>
        <time>2025-08-31T14:55:03.000Z</time>
        <extensions>
          <ns3:TrackPointExtension>
            <ns3:hr>80</ns3:hr>
          </ns3:TrackPointExtension>
        </extensions>
      </trkpt>
      <trkpt lat="56.94640916772186756134033203125" lon="-5.85868754424154758453369140625">
        <ele>5.80000019073486328125</ele>
        <time>2025-08-31T14:55:06.000Z</time>
        <extensions>
          <ns3:TrackPointExtension>
            <ns3:hr>80</ns3:hr>
          </ns3:TrackPointExtension>
        </extensions>
      </trkpt>
      <trkpt lat="56.94642023183405399322509765625" lon="-5.85865384899079799652099609375">
        <ele>6.400000095367431640625</ele>
        <time>2025-08-31T14:55:10.000Z</time>
        <extensions>
          <ns3:TrackPointExtension>
            <ns3:hr>79</ns3:hr>
          </ns3:TrackPointExtension>
        </extensions>
      </trkpt>
      <trkpt lat="56.946425177156925201416015625" lon="-5.85859064944088459014892578125">
        <ele>6.400000095367431640625</ele>
        <time>2025-08-31T14:55:14.000Z</time>
        <extensions>
          <ns3:TrackPointExtension>
            <ns3:hr>83</ns3:hr>
          </ns3:TrackPointExtension>
        </extensions>
      </trkpt>
      <trkpt lat="56.94643582217395305633544921875" lon="-5.85853599943220615386962890625">
        <ele>6.400000095367431640625</ele>
        <time>2025-08-31T14:55:17.000Z</time>
        <extensions>
          <ns3:TrackPointExtension>
            <ns3:hr>84</ns3:hr>
          </ns3:TrackPointExtension>
        </extensions>
      </trkpt>
      <trkpt lat="56.94644588045775890350341796875" lon="-5.8584981970489025115966796875">
        <ele>7</ele>
        <time>2025-08-31T14:55:19.000Z</time>
        <extensions>
          <ns3:TrackPointExtension>
            <ns3:hr>84</ns3:hr>
          </ns3:TrackPointExtension>
        </extensions>
      </trkpt>
      <trkpt lat="56.9464905560016632080078125" lon="-5.85838965140283107757568359375">
        <ele>6</ele>
        <time>2025-08-31T14:55:26.000Z</time>
        <extensions>
          <ns3:TrackPointExtension>
            <ns3:hr>84</ns3:hr>
          </ns3:TrackPointExtension>
        </extensions>
      </trkpt>
      <trkpt lat="56.94650019519031047821044921875" lon="-5.8583567105233669281005859375">
        <ele>5.599999904632568359375</ele>
        <time>2025-08-31T14:55:28.000Z</time>
        <extensions>
          <ns3:TrackPointExtension>
            <ns3:hr>85</ns3:hr>
          </ns3:TrackPointExtension>
        </extensions>
      </trkpt>
      <trkpt lat="56.94650807417929172515869140625" lon="-5.8583268709480762481689453125">
        <ele>5.599999904632568359375</ele>
        <time>2025-08-31T14:55:30.000Z</time>
        <extensions>
          <ns3:TrackPointExtension>
            <ns3:hr>88</ns3:hr>
          </ns3:TrackPointExtension>
        </extensions>
      </trkpt>
      <trkpt lat="56.9465141929686069488525390625" lon="-5.8583047427237033843994140625">
        <ele>5.599999904632568359375</ele>
        <time>2025-08-31T14:55:32.000Z</time>
        <extensions>
          <ns3:TrackPointExtension>
            <ns3:hr>91</ns3:hr>
          </ns3:TrackPointExtension>
        </extensions>
      </trkpt>
      <trkpt lat="56.946511007845401763916015625" lon="-5.85830264724791049957275390625">
        <ele>5.599999904632568359375</ele>
        <time>2025-08-31T14:55:34.000Z</time>
        <extensions>
          <ns3:TrackPointExtension>
            <ns3:hr>91</ns3:hr>
          </ns3:TrackPointExtension>
        </extensions>
      </trkpt>
      <trkpt lat="56.94650924764573574066162109375" lon="-5.85822704248130321502685546875">
        <ele>4.80000019073486328125</ele>
        <time>2025-08-31T14:55:39.000Z</time>
        <extensions>
          <ns3:TrackPointExtension>
            <ns3:hr>90</ns3:hr>
          </ns3:TrackPointExtension>
        </extensions>
      </trkpt>
      <trkpt lat="56.9465121813118457794189453125" lon="-5.85819217376410961151123046875">
        <ele>4.400000095367431640625</ele>
        <time>2025-08-31T14:55:42.000Z</time>
        <extensions>
          <ns3:TrackPointExtension>
            <ns3:hr>88</ns3:hr>
          </ns3:TrackPointExtension>
        </extensions>
      </trkpt>
      <trkpt lat="56.94652819074690341949462890625" lon="-5.8581200055778026580810546875">
        <ele>3.7999999523162841796875</ele>
        <time>2025-08-31T14:55:48.000Z</time>
        <extensions>
          <ns3:TrackPointExtension>
            <ns3:hr>86</ns3:hr>
          </ns3:TrackPointExtension>
        </extensions>
      </trkpt>
      <trkpt lat="56.94658870808780193328857421875" lon="-5.85803090594708919525146484375">
        <ele>3.400000095367431640625</ele>
        <time>2025-08-31T14:55:56.000Z</time>
        <extensions>
          <ns3:TrackPointExtension>
            <ns3:hr>85</ns3:hr>
          </ns3:TrackPointExtension>
        </extensions>
      </trkpt>
      <trkpt lat="56.94659717381000518798828125" lon="-5.85792839527130126953125">
        <ele>2.7999999523162841796875</ele>
        <time>2025-08-31T14:56:03.000Z</time>
        <extensions>
          <ns3:TrackPointExtension>
            <ns3:hr>83</ns3:hr>
          </ns3:TrackPointExtension>
        </extensions>
      </trkpt>
      <trkpt lat="56.94662156514823436737060546875" lon="-5.85775312967598438262939453125">
        <ele>3.400000095367431640625</ele>
        <time>2025-08-31T14:56:13.000Z</time>
        <extensions>
          <ns3:TrackPointExtension>
            <ns3:hr>81</ns3:hr>
          </ns3:TrackPointExtension>
        </extensions>
      </trkpt>
      <trkpt lat="56.94662944413721561431884765625" lon="-5.85770644247531890869140625">
        <ele>3</ele>
        <time>2025-08-31T14:56:16.000Z</time>
        <extensions>
          <ns3:TrackPointExtension>
            <ns3:hr>77</ns3:hr>
          </ns3:TrackPointExtension>
        </extensions>
      </trkpt>
      <trkpt lat="56.94665274582803249359130859375" lon="-5.857617594301700592041015625">
        <ele>3.599999904632568359375</ele>
        <time>2025-08-31T14:56:23.000Z</time>
        <extensions>
          <ns3:TrackPointExtension>
            <ns3:hr>74</ns3:hr>
          </ns3:TrackPointExtension>
        </extensions>
      </trkpt>
      <trkpt lat="56.94666028954088687896728515625" lon="-5.85758515633642673492431640625">
        <ele>3.7999999523162841796875</ele>
        <time>2025-08-31T14:56:25.000Z</time>
        <extensions>
          <ns3:TrackPointExtension>
            <ns3:hr>74</ns3:hr>
          </ns3:TrackPointExtension>
        </extensions>
      </trkpt>
      <trkpt lat="56.9466838426887989044189453125" lon="-5.85749966092407703399658203125">
        <ele>2.7999999523162841796875</ele>
        <time>2025-08-31T14:56:30.000Z</time>
        <extensions>
          <ns3:TrackPointExtension>
            <ns3:hr>74</ns3:hr>
          </ns3:TrackPointExtension>
        </extensions>
      </trkpt>
      <trkpt lat="56.9467156939208507537841796875" lon="-5.8574119023978710174560546875">
        <ele>2</ele>
        <time>2025-08-31T14:56:35.000Z</time>
        <extensions>
          <ns3:TrackPointExtension>
            <ns3:hr>75</ns3:hr>
          </ns3:TrackPointExtension>
        </extensions>
      </trkpt>
      <trkpt lat="56.94675835780799388885498046875" lon="-5.85724887438118457794189453125">
        <ele>2.400000095367431640625</ele>
        <time>2025-08-31T14:56:44.000Z</time>
        <extensions>
          <ns3:TrackPointExtension>
            <ns3:hr>75</ns3:hr>
          </ns3:TrackPointExtension>
        </extensions>
      </trkpt>
      <trkpt lat="56.94679708220064640045166015625" lon="-5.85706179030239582061767578125">
        <ele>1.7999999523162841796875</ele>
        <time>2025-08-31T14:56:54.000Z</time>
        <extensions>
          <ns3:TrackPointExtension>
            <ns3:hr>73</ns3:hr>
          </ns3:TrackPointExtension>
        </extensions>
      </trkpt>
      <trkpt lat="56.94679942913353443145751953125" lon="-5.85704050026834011077880859375">
        <ele>1.60000002384185791015625</ele>
        <time>2025-08-31T14:56:55.000Z</time>
        <extensions>
          <ns3:TrackPointExtension>
            <ns3:hr>73</ns3:hr>
          </ns3:TrackPointExtension>
        </extensions>
      </trkpt>
      <trkpt lat="56.94682516157627105712890625" lon="-5.856895744800567626953125">
        <ele>1.60000002384185791015625</ele>
        <time>2025-08-31T14:57:03.000Z</time>
        <extensions>
          <ns3:TrackPointExtension>
            <ns3:hr>72</ns3:hr>
          </ns3:TrackPointExtension>
        </extensions>
      </trkpt>
      <trkpt lat="56.94689397700130939483642578125" lon="-5.85666842758655548095703125">
        <ele>1.60000002384185791015625</ele>
        <time>2025-08-31T14:57:15.000Z</time>
        <extensions>
          <ns3:TrackPointExtension>
            <ns3:hr>74</ns3:hr>
          </ns3:TrackPointExtension>
        </extensions>
      </trkpt>
      <trkpt lat="56.94694451987743377685546875" lon="-5.856502465903759002685546875">
        <ele>1.39999997615814208984375</ele>
        <time>2025-08-31T14:57:25.000Z</time>
        <extensions>
          <ns3:TrackPointExtension>
            <ns3:hr>74</ns3:hr>
          </ns3:TrackPointExtension>
        </extensions>
      </trkpt>
      <trkpt lat="56.9469792209565639495849609375" lon="-5.8563621528446674346923828125">
        <ele>2.2000000476837158203125</ele>
        <time>2025-08-31T14:57:33.000Z</time>
        <extensions>
          <ns3:TrackPointExtension>
            <ns3:hr>74</ns3:hr>
          </ns3:TrackPointExtension>
        </extensions>
      </trkpt>
      <trkpt lat="56.947015263140201568603515625" lon="-5.85626609623432159423828125">
        <ele>1.39999997615814208984375</ele>
        <time>2025-08-31T14:57:39.000Z</time>
        <extensions>
          <ns3:TrackPointExtension>
            <ns3:hr>77</ns3:hr>
          </ns3:TrackPointExtension>
        </extensions>
      </trkpt>
      <trkpt lat="56.94705440662801265716552734375" lon="-5.8561794273555278778076171875">
        <ele>1</ele>
        <time>2025-08-31T14:57:45.000Z</time>
        <extensions>
          <ns3:TrackPointExtension>
            <ns3:hr>78</ns3:hr>
          </ns3:TrackPointExtension>
        </extensions>
      </trkpt>
      <trkpt lat="56.94712959229946136474609375" lon="-5.855999886989593505859375">
        <ele>1</ele>
        <time>2025-08-31T14:57:56.000Z</time>
        <extensions>
          <ns3:TrackPointExtension>
            <ns3:hr>77</ns3:hr>
          </ns3:TrackPointExtension>
        </extensions>
      </trkpt>
      <trkpt lat="56.94719790481030941009521484375" lon="-5.855821855366230010986328125">
        <ele>1</ele>
        <time>2025-08-31T14:58:07.000Z</time>
        <extensions>
          <ns3:TrackPointExtension>
            <ns3:hr>77</ns3:hr>
          </ns3:TrackPointExtension>
        </extensions>
      </trkpt>
      <trkpt lat="56.94727853871881961822509765625" lon="-5.85568212904036045074462890625">
        <ele>1.60000002384185791015625</ele>
        <time>2025-08-31T14:58:17.000Z</time>
        <extensions>
          <ns3:TrackPointExtension>
            <ns3:hr>78</ns3:hr>
          </ns3:TrackPointExtension>
        </extensions>
      </trkpt>
      <trkpt lat="56.94738750346004962921142578125" lon="-5.85551616735756397247314453125">
        <ele>1.2000000476837158203125</ele>
        <time>2025-08-31T14:58:30.000Z</time>
        <extensions>
          <ns3:TrackPointExtension>
            <ns3:hr>77</ns3:hr>
          </ns3:TrackPointExtension>
        </extensions>
      </trkpt>
      <trkpt lat="56.94749194197356700897216796875" lon="-5.85537669248878955841064453125">
        <ele>1.2000000476837158203125</ele>
        <time>2025-08-31T14:58:42.000Z</time>
        <extensions>
          <ns3:TrackPointExtension>
            <ns3:hr>77</ns3:hr>
          </ns3:TrackPointExtension>
        </extensions>
      </trkpt>
      <trkpt lat="56.94759101606905460357666015625" lon="-5.85526018403470516204833984375">
        <ele>1.2000000476837158203125</ele>
        <time>2025-08-31T14:58:53.000Z</time>
        <extensions>
          <ns3:TrackPointExtension>
            <ns3:hr>78</ns3:hr>
          </ns3:TrackPointExtension>
        </extensions>
      </trkpt>
      <trkpt lat="56.94766863249242305755615234375" lon="-5.85520452819764614105224609375">
        <ele>1.39999997615814208984375</ele>
        <time>2025-08-31T14:59:01.000Z</time>
        <extensions>
          <ns3:TrackPointExtension>
            <ns3:hr>79</ns3:hr>
          </ns3:TrackPointExtension>
        </extensions>
      </trkpt>
      <trkpt lat="56.94772948510944843292236328125" lon="-5.8551414124667644500732421875">
        <ele>3</ele>
        <time>2025-08-31T14:59:09.000Z</time>
        <extensions>
          <ns3:TrackPointExtension>
            <ns3:hr>78</ns3:hr>
          </ns3:TrackPointExtension>
        </extensions>
      </trkpt>
      <trkpt lat="56.94772562943398952484130859375" lon="-5.855153314769268035888671875">
        <ele>5.19999980926513671875</ele>
        <time>2025-08-31T14:59:13.000Z</time>
        <extensions>
          <ns3:TrackPointExtension>
            <ns3:hr>79</ns3:hr>
          </ns3:TrackPointExtension>
        </extensions>
      </trkpt>
      <trkpt lat="56.9477297365665435791015625" lon="-5.8551461063325405120849609375">
        <ele>4.400000095367431640625</ele>
        <time>2025-08-31T14:59:16.000Z</time>
        <extensions>
          <ns3:TrackPointExtension>
            <ns3:hr>79</ns3:hr>
          </ns3:TrackPointExtension>
        </extensions>
      </trkpt>
      <trkpt lat="56.94772965274751186370849609375" lon="-5.8551427535712718963623046875">
        <ele>4.19999980926513671875</ele>
        <time>2025-08-31T14:59:22.000Z</time>
        <extensions>
          <ns3:TrackPointExtension>
            <ns3:hr>79</ns3:hr>
          </ns3:TrackPointExtension>
        </extensions>
      </trkpt>
      <trkpt lat="56.94773166440427303314208984375" lon="-5.85512875579297542572021484375">
        <ele>3.2000000476837158203125</ele>
        <time>2025-08-31T14:59:25.000Z</time>
        <extensions>
          <ns3:TrackPointExtension>
            <ns3:hr>80</ns3:hr>
          </ns3:TrackPointExtension>
        </extensions>
      </trkpt>
      <trkpt lat="56.94773308932781219482421875" lon="-5.85512707941234111785888671875">
        <ele>3</ele>
        <time>2025-08-31T14:59:26.000Z</time>
        <extensions>
          <ns3:TrackPointExtension>
            <ns3:hr>80</ns3:hr>
          </ns3:TrackPointExtension>
        </extensions>
      </trkpt>
      <trkpt lat="56.94773183204233646392822265625" lon="-5.85514384321868419647216796875">
        <ele>2.599999904632568359375</ele>
        <time>2025-08-31T14:59:37.000Z</time>
        <extensions>
          <ns3:TrackPointExtension>
            <ns3:hr>76</ns3:hr>
          </ns3:TrackPointExtension>
        </extensions>
      </trkpt>
      <trkpt lat="56.94773183204233646392822265625" lon="-5.85514384321868419647216796875">
        <ele>2.7999999523162841796875</ele>
        <time>2025-08-31T14:59:38.000Z</time>
        <extensions>
          <ns3:TrackPointExtension>
            <ns3:hr>72</ns3:hr>
          </ns3:TrackPointExtension>
        </extensions>
      </trkpt>
      <trkpt lat="56.94773183204233646392822265625" lon="-5.85514384321868419647216796875">
        <ele>2.7999999523162841796875</ele>
        <time>2025-08-31T14:59:39.000Z</time>
        <extensions>
          <ns3:TrackPointExtension>
            <ns3:hr>68</ns3:hr>
          </ns3:TrackPointExtension>
        </extensions>
      </trkpt>
      <trkpt lat="56.94773183204233646392822265625" lon="-5.85514384321868419647216796875">
        <ele>2.400000095367431640625</ele>
        <time>2025-08-31T14:59:44.000Z</time>
        <extensions>
          <ns3:TrackPointExtension>
            <ns3:hr>65</ns3:hr>
          </ns3:TrackPointExtension>
        </extensions>
      </trkpt>
      <trkpt lat="56.947757564485073089599609375" lon="-5.855096988379955291748046875">
        <ele>2.2000000476837158203125</ele>
        <time>2025-08-31T14:59:49.000Z</time>
        <extensions>
          <ns3:TrackPointExtension>
            <ns3:hr>66</ns3:hr>
          </ns3:TrackPointExtension>
        </extensions>
      </trkpt>
      <trkpt lat="56.9477641023695468902587890625" lon="-5.8550857566297054290771484375">
        <ele>2</ele>
        <time>2025-08-31T14:59:50.000Z</time>
        <extensions>
          <ns3:TrackPointExtension>
            <ns3:hr>66</ns3:hr>
          </ns3:TrackPointExtension>
        </extensions>
      </trkpt>
      <trkpt lat="56.94778128527104854583740234375" lon="-5.8550666458904743194580078125">
        <ele>2.400000095367431640625</ele>
        <time>2025-08-31T14:59:55.000Z</time>
        <extensions>
          <ns3:TrackPointExtension>
            <ns3:hr>66</ns3:hr>
          </ns3:TrackPointExtension>
        </extensions>
      </trkpt>
      <trkpt lat="56.94778849370777606964111328125" lon="-5.855060108006000518798828125">
        <ele>1.7999999523162841796875</ele>
        <time>2025-08-31T15:00:05.000Z</time>
        <extensions>
          <ns3:TrackPointExtension>
            <ns3:hr>65</ns3:hr>
          </ns3:TrackPointExtension>
        </extensions>
      </trkpt>
      <trkpt lat="56.947801820933818817138671875" lon="-5.85504435002803802490234375">
        <ele>0.800000011920928955078125</ele>
        <time>2025-08-31T15:00:09.000Z</time>
        <extensions>
          <ns3:TrackPointExtension>
            <ns3:hr>64</ns3:hr>
          </ns3:TrackPointExtension>
        </extensions>
      </trkpt>
      <trkpt lat="56.9478113763034343719482421875" lon="-5.8550307713449001312255859375">
        <ele>0.4000000059604644775390625</ele>
        <time>2025-08-31T15:00:11.000Z</time>
        <extensions>
          <ns3:TrackPointExtension>
            <ns3:hr>64</ns3:hr>
          </ns3:TrackPointExtension>
        </extensions>
      </trkpt>
      <trkpt lat="56.94783635437488555908203125" lon="-5.85501090623438358306884765625">
        <ele>0.800000011920928955078125</ele>
        <time>2025-08-31T15:00:18.000Z</time>
        <extensions>
          <ns3:TrackPointExtension>
            <ns3:hr>66</ns3:hr>
          </ns3:TrackPointExtension>
        </extensions>
      </trkpt>
      <trkpt lat="56.94784984923899173736572265625" lon="-5.85496095009148120880126953125">
        <ele>0.4000000059604644775390625</ele>
        <time>2025-08-31T15:00:26.000Z</time>
        <extensions>
          <ns3:TrackPointExtension>
            <ns3:hr>63</ns3:hr>
          </ns3:TrackPointExtension>
        </extensions>
      </trkpt>
      <trkpt lat="56.94785655476152896881103515625" lon="-5.85494452156126499176025390625">
        <ele>1.39999997615814208984375</ele>
        <time>2025-08-31T15:00:27.000Z</time>
        <extensions>
          <ns3:TrackPointExtension>
            <ns3:hr>63</ns3:hr>
          </ns3:TrackPointExtension>
        </extensions>
      </trkpt>
      <trkpt lat="56.94788253866136074066162109375" lon="-5.854854919016361236572265625">
        <ele>2</ele>
        <time>2025-08-31T15:00:33.000Z</time>
        <extensions>
          <ns3:TrackPointExtension>
            <ns3:hr>64</ns3:hr>
          </ns3:TrackPointExtension>
        </extensions>
      </trkpt>
      <trkpt lat="56.94789460860192775726318359375" lon="-5.8548101596534252166748046875">
        <ele>3.2000000476837158203125</ele>
        <time>2025-08-31T15:00:36.000Z</time>
        <extensions>
          <ns3:TrackPointExtension>
            <ns3:hr>63</ns3:hr>
          </ns3:TrackPointExtension>
        </extensions>
      </trkpt>
      <trkpt lat="56.9479253701865673065185546875" lon="-5.85470882244408130645751953125">
        <ele>3</ele>
        <time>2025-08-31T15:00:43.000Z</time>
        <extensions>
          <ns3:TrackPointExtension>
            <ns3:hr>63</ns3:hr>
          </ns3:TrackPointExtension>
        </extensions>
      </trkpt>
      <trkpt lat="56.9479454867541790008544921875" lon="-5.8546405099332332611083984375">
        <ele>2.2000000476837158203125</ele>
        <time>2025-08-31T15:00:48.000Z</time>
        <extensions>
          <ns3:TrackPointExtension>
            <ns3:hr>60</ns3:hr>
          </ns3:TrackPointExtension>
        </extensions>
      </trkpt>
      <trkpt lat="56.9479468278586864471435546875" lon="-5.85458862595260143280029296875">
        <ele>2.400000095367431640625</ele>
        <time>2025-08-31T15:00:51.000Z</time>
        <extensions>
          <ns3:TrackPointExtension>
            <ns3:hr>59</ns3:hr>
          </ns3:TrackPointExtension>
        </extensions>
      </trkpt>
      <trkpt lat="56.947952695190906524658203125" lon="-5.85452802479267120361328125">
        <ele>3.2000000476837158203125</ele>
        <time>2025-08-31T15:00:55.000Z</time>
        <extensions>
          <ns3:TrackPointExtension>
            <ns3:hr>59</ns3:hr>
          </ns3:TrackPointExtension>
        </extensions>
      </trkpt>
      <trkpt lat="56.947988569736480712890625" lon="-5.85446155630052089691162109375">
        <ele>3</ele>
        <time>2025-08-31T15:01:00.000Z</time>
        <extensions>
          <ns3:TrackPointExtension>
            <ns3:hr>59</ns3:hr>
          </ns3:TrackPointExtension>
        </extensions>
      </trkpt>
      <trkpt lat="56.94804766215384006500244140625" lon="-5.854406319558620452880859375">
        <ele>2.2000000476837158203125</ele>
        <time>2025-08-31T15:01:07.000Z</time>
        <extensions>
          <ns3:TrackPointExtension>
            <ns3:hr>61</ns3:hr>
          </ns3:TrackPointExtension>
        </extensions>
      </trkpt>
      <trkpt lat="56.9480524398386478424072265625" lon="-5.85440439172089099884033203125">
        <ele>2</ele>
        <time>2025-08-31T15:01:08.000Z</time>
        <extensions>
          <ns3:TrackPointExtension>
            <ns3:hr>61</ns3:hr>
          </ns3:TrackPointExtension>
        </extensions>
      </trkpt>
      <trkpt lat="56.94809409789741039276123046875" lon="-5.85434940643608570098876953125">
        <ele>3</ele>
        <time>2025-08-31T15:01:15.000Z</time>
        <extensions>
          <ns3:TrackPointExtension>
            <ns3:hr>63</ns3:hr>
          </ns3:TrackPointExtension>
        </extensions>
      </trkpt>
      <trkpt lat="56.94809912703931331634521484375" lon="-5.85433934815227985382080078125">
        <ele>3.400000095367431640625</ele>
        <time>2025-08-31T15:01:16.000Z</time>
        <extensions>
          <ns3:TrackPointExtension>
            <ns3:hr>63</ns3:hr>
          </ns3:TrackPointExtension>
        </extensions>
      </trkpt>
      <trkpt lat="56.94811689667403697967529296875" lon="-5.85425619967281818389892578125">
        <ele>4.599999904632568359375</ele>
        <time>2025-08-31T15:01:22.000Z</time>
        <extensions>
          <ns3:TrackPointExtension>
            <ns3:hr>63</ns3:hr>
          </ns3:TrackPointExtension>
        </extensions>
      </trkpt>
      <trkpt lat="56.9481208361685276031494140625" lon="-5.85411756299436092376708984375">
        <ele>4.80000019073486328125</ele>
        <time>2025-08-31T15:01:30.000Z</time>
        <extensions>
          <ns3:TrackPointExtension>
            <ns3:hr>62</ns3:hr>
          </ns3:TrackPointExtension>
        </extensions>
      </trkpt>
      <trkpt lat="56.94811999797821044921875" lon="-5.8539997972548007965087890625">
        <ele>4.599999904632568359375</ele>
        <time>2025-08-31T15:01:38.000Z</time>
        <extensions>
          <ns3:TrackPointExtension>
            <ns3:hr>63</ns3:hr>
          </ns3:TrackPointExtension>
        </extensions>
      </trkpt>
      <trkpt lat="56.9481094367802143096923828125" lon="-5.85397674702107906341552734375">
        <ele>4.599999904632568359375</ele>
        <time>2025-08-31T15:01:40.000Z</time>
        <extensions>
          <ns3:TrackPointExtension>
            <ns3:hr>63</ns3:hr>
          </ns3:TrackPointExtension>
        </extensions>
      </trkpt>
      <trkpt lat="56.94807364605367183685302734375" lon="-5.8539880625903606414794921875">
        <ele>4.80000019073486328125</ele>
        <time>2025-08-31T15:01:43.000Z</time>
        <extensions>
          <ns3:TrackPointExtension>
            <ns3:hr>64</ns3:hr>
          </ns3:TrackPointExtension>
        </extensions>
      </trkpt>
      <trkpt lat="56.94798714481294155120849609375" lon="-5.85405754856765270233154296875">
        <ele>4.599999904632568359375</ele>
        <time>2025-08-31T15:01:52.000Z</time>
        <extensions>
          <ns3:TrackPointExtension>
            <ns3:hr>64</ns3:hr>
          </ns3:TrackPointExtension>
        </extensions>
      </trkpt>
      <trkpt lat="56.94794632494449615478515625" lon="-5.85408235900104045867919921875">
        <ele>5</ele>
        <time>2025-08-31T15:02:00.000Z</time>
        <extensions>
          <ns3:TrackPointExtension>
            <ns3:hr>63</ns3:hr>
          </ns3:TrackPointExtension>
        </extensions>
      </trkpt>
      <trkpt lat="56.94794632494449615478515625" lon="-5.85408235900104045867919921875">
        <ele>4</ele>
        <time>2025-08-31T15:02:05.000Z</time>
        <extensions>
          <ns3:TrackPointExtension>
            <ns3:hr>66</ns3:hr>
          </ns3:TrackPointExtension>
        </extensions>
      </trkpt>
      <trkpt lat="56.94794523529708385467529296875" lon="-5.85408235900104045867919921875">
        <ele>4</ele>
        <time>2025-08-31T15:02:06.000Z</time>
        <extensions>
          <ns3:TrackPointExtension>
            <ns3:hr>70</ns3:hr>
          </ns3:TrackPointExtension>
        </extensions>
      </trkpt>
      <trkpt lat="56.9478975422680377960205078125" lon="-5.8540889807045459747314453125">
        <ele>5.80000019073486328125</ele>
        <time>2025-08-31T15:02:10.000Z</time>
        <extensions>
          <ns3:TrackPointExtension>
            <ns3:hr>72</ns3:hr>
          </ns3:TrackPointExtension>
        </extensions>
      </trkpt>
      <trkpt lat="56.94777726195752620697021484375" lon="-5.85409560240805149078369140625">
        <ele>6</ele>
        <time>2025-08-31T15:02:20.000Z</time>
        <extensions>
          <ns3:TrackPointExtension>
            <ns3:hr>74</ns3:hr>
          </ns3:TrackPointExtension>
        </extensions>
      </trkpt>
      <trkpt lat="56.94766595028340816497802734375" lon="-5.85409979335963726043701171875">
        <ele>5.19999980926513671875</ele>
        <time>2025-08-31T15:02:30.000Z</time>
        <extensions>
          <ns3:TrackPointExtension>
            <ns3:hr>75</ns3:hr>
          </ns3:TrackPointExtension>
        </extensions>
      </trkpt>
      <trkpt lat="56.94763242267072200775146484375" lon="-5.85410767234861850738525390625">
        <ele>4.80000019073486328125</ele>
        <time>2025-08-31T15:02:33.000Z</time>
        <extensions>
          <ns3:TrackPointExtension>
            <ns3:hr>76</ns3:hr>
          </ns3:TrackPointExtension>
        </extensions>
      </trkpt>
      <trkpt lat="56.94757106713950634002685546875" lon="-5.85412837564945220947265625">
        <ele>3.599999904632568359375</ele>
        <time>2025-08-31T15:02:39.000Z</time>
        <extensions>
          <ns3:TrackPointExtension>
            <ns3:hr>76</ns3:hr>
          </ns3:TrackPointExtension>
        </extensions>
      </trkpt>
      <trkpt lat="56.9475391320884227752685546875" lon="-5.854133404791355133056640625">
        <ele>3</ele>
        <time>2025-08-31T15:02:42.000Z</time>
        <extensions>
          <ns3:TrackPointExtension>
            <ns3:hr>75</ns3:hr>
          </ns3:TrackPointExtension>
        </extensions>
      </trkpt>
      <trkpt lat="56.9474237971007823944091796875" lon="-5.85415913723409175872802734375">
        <ele>4.80000019073486328125</ele>
        <time>2025-08-31T15:02:52.000Z</time>
        <extensions>
          <ns3:TrackPointExtension>
            <ns3:hr>75</ns3:hr>
          </ns3:TrackPointExtension>
        </extensions>
      </trkpt>
      <trkpt lat="56.94737660698592662811279296875" lon="-5.85415997542440891265869140625">
        <ele>5.19999980926513671875</ele>
        <time>2025-08-31T15:02:56.000Z</time>
        <extensions>
          <ns3:TrackPointExtension>
            <ns3:hr>75</ns3:hr>
          </ns3:TrackPointExtension>
        </extensions>
      </trkpt>
      <trkpt lat="56.94720779545605182647705078125" lon="-5.854153521358966827392578125">
        <ele>4.19999980926513671875</ele>
        <time>2025-08-31T15:03:11.000Z</time>
        <extensions>
          <ns3:TrackPointExtension>
            <ns3:hr>76</ns3:hr>
          </ns3:TrackPointExtension>
        </extensions>
      </trkpt>
      <trkpt lat="56.94717518985271453857421875" lon="-5.85416257381439208984375">
        <ele>3.599999904632568359375</ele>
        <time>2025-08-31T15:03:14.000Z</time>
        <extensions>
          <ns3:TrackPointExtension>
            <ns3:hr>76</ns3:hr>
          </ns3:TrackPointExtension>
        </extensions>
      </trkpt>
      <trkpt lat="56.9470824860036373138427734375" lon="-5.85417129099369049072265625">
        <ele>4.400000095367431640625</ele>
        <time>2025-08-31T15:03:23.000Z</time>
        <extensions>
          <ns3:TrackPointExtension>
            <ns3:hr>74</ns3:hr>
          </ns3:TrackPointExtension>
        </extensions>
      </trkpt>
      <trkpt lat="56.9469383172690868377685546875" lon="-5.85419216193258762359619140625">
        <ele>4.19999980926513671875</ele>
        <time>2025-08-31T15:03:35.000Z</time>
        <extensions>
          <ns3:TrackPointExtension>
            <ns3:hr>74</ns3:hr>
          </ns3:TrackPointExtension>
        </extensions>
      </trkpt>
      <trkpt lat="56.94679968059062957763671875" lon="-5.8542365022003650665283203125">
        <ele>4.80000019073486328125</ele>
        <time>2025-08-31T15:03:47.000Z</time>
        <extensions>
          <ns3:TrackPointExtension>
            <ns3:hr>73</ns3:hr>
          </ns3:TrackPointExtension>
        </extensions>
      </trkpt>
      <trkpt lat="56.94665576331317424774169921875" lon="-5.854306407272815704345703125">
        <ele>5.19999980926513671875</ele>
        <time>2025-08-31T15:03:59.000Z</time>
        <extensions>
          <ns3:TrackPointExtension>
            <ns3:hr>70</ns3:hr>
          </ns3:TrackPointExtension>
        </extensions>
      </trkpt>
      <trkpt lat="56.94662927649915218353271484375" lon="-5.8543186448514461517333984375">
        <ele>5</ele>
        <time>2025-08-31T15:04:01.000Z</time>
        <extensions>
          <ns3:TrackPointExtension>
            <ns3:hr>67</ns3:hr>
          </ns3:TrackPointExtension>
        </extensions>
      </trkpt>
      <trkpt lat="56.94661770947277545928955078125" lon="-5.85432409308850765228271484375">
        <ele>5</ele>
        <time>2025-08-31T15:04:02.000Z</time>
        <extensions>
          <ns3:TrackPointExtension>
            <ns3:hr>60</ns3:hr>
          </ns3:TrackPointExtension>
        </extensions>
      </trkpt>
      <trkpt lat="56.9464826770126819610595703125" lon="-5.85439986549317836761474609375">
        <ele>4.80000019073486328125</ele>
        <time>2025-08-31T15:04:13.000Z</time>
        <extensions>
          <ns3:TrackPointExtension>
            <ns3:hr>58</ns3:hr>
          </ns3:TrackPointExtension>
        </extensions>
      </trkpt>
      <trkpt lat="56.94638502784073352813720703125" lon="-5.85446272976696491241455078125">
        <ele>3.400000095367431640625</ele>
        <time>2025-08-31T15:04:22.000Z</time>
        <extensions>
          <ns3:TrackPointExtension>
            <ns3:hr>57</ns3:hr>
          </ns3:TrackPointExtension>
        </extensions>
      </trkpt>
      <trkpt lat="56.946339346468448638916015625" lon="-5.85449122823774814605712890625">
        <ele>2.599999904632568359375</ele>
        <time>2025-08-31T15:04:26.000Z</time>
        <extensions>
          <ns3:TrackPointExtension>
            <ns3:hr>57</ns3:hr>
          </ns3:TrackPointExtension>
        </extensions>
      </trkpt>
      <trkpt lat="56.94617338478565216064453125" lon="-5.854603461921215057373046875">
        <ele>2.599999904632568359375</ele>
        <time>2025-08-31T15:04:40.000Z</time>
        <extensions>
          <ns3:TrackPointExtension>
            <ns3:hr>58</ns3:hr>
          </ns3:TrackPointExtension>
        </extensions>
      </trkpt>
      <trkpt lat="56.94616089574992656707763671875" lon="-5.8546120114624500274658203125">
        <ele>2.2000000476837158203125</ele>
        <time>2025-08-31T15:04:41.000Z</time>
        <extensions>
          <ns3:TrackPointExtension>
            <ns3:hr>59</ns3:hr>
          </ns3:TrackPointExtension>
        </extensions>
      </trkpt>
      <trkpt lat="56.946073137223720550537109375" lon="-5.854665152728557586669921875">
        <ele>2.599999904632568359375</ele>
        <time>2025-08-31T15:04:48.000Z</time>
        <extensions>
          <ns3:TrackPointExtension>
            <ns3:hr>56</ns3:hr>
          </ns3:TrackPointExtension>
        </extensions>
      </trkpt>
      <trkpt lat="56.9459596462547779083251953125" lon="-5.85472558625042438507080078125">
        <ele>3.2000000476837158203125</ele>
        <time>2025-08-31T15:04:57.000Z</time>
        <extensions>
          <ns3:TrackPointExtension>
            <ns3:hr>56</ns3:hr>
          </ns3:TrackPointExtension>
        </extensions>
      </trkpt>
      <trkpt lat="56.9458253681659698486328125" lon="-5.85476347245275974273681640625">
        <ele>4.19999980926513671875</ele>
        <time>2025-08-31T15:05:08.000Z</time>
        <extensions>
          <ns3:TrackPointExtension>
            <ns3:hr>58</ns3:hr>
          </ns3:TrackPointExtension>
        </extensions>
      </trkpt>
      <trkpt lat="56.9458114542067050933837890625" lon="-5.85475626401603221893310546875">
        <ele>4.19999980926513671875</ele>
        <time>2025-08-31T15:05:09.000Z</time>
        <extensions>
          <ns3:TrackPointExtension>
            <ns3:hr>58</ns3:hr>
          </ns3:TrackPointExtension>
        </extensions>
      </trkpt>
      <trkpt lat="56.94572989828884601593017578125" lon="-5.8546643145382404327392578125">
        <ele>5.19999980926513671875</ele>
        <time>2025-08-31T15:05:17.000Z</time>
        <extensions>
          <ns3:TrackPointExtension>
            <ns3:hr>59</ns3:hr>
          </ns3:TrackPointExtension>
        </extensions>
      </trkpt>
      <trkpt lat="56.9457122124731540679931640625" lon="-5.85463103838264942169189453125">
        <ele>6</ele>
        <time>2025-08-31T15:05:19.000Z</time>
        <extensions>
          <ns3:TrackPointExtension>
            <ns3:hr>60</ns3:hr>
          </ns3:TrackPointExtension>
        </extensions>
      </trkpt>
      <trkpt lat="56.945694945752620697021484375" lon="-5.8545986004173755645751953125">
        <ele>6.400000095367431640625</ele>
        <time>2025-08-31T15:05:21.000Z</time>
        <extensions>
          <ns3:TrackPointExtension>
            <ns3:hr>60</ns3:hr>
          </ns3:TrackPointExtension>
        </extensions>
      </trkpt>
      <trkpt lat="56.945623196661472320556640625" lon="-5.85444177500903606414794921875">
        <ele>7.400000095367431640625</ele>
        <time>2025-08-31T15:05:30.000Z</time>
        <extensions>
          <ns3:TrackPointExtension>
            <ns3:hr>60</ns3:hr>
          </ns3:TrackPointExtension>
        </extensions>
      </trkpt>
      <trkpt lat="56.9456089474260807037353515625" lon="-5.8544091694056987762451171875">
        <ele>7.599999904632568359375</ele>
        <time>2025-08-31T15:05:32.000Z</time>
        <extensions>
          <ns3:TrackPointExtension>
            <ns3:hr>60</ns3:hr>
          </ns3:TrackPointExtension>
        </extensions>
      </trkpt>
      <trkpt lat="56.9455351866781711578369140625" lon="-5.85421931929886341094970703125">
        <ele>7.400000095367431640625</ele>
        <time>2025-08-31T15:05:43.000Z</time>
        <extensions>
          <ns3:TrackPointExtension>
            <ns3:hr>57</ns3:hr>
          </ns3:TrackPointExtension>
        </extensions>
      </trkpt>
      <trkpt lat="56.94551599211990833282470703125" lon="-5.8541684411466121673583984375">
        <ele>7.400000095367431640625</ele>
        <time>2025-08-31T15:05:46.000Z</time>
        <extensions>
          <ns3:TrackPointExtension>
            <ns3:hr>55</ns3:hr>
          </ns3:TrackPointExtension>
        </extensions>
      </trkpt>
      <trkpt lat="56.945418678224086761474609375" lon="-5.85390600375831127166748046875">
        <ele>7.599999904632568359375</ele>
        <time>2025-08-31T15:06:00.000Z</time>
        <extensions>
          <ns3:TrackPointExtension>
            <ns3:hr>54</ns3:hr>
          </ns3:TrackPointExtension>
        </extensions>
      </trkpt>
      <trkpt lat="56.945379786193370819091796875" lon="-5.85382469929754734039306640625">
        <ele>8.3999996185302734375</ele>
        <time>2025-08-31T15:06:05.000Z</time>
        <extensions>
          <ns3:TrackPointExtension>
            <ns3:hr>54</ns3:hr>
          </ns3:TrackPointExtension>
        </extensions>
      </trkpt>
      <trkpt lat="56.94536142982542514801025390625" lon="-5.853773318231105804443359375">
        <ele>8.6000003814697265625</ele>
        <time>2025-08-31T15:06:08.000Z</time>
        <extensions>
          <ns3:TrackPointExtension>
            <ns3:hr>54</ns3:hr>
          </ns3:TrackPointExtension>
        </extensions>
      </trkpt>
      <trkpt lat="56.94527576677501201629638671875" lon="-5.85358522832393646240234375">
        <ele>8.3999996185302734375</ele>
        <time>2025-08-31T15:06:18.000Z</time>
        <extensions>
          <ns3:TrackPointExtension>
            <ns3:hr>55</ns3:hr>
          </ns3:TrackPointExtension>
        </extensions>
      </trkpt>
      <trkpt lat="56.94525967352092266082763671875" lon="-5.8535470068454742431640625">
        <ele>8.3999996185302734375</ele>
        <time>2025-08-31T15:06:20.000Z</time>
        <extensions>
          <ns3:TrackPointExtension>
            <ns3:hr>54</ns3:hr>
          </ns3:TrackPointExtension>
        </extensions>
      </trkpt>
      <trkpt lat="56.94516085088253021240234375" lon="-5.8533969707787036895751953125">
        <ele>7.19999980926513671875</ele>
        <time>2025-08-31T15:06:30.000Z</time>
        <extensions>
          <ns3:TrackPointExtension>
            <ns3:hr>55</ns3:hr>
          </ns3:TrackPointExtension>
        </extensions>
      </trkpt>
      <trkpt lat="56.94505783729255199432373046875" lon="-5.853276439011096954345703125">
        <ele>7.400000095367431640625</ele>
        <time>2025-08-31T15:06:39.000Z</time>
        <extensions>
          <ns3:TrackPointExtension>
            <ns3:hr>57</ns3:hr>
          </ns3:TrackPointExtension>
        </extensions>
      </trkpt>
      <trkpt lat="56.94500603713095188140869140625" lon="-5.85322170518338680267333984375">
        <ele>6.599999904632568359375</ele>
        <time>2025-08-31T15:06:44.000Z</time>
        <extensions>
          <ns3:TrackPointExtension>
            <ns3:hr>60</ns3:hr>
          </ns3:TrackPointExtension>
        </extensions>
      </trkpt>
      <trkpt lat="56.9449762813746929168701171875" lon="-5.85319002158939838409423828125">
        <ele>6.400000095367431640625</ele>
        <time>2025-08-31T15:06:47.000Z</time>
        <extensions>
          <ns3:TrackPointExtension>
            <ns3:hr>63</ns3:hr>
          </ns3:TrackPointExtension>
        </extensions>
      </trkpt>
      <trkpt lat="56.9449534825980663299560546875" lon="-5.85316822864115238189697265625">
        <ele>6.400000095367431640625</ele>
        <time>2025-08-31T15:06:49.000Z</time>
        <extensions>
          <ns3:TrackPointExtension>
            <ns3:hr>64</ns3:hr>
          </ns3:TrackPointExtension>
        </extensions>
      </trkpt>
      <trkpt lat="56.9449429214000701904296875" lon="-5.8531582541763782501220703125">
        <ele>6.19999980926513671875</ele>
        <time>2025-08-31T15:06:50.000Z</time>
        <extensions>
          <ns3:TrackPointExtension>
            <ns3:hr>64</ns3:hr>
          </ns3:TrackPointExtension>
        </extensions>
      </trkpt>
      <trkpt lat="56.944832615554332733154296875" lon="-5.85305741988122463226318359375">
        <ele>6</ele>
        <time>2025-08-31T15:07:00.000Z</time>
        <extensions>
          <ns3:TrackPointExtension>
            <ns3:hr>63</ns3:hr>
          </ns3:TrackPointExtension>
        </extensions>
      </trkpt>
      <trkpt lat="56.944793723523616790771484375" lon="-5.8530293405055999755859375">
        <ele>6</ele>
        <time>2025-08-31T15:07:03.000Z</time>
        <extensions>
          <ns3:TrackPointExtension>
            <ns3:hr>66</ns3:hr>
          </ns3:TrackPointExtension>
        </extensions>
      </trkpt>
      <trkpt lat="56.94474418647587299346923828125" lon="-5.85300360806286334991455078125">
        <ele>6.400000095367431640625</ele>
        <time>2025-08-31T15:07:07.000Z</time>
        <extensions>
          <ns3:TrackPointExtension>
            <ns3:hr>69</ns3:hr>
          </ns3:TrackPointExtension>
        </extensions>
      </trkpt>
      <trkpt lat="56.944713257253170013427734375" lon="-5.8529917895793914794921875">
        <ele>6.400000095367431640625</ele>
        <time>2025-08-31T15:07:10.000Z</time>
        <extensions>
          <ns3:TrackPointExtension>
            <ns3:hr>69</ns3:hr>
          </ns3:TrackPointExtension>
        </extensions>
      </trkpt>
      <trkpt lat="56.944598257541656494140625" lon="-5.85297242738306522369384765625">
        <ele>5</ele>
        <time>2025-08-31T15:07:20.000Z</time>
        <extensions>
          <ns3:TrackPointExtension>
            <ns3:hr>69</ns3:hr>
          </ns3:TrackPointExtension>
        </extensions>
      </trkpt>
      <trkpt lat="56.94451619870960712432861328125" lon="-5.85295449011027812957763671875">
        <ele>6</ele>
        <time>2025-08-31T15:07:27.000Z</time>
        <extensions>
          <ns3:TrackPointExtension>
            <ns3:hr>69</ns3:hr>
          </ns3:TrackPointExtension>
        </extensions>
      </trkpt>
      <trkpt lat="56.94447361864149570465087890625" lon="-5.85295365191996097564697265625">
        <ele>6</ele>
        <time>2025-08-31T15:07:30.000Z</time>
        <extensions>
          <ns3:TrackPointExtension>
            <ns3:hr>69</ns3:hr>
          </ns3:TrackPointExtension>
        </extensions>
      </trkpt>
      <trkpt lat="56.944434642791748046875" lon="-5.8529547415673732757568359375">
        <ele>5</ele>
        <time>2025-08-31T15:07:33.000Z</time>
        <extensions>
          <ns3:TrackPointExtension>
            <ns3:hr>71</ns3:hr>
          </ns3:TrackPointExtension>
        </extensions>
      </trkpt>
      <trkpt lat="56.94438728503882884979248046875" lon="-5.852959267795085906982421875">
        <ele>5.19999980926513671875</ele>
        <time>2025-08-31T15:07:37.000Z</time>
        <extensions>
          <ns3:TrackPointExtension>
            <ns3:hr>74</ns3:hr>
          </ns3:TrackPointExtension>
        </extensions>
      </trkpt>
      <trkpt lat="56.94435828365385532379150390625" lon="-5.85295884869992733001708984375">
        <ele>5.80000019073486328125</ele>
        <time>2025-08-31T15:07:39.000Z</time>
        <extensions>
          <ns3:TrackPointExtension>
            <ns3:hr>77</ns3:hr>
          </ns3:TrackPointExtension>
        </extensions>
      </trkpt>
      <trkpt lat="56.94434453733265399932861328125" lon="-5.8529594354331493377685546875">
        <ele>6.19999980926513671875</ele>
        <time>2025-08-31T15:07:40.000Z</time>
        <extensions>
          <ns3:TrackPointExtension>
            <ns3:hr>79</ns3:hr>
          </ns3:TrackPointExtension>
        </extensions>
      </trkpt>
      <trkpt lat="56.9443167932331562042236328125" lon="-5.852963626384735107421875">
        <ele>6.400000095367431640625</ele>
        <time>2025-08-31T15:07:42.000Z</time>
        <extensions>
          <ns3:TrackPointExtension>
            <ns3:hr>80</ns3:hr>
          </ns3:TrackPointExtension>
        </extensions>
      </trkpt>
      <trkpt lat="56.944206655025482177734375" lon="-5.85297443903982639312744140625">
        <ele>6.599999904632568359375</ele>
        <time>2025-08-31T15:07:51.000Z</time>
        <extensions>
          <ns3:TrackPointExtension>
            <ns3:hr>78</ns3:hr>
          </ns3:TrackPointExtension>
        </extensions>
      </trkpt>
      <trkpt lat="56.9441421143710613250732421875" lon="-5.85297460667788982391357421875">
        <ele>4.80000019073486328125</ele>
        <time>2025-08-31T15:07:56.000Z</time>
        <extensions>
          <ns3:TrackPointExtension>
            <ns3:hr>77</ns3:hr>
          </ns3:TrackPointExtension>
        </extensions>
      </trkpt>
      <trkpt lat="56.94410498254001140594482421875" lon="-5.85298466496169567108154296875">
        <ele>4.400000095367431640625</ele>
        <time>2025-08-31T15:07:59.000Z</time>
        <extensions>
          <ns3:TrackPointExtension>
            <ns3:hr>81</ns3:hr>
          </ns3:TrackPointExtension>
        </extensions>
      </trkpt>
      <trkpt lat="56.9440934993326663970947265625" lon="-5.85298835299909114837646484375">
        <ele>4.599999904632568359375</ele>
        <time>2025-08-31T15:08:00.000Z</time>
        <extensions>
          <ns3:TrackPointExtension>
            <ns3:hr>84</ns3:hr>
          </ns3:TrackPointExtension>
        </extensions>
      </trkpt>
      <trkpt lat="56.94407061673700809478759765625" lon="-5.8529902808368206024169921875">
        <ele>5.19999980926513671875</ele>
        <time>2025-08-31T15:08:02.000Z</time>
        <extensions>
          <ns3:TrackPointExtension>
            <ns3:hr>86</ns3:hr>
          </ns3:TrackPointExtension>
        </extensions>
      </trkpt>
      <trkpt lat="56.94403323344886302947998046875" lon="-5.8529862575232982635498046875">
        <ele>5.80000019073486328125</ele>
        <time>2025-08-31T15:08:05.000Z</time>
        <extensions>
          <ns3:TrackPointExtension>
            <ns3:hr>86</ns3:hr>
          </ns3:TrackPointExtension>
        </extensions>
      </trkpt>
      <trkpt lat="56.943962574005126953125" lon="-5.8529973216354846954345703125">
        <ele>5.400000095367431640625</ele>
        <time>2025-08-31T15:08:10.000Z</time>
        <extensions>
          <ns3:TrackPointExtension>
            <ns3:hr>82</ns3:hr>
          </ns3:TrackPointExtension>
        </extensions>
      </trkpt>
      <trkpt lat="56.943922005593776702880859375" lon="-5.85300126112997531890869140625">
        <ele>5</ele>
        <time>2025-08-31T15:08:13.000Z</time>
        <extensions>
          <ns3:TrackPointExtension>
            <ns3:hr>81</ns3:hr>
          </ns3:TrackPointExtension>
        </extensions>
      </trkpt>
      <trkpt lat="56.94376568309962749481201171875" lon="-5.85302959196269512176513671875">
        <ele>4.80000019073486328125</ele>
        <time>2025-08-31T15:08:25.000Z</time>
        <extensions>
          <ns3:TrackPointExtension>
            <ns3:hr>82</ns3:hr>
          </ns3:TrackPointExtension>
        </extensions>
      </trkpt>
      <trkpt lat="56.94367356598377227783203125" lon="-5.85305289365351200103759765625">
        <ele>5.80000019073486328125</ele>
        <time>2025-08-31T15:08:32.000Z</time>
        <extensions>
          <ns3:TrackPointExtension>
            <ns3:hr>82</ns3:hr>
          </ns3:TrackPointExtension>
        </extensions>
      </trkpt>
      <trkpt lat="56.94363492541015148162841796875" lon="-5.85305658169090747833251953125">
        <ele>5.80000019073486328125</ele>
        <time>2025-08-31T15:08:35.000Z</time>
        <extensions>
          <ns3:TrackPointExtension>
            <ns3:hr>82</ns3:hr>
          </ns3:TrackPointExtension>
        </extensions>
      </trkpt>
      <trkpt lat="56.94359578192234039306640625" lon="-5.85306529887020587921142578125">
        <ele>5.599999904632568359375</ele>
        <time>2025-08-31T15:08:38.000Z</time>
        <extensions>
          <ns3:TrackPointExtension>
            <ns3:hr>85</ns3:hr>
          </ns3:TrackPointExtension>
        </extensions>
      </trkpt>
      <trkpt lat="56.9435386173427104949951171875" lon="-5.853076279163360595703125">
        <ele>4.599999904632568359375</ele>
        <time>2025-08-31T15:08:42.000Z</time>
        <extensions>
          <ns3:TrackPointExtension>
            <ns3:hr>86</ns3:hr>
          </ns3:TrackPointExtension>
        </extensions>
      </trkpt>
      <trkpt lat="56.94352847523987293243408203125" lon="-5.85308021865785121917724609375">
        <ele>3.400000095367431640625</ele>
        <time>2025-08-31T15:08:43.000Z</time>
        <extensions>
          <ns3:TrackPointExtension>
            <ns3:hr>86</ns3:hr>
          </ns3:TrackPointExtension>
        </extensions>
      </trkpt>
      <trkpt lat="56.943503580987453460693359375" lon="-5.85308943875133991241455078125">
        <ele>2.7999999523162841796875</ele>
        <time>2025-08-31T15:08:45.000Z</time>
        <extensions>
          <ns3:TrackPointExtension>
            <ns3:hr>86</ns3:hr>
          </ns3:TrackPointExtension>
        </extensions>
      </trkpt>
      <trkpt lat="56.943355388939380645751953125" lon="-5.8531632833182811737060546875">
        <ele>3.599999904632568359375</ele>
        <time>2025-08-31T15:08:58.000Z</time>
        <extensions>
          <ns3:TrackPointExtension>
            <ns3:hr>83</ns3:hr>
          </ns3:TrackPointExtension>
        </extensions>
      </trkpt>
      <trkpt lat="56.94323946721851825714111328125" lon="-5.8532283268868923187255859375">
        <ele>4.19999980926513671875</ele>
        <time>2025-08-31T15:09:09.000Z</time>
        <extensions>
          <ns3:TrackPointExtension>
            <ns3:hr>85</ns3:hr>
          </ns3:TrackPointExtension>
        </extensions>
      </trkpt>
      <trkpt lat="56.94320443086326122283935546875" lon="-5.8532343618571758270263671875">
        <ele>4.400000095367431640625</ele>
        <time>2025-08-31T15:09:12.000Z</time>
        <extensions>
          <ns3:TrackPointExtension>
            <ns3:hr>86</ns3:hr>
          </ns3:TrackPointExtension>
        </extensions>
      </trkpt>
      <trkpt lat="56.94314274005591869354248046875" lon="-5.853264033794403076171875">
        <ele>4.599999904632568359375</ele>
        <time>2025-08-31T15:09:17.000Z</time>
        <extensions>
          <ns3:TrackPointExtension>
            <ns3:hr>86</ns3:hr>
          </ns3:TrackPointExtension>
        </extensions>
      </trkpt>
      <trkpt lat="56.94303126074373722076416015625" lon="-5.85331021808087825775146484375">
        <ele>3.7999999523162841796875</ele>
        <time>2025-08-31T15:09:27.000Z</time>
        <extensions>
          <ns3:TrackPointExtension>
            <ns3:hr>86</ns3:hr>
          </ns3:TrackPointExtension>
        </extensions>
      </trkpt>
      <trkpt lat="56.94295473396778106689453125" lon="-5.85330426692962646484375">
        <ele>5.599999904632568359375</ele>
        <time>2025-08-31T15:09:33.000Z</time>
        <extensions>
          <ns3:TrackPointExtension>
            <ns3:hr>87</ns3:hr>
          </ns3:TrackPointExtension>
        </extensions>
      </trkpt>
      <trkpt lat="56.94289597682654857635498046875" lon="-5.85328155197203159332275390625">
        <ele>5.400000095367431640625</ele>
        <time>2025-08-31T15:09:38.000Z</time>
        <extensions>
          <ns3:TrackPointExtension>
            <ns3:hr>88</ns3:hr>
          </ns3:TrackPointExtension>
        </extensions>
      </trkpt>
      <trkpt lat="56.94283747114241123199462890625" lon="-5.85324903018772602081298828125">
        <ele>4.400000095367431640625</ele>
        <time>2025-08-31T15:09:43.000Z</time>
        <extensions>
          <ns3:TrackPointExtension>
            <ns3:hr>90</ns3:hr>
          </ns3:TrackPointExtension>
        </extensions>
      </trkpt>
      <trkpt lat="56.94274828769266605377197265625" lon="-5.853209383785724639892578125">
        <ele>5.19999980926513671875</ele>
        <time>2025-08-31T15:09:50.000Z</time>
        <extensions>
          <ns3:TrackPointExtension>
            <ns3:hr>90</ns3:hr>
          </ns3:TrackPointExtension>
        </extensions>
      </trkpt>
      <trkpt lat="56.94257763214409351348876953125" lon="-5.85313570685684680938720703125">
        <ele>4.80000019073486328125</ele>
        <time>2025-08-31T15:10:04.000Z</time>
        <extensions>
          <ns3:TrackPointExtension>
            <ns3:hr>91</ns3:hr>
          </ns3:TrackPointExtension>
        </extensions>
      </trkpt>
      <trkpt lat="56.94242742843925952911376953125" lon="-5.853080637753009796142578125">
        <ele>5</ele>
        <time>2025-08-31T15:10:16.000Z</time>
        <extensions>
          <ns3:TrackPointExtension>
            <ns3:hr>88</ns3:hr>
          </ns3:TrackPointExtension>
        </extensions>
      </trkpt>
      <trkpt lat="56.94241519086062908172607421875" lon="-5.85307560861110687255859375">
        <ele>5</ele>
        <time>2025-08-31T15:10:17.000Z</time>
        <extensions>
          <ns3:TrackPointExtension>
            <ns3:hr>87</ns3:hr>
          </ns3:TrackPointExtension>
        </extensions>
      </trkpt>
      <trkpt lat="56.94226431660354137420654296875" lon="-5.85300746373832225799560546875">
        <ele>5</ele>
        <time>2025-08-31T15:10:29.000Z</time>
        <extensions>
          <ns3:TrackPointExtension>
            <ns3:hr>86</ns3:hr>
          </ns3:TrackPointExtension>
        </extensions>
      </trkpt>
      <trkpt lat="56.94218703545629978179931640625" lon="-5.8529745228588581085205078125">
        <ele>5</ele>
        <time>2025-08-31T15:10:35.000Z</time>
        <extensions>
          <ns3:TrackPointExtension>
            <ns3:hr>82</ns3:hr>
          </ns3:TrackPointExtension>
        </extensions>
      </trkpt>
      <trkpt lat="56.94206465966999530792236328125" lon="-5.8529322780668735504150390625">
        <ele>5.19999980926513671875</ele>
        <time>2025-08-31T15:10:45.000Z</time>
        <extensions>
          <ns3:TrackPointExtension>
            <ns3:hr>80</ns3:hr>
          </ns3:TrackPointExtension>
        </extensions>
      </trkpt>
      <trkpt lat="56.94204035215079784393310546875" lon="-5.85292180068790912628173828125">
        <ele>5.599999904632568359375</ele>
        <time>2025-08-31T15:10:47.000Z</time>
        <extensions>
          <ns3:TrackPointExtension>
            <ns3:hr>80</ns3:hr>
          </ns3:TrackPointExtension>
        </extensions>
      </trkpt>
      <trkpt lat="56.941940523684024810791015625" lon="-5.8529057912528514862060546875">
        <ele>5.19999980926513671875</ele>
        <time>2025-08-31T15:10:55.000Z</time>
        <extensions>
          <ns3:TrackPointExtension>
            <ns3:hr>83</ns3:hr>
          </ns3:TrackPointExtension>
        </extensions>
      </trkpt>
      <trkpt lat="56.94192937575280666351318359375" lon="-5.8528984151780605316162109375">
        <ele>5.19999980926513671875</ele>
        <time>2025-08-31T15:10:56.000Z</time>
        <extensions>
          <ns3:TrackPointExtension>
            <ns3:hr>83</ns3:hr>
          </ns3:TrackPointExtension>
        </extensions>
      </trkpt>
      <trkpt lat="56.94184605963528156280517578125" lon="-5.85286245681345462799072265625">
        <ele>5.599999904632568359375</ele>
        <time>2025-08-31T15:11:03.000Z</time>
        <extensions>
          <ns3:TrackPointExtension>
            <ns3:hr>86</ns3:hr>
          </ns3:TrackPointExtension>
        </extensions>
      </trkpt>
      <trkpt lat="56.9418012164533138275146484375" lon="-5.85283479653298854827880859375">
        <ele>4.80000019073486328125</ele>
        <time>2025-08-31T15:11:07.000Z</time>
        <extensions>
          <ns3:TrackPointExtension>
            <ns3:hr>84</ns3:hr>
          </ns3:TrackPointExtension>
        </extensions>
      </trkpt>
      <trkpt lat="56.9417787529528141021728515625" lon="-5.85282356478273868560791015625">
        <ele>4.400000095367431640625</ele>
        <time>2025-08-31T15:11:09.000Z</time>
        <extensions>
          <ns3:TrackPointExtension>
            <ns3:hr>85</ns3:hr>
          </ns3:TrackPointExtension>
        </extensions>
      </trkpt>
      <trkpt lat="56.94174396805465221405029296875" lon="-5.85281484760344028472900390625">
        <ele>4.599999904632568359375</ele>
        <time>2025-08-31T15:11:12.000Z</time>
        <extensions>
          <ns3:TrackPointExtension>
            <ns3:hr>88</ns3:hr>
          </ns3:TrackPointExtension>
        </extensions>
      </trkpt>
      <trkpt lat="56.94168093614280223846435546875" lon="-5.85279054008424282073974609375">
        <ele>4.599999904632568359375</ele>
        <time>2025-08-31T15:11:17.000Z</time>
        <extensions>
          <ns3:TrackPointExtension>
            <ns3:hr>89</ns3:hr>
          </ns3:TrackPointExtension>
        </extensions>
      </trkpt>
      <trkpt lat="56.94153182208538055419921875" lon="-5.8527369797229766845703125">
        <ele>5</ele>
        <time>2025-08-31T15:11:29.000Z</time>
        <extensions>
          <ns3:TrackPointExtension>
            <ns3:hr>88</ns3:hr>
          </ns3:TrackPointExtension>
        </extensions>
      </trkpt>
      <trkpt lat="56.94145965389907360076904296875" lon="-5.852713845670223236083984375">
        <ele>5</ele>
        <time>2025-08-31T15:11:35.000Z</time>
        <extensions>
          <ns3:TrackPointExtension>
            <ns3:hr>91</ns3:hr>
          </ns3:TrackPointExtension>
        </extensions>
      </trkpt>
      <trkpt lat="56.94142310880124568939208984375" lon="-5.85270403884351253509521484375">
        <ele>4.80000019073486328125</ele>
        <time>2025-08-31T15:11:38.000Z</time>
        <extensions>
          <ns3:TrackPointExtension>
            <ns3:hr>92</ns3:hr>
          </ns3:TrackPointExtension>
        </extensions>
      </trkpt>
      <trkpt lat="56.94128908216953277587890625" lon="-5.85263815708458423614501953125">
        <ele>5.599999904632568359375</ele>
        <time>2025-08-31T15:11:49.000Z</time>
        <extensions>
          <ns3:TrackPointExtension>
            <ns3:hr>91</ns3:hr>
          </ns3:TrackPointExtension>
        </extensions>
      </trkpt>
      <trkpt lat="56.9412765093147754669189453125" lon="-5.852630697190761566162109375">
        <ele>5.80000019073486328125</ele>
        <time>2025-08-31T15:11:50.000Z</time>
        <extensions>
          <ns3:TrackPointExtension>
            <ns3:hr>90</ns3:hr>
          </ns3:TrackPointExtension>
        </extensions>
      </trkpt>
      <trkpt lat="56.9411073625087738037109375" lon="-5.85252701304852962493896484375">
        <ele>5.599999904632568359375</ele>
        <time>2025-08-31T15:12:04.000Z</time>
        <extensions>
          <ns3:TrackPointExtension>
            <ns3:hr>91</ns3:hr>
          </ns3:TrackPointExtension>
        </extensions>
      </trkpt>
      <trkpt lat="56.94098691456019878387451171875" lon="-5.85249415598809719085693359375">
        <ele>6.400000095367431640625</ele>
        <time>2025-08-31T15:12:14.000Z</time>
        <extensions>
          <ns3:TrackPointExtension>
            <ns3:hr>89</ns3:hr>
          </ns3:TrackPointExtension>
        </extensions>
      </trkpt>
      <trkpt lat="56.9409422390162944793701171875" lon="-5.85248191840946674346923828125">
        <ele>6.80000019073486328125</ele>
        <time>2025-08-31T15:12:18.000Z</time>
        <extensions>
          <ns3:TrackPointExtension>
            <ns3:hr>89</ns3:hr>
          </ns3:TrackPointExtension>
        </extensions>
      </trkpt>
      <trkpt lat="56.9408641196787357330322265625" lon="-5.85248979739844799041748046875">
        <ele>6.19999980926513671875</ele>
        <time>2025-08-31T15:12:24.000Z</time>
        <extensions>
          <ns3:TrackPointExtension>
            <ns3:hr>90</ns3:hr>
          </ns3:TrackPointExtension>
        </extensions>
      </trkpt>
      <trkpt lat="56.94084056653082370758056640625" lon="-5.8524927310645580291748046875">
        <ele>5.400000095367431640625</ele>
        <time>2025-08-31T15:12:26.000Z</time>
        <extensions>
          <ns3:TrackPointExtension>
            <ns3:hr>90</ns3:hr>
          </ns3:TrackPointExtension>
        </extensions>
      </trkpt>
      <trkpt lat="56.94074216298758983612060546875" lon="-5.85253036580979824066162109375">
        <ele>4.400000095367431640625</ele>
        <time>2025-08-31T15:12:34.000Z</time>
        <extensions>
          <ns3:TrackPointExtension>
            <ns3:hr>90</ns3:hr>
          </ns3:TrackPointExtension>
        </extensions>
      </trkpt>
      <trkpt lat="56.94071601144969463348388671875" lon="-5.85254461504518985748291015625">
        <ele>3.400000095367431640625</ele>
        <time>2025-08-31T15:12:36.000Z</time>
        <extensions>
          <ns3:TrackPointExtension>
            <ns3:hr>90</ns3:hr>
          </ns3:TrackPointExtension>
        </extensions>
      </trkpt>
      <trkpt lat="56.94070092402398586273193359375" lon="-5.85255249403417110443115234375">
        <ele>3</ele>
        <time>2025-08-31T15:12:37.000Z</time>
        <extensions>
          <ns3:TrackPointExtension>
            <ns3:hr>90</ns3:hr>
          </ns3:TrackPointExtension>
        </extensions>
      </trkpt>
      <trkpt lat="56.9406795501708984375" lon="-5.8525658212602138519287109375">
        <ele>4.19999980926513671875</ele>
        <time>2025-08-31T15:12:39.000Z</time>
        <extensions>
          <ns3:TrackPointExtension>
            <ns3:hr>90</ns3:hr>
          </ns3:TrackPointExtension>
        </extensions>
      </trkpt>
      <trkpt lat="56.9406495429575443267822265625" lon="-5.8525852672755718231201171875">
        <ele>5.19999980926513671875</ele>
        <time>2025-08-31T15:12:42.000Z</time>
        <extensions>
          <ns3:TrackPointExtension>
            <ns3:hr>90</ns3:hr>
          </ns3:TrackPointExtension>
        </extensions>
      </trkpt>
      <trkpt lat="56.94060285575687885284423828125" lon="-5.85262189619243144989013671875">
        <ele>5.19999980926513671875</ele>
        <time>2025-08-31T15:12:46.000Z</time>
        <extensions>
          <ns3:TrackPointExtension>
            <ns3:hr>90</ns3:hr>
          </ns3:TrackPointExtension>
        </extensions>
      </trkpt>
      <trkpt lat="56.9405288435518741607666015625" lon="-5.85269113071262836456298828125">
        <ele>4</ele>
        <time>2025-08-31T15:12:53.000Z</time>
        <extensions>
          <ns3:TrackPointExtension>
            <ns3:hr>92</ns3:hr>
          </ns3:TrackPointExtension>
        </extensions>
      </trkpt>
      <trkpt lat="56.94050797261297702789306640625" lon="-5.85271426476538181304931640625">
        <ele>3.599999904632568359375</ele>
        <time>2025-08-31T15:12:55.000Z</time>
        <extensions>
          <ns3:TrackPointExtension>
            <ns3:hr>91</ns3:hr>
          </ns3:TrackPointExtension>
        </extensions>
      </trkpt>
      <trkpt lat="56.940485425293445587158203125" lon="-5.8527244068682193756103515625">
        <ele>2.7999999523162841796875</ele>
        <time>2025-08-31T15:12:57.000Z</time>
        <extensions>
          <ns3:TrackPointExtension>
            <ns3:hr>91</ns3:hr>
          </ns3:TrackPointExtension>
        </extensions>
      </trkpt>
      <trkpt lat="56.940416358411312103271484375" lon="-5.8527928031980991363525390625">
        <ele>3.599999904632568359375</ele>
        <time>2025-08-31T15:13:03.000Z</time>
        <extensions>
          <ns3:TrackPointExtension>
            <ns3:hr>91</ns3:hr>
          </ns3:TrackPointExtension>
        </extensions>
      </trkpt>
      <trkpt lat="56.940406300127506256103515625" lon="-5.852803699672222137451171875">
        <ele>4</ele>
        <time>2025-08-31T15:13:04.000Z</time>
        <extensions>
          <ns3:TrackPointExtension>
            <ns3:hr>91</ns3:hr>
          </ns3:TrackPointExtension>
        </extensions>
      </trkpt>
      <trkpt lat="56.940339244902133941650390625" lon="-5.8528850041329860687255859375">
        <ele>5.19999980926513671875</ele>
        <time>2025-08-31T15:13:11.000Z</time>
        <extensions>
          <ns3:TrackPointExtension>
            <ns3:hr>91</ns3:hr>
          </ns3:TrackPointExtension>
        </extensions>
      </trkpt>
      <trkpt lat="56.94031803868710994720458984375" lon="-5.852930434048175811767578125">
        <ele>4.599999904632568359375</ele>
        <time>2025-08-31T15:13:14.000Z</time>
        <extensions>
          <ns3:TrackPointExtension>
            <ns3:hr>92</ns3:hr>
          </ns3:TrackPointExtension>
        </extensions>
      </trkpt>
      <trkpt lat="56.9402703456580638885498046875" lon="-5.85301919840276241302490234375">
        <ele>3.7999999523162841796875</ele>
        <time>2025-08-31T15:13:19.000Z</time>
        <extensions>
          <ns3:TrackPointExtension>
            <ns3:hr>91</ns3:hr>
          </ns3:TrackPointExtension>
        </extensions>
      </trkpt>
      <trkpt lat="56.9402512349188327789306640625" lon="-5.85305071435868740081787109375">
        <ele>3.2000000476837158203125</ele>
        <time>2025-08-31T15:13:21.000Z</time>
        <extensions>
          <ns3:TrackPointExtension>
            <ns3:hr>92</ns3:hr>
          </ns3:TrackPointExtension>
        </extensions>
      </trkpt>
      <trkpt lat="56.9402425177395343780517578125" lon="-5.85306513123214244842529296875">
        <ele>2.599999904632568359375</ele>
        <time>2025-08-31T15:13:22.000Z</time>
        <extensions>
          <ns3:TrackPointExtension>
            <ns3:hr>92</ns3:hr>
          </ns3:TrackPointExtension>
        </extensions>
      </trkpt>
      <trkpt lat="56.94017328321933746337890625" lon="-5.85322924889624118804931640625">
        <ele>3.599999904632568359375</ele>
        <time>2025-08-31T15:13:31.000Z</time>
        <extensions>
          <ns3:TrackPointExtension>
            <ns3:hr>94</ns3:hr>
          </ns3:TrackPointExtension>
        </extensions>
      </trkpt>
      <trkpt lat="56.94015895016491413116455078125" lon="-5.85327048785984516143798828125">
        <ele>4.19999980926513671875</ele>
        <time>2025-08-31T15:13:33.000Z</time>
        <extensions>
          <ns3:TrackPointExtension>
            <ns3:hr>93</ns3:hr>
          </ns3:TrackPointExtension>
        </extensions>
      </trkpt>
      <trkpt lat="56.94014168344438076019287109375" lon="-5.8533094637095928192138671875">
        <ele>5</ele>
        <time>2025-08-31T15:13:35.000Z</time>
        <extensions>
          <ns3:TrackPointExtension>
            <ns3:hr>93</ns3:hr>
          </ns3:TrackPointExtension>
        </extensions>
      </trkpt>
      <trkpt lat="56.9401074014604091644287109375" lon="-5.8533932827413082122802734375">
        <ele>6</ele>
        <time>2025-08-31T15:13:39.000Z</time>
        <extensions>
          <ns3:TrackPointExtension>
            <ns3:hr>93</ns3:hr>
          </ns3:TrackPointExtension>
        </extensions>
      </trkpt>
      <trkpt lat="56.94006959907710552215576171875" lon="-5.85350803099572658538818359375">
        <ele>5.80000019073486328125</ele>
        <time>2025-08-31T15:13:45.000Z</time>
        <extensions>
          <ns3:TrackPointExtension>
            <ns3:hr>91</ns3:hr>
          </ns3:TrackPointExtension>
        </extensions>
      </trkpt>
      <trkpt lat="56.9400076568126678466796875" lon="-5.8537402935326099395751953125">
        <ele>5.400000095367431640625</ele>
        <time>2025-08-31T15:13:56.000Z</time>
        <extensions>
          <ns3:TrackPointExtension>
            <ns3:hr>91</ns3:hr>
          </ns3:TrackPointExtension>
        </extensions>
      </trkpt>
      <trkpt lat="56.93996851332485675811767578125" lon="-5.85398764349520206451416015625">
        <ele>5.599999904632568359375</ele>
        <time>2025-08-31T15:14:07.000Z</time>
        <extensions>
          <ns3:TrackPointExtension>
            <ns3:hr>89</ns3:hr>
          </ns3:TrackPointExtension>
        </extensions>
      </trkpt>
      <trkpt lat="56.93996130488812923431396484375" lon="-5.85405637510120868682861328125">
        <ele>6</ele>
        <time>2025-08-31T15:14:10.000Z</time>
        <extensions>
          <ns3:TrackPointExtension>
            <ns3:hr>84</ns3:hr>
          </ns3:TrackPointExtension>
        </extensions>
      </trkpt>
      <trkpt lat="56.939944960176944732666015625" lon="-5.854224599897861480712890625">
        <ele>6</ele>
        <time>2025-08-31T15:14:17.000Z</time>
        <extensions>
          <ns3:TrackPointExtension>
            <ns3:hr>82</ns3:hr>
          </ns3:TrackPointExtension>
        </extensions>
      </trkpt>
      <trkpt lat="56.93993481807410717010498046875" lon="-5.8545219898223876953125">
        <ele>5.599999904632568359375</ele>
        <time>2025-08-31T15:14:30.000Z</time>
        <extensions>
          <ns3:TrackPointExtension>
            <ns3:hr>82</ns3:hr>
          </ns3:TrackPointExtension>
        </extensions>
      </trkpt>
      <trkpt lat="56.9399325549602508544921875" lon="-5.85459030233323574066162109375">
        <ele>7</ele>
        <time>2025-08-31T15:14:33.000Z</time>
        <extensions>
          <ns3:TrackPointExtension>
            <ns3:hr>82</ns3:hr>
          </ns3:TrackPointExtension>
        </extensions>
      </trkpt>
      <trkpt lat="56.93992945365607738494873046875" lon="-5.85471041500568389892578125">
        <ele>6.80000019073486328125</ele>
        <time>2025-08-31T15:14:38.000Z</time>
        <extensions>
          <ns3:TrackPointExtension>
            <ns3:hr>81</ns3:hr>
          </ns3:TrackPointExtension>
        </extensions>
      </trkpt>
      <trkpt lat="56.93992962129414081573486328125" lon="-5.8547762967646121978759765625">
        <ele>6.599999904632568359375</ele>
        <time>2025-08-31T15:14:41.000Z</time>
        <extensions>
          <ns3:TrackPointExtension>
            <ns3:hr>84</ns3:hr>
          </ns3:TrackPointExtension>
        </extensions>
      </trkpt>
      <trkpt lat="56.939932219684123992919921875" lon="-5.85481879301369190216064453125">
        <ele>6.400000095367431640625</ele>
        <time>2025-08-31T15:14:43.000Z</time>
        <extensions>
          <ns3:TrackPointExtension>
            <ns3:hr>88</ns3:hr>
          </ns3:TrackPointExtension>
        </extensions>
      </trkpt>
      <trkpt lat="56.93993146531283855438232421875" lon="-5.854944773018360137939453125">
        <ele>6.19999980926513671875</ele>
        <time>2025-08-31T15:14:48.000Z</time>
        <extensions>
          <ns3:TrackPointExtension>
            <ns3:hr>90</ns3:hr>
          </ns3:TrackPointExtension>
        </extensions>
      </trkpt>
      <trkpt lat="56.93991176784038543701171875" lon="-5.855262614786624908447265625">
        <ele>7.400000095367431640625</ele>
        <time>2025-08-31T15:15:02.000Z</time>
        <extensions>
          <ns3:TrackPointExtension>
            <ns3:hr>89</ns3:hr>
          </ns3:TrackPointExtension>
        </extensions>
      </trkpt>
      <trkpt lat="56.93984881974756717681884765625" lon="-5.8555672131478786468505859375">
        <ele>6.400000095367431640625</ele>
        <time>2025-08-31T15:15:15.000Z</time>
        <extensions>
          <ns3:TrackPointExtension>
            <ns3:hr>87</ns3:hr>
          </ns3:TrackPointExtension>
        </extensions>
      </trkpt>
      <trkpt lat="56.9397932477295398712158203125" lon="-5.85578455589711666107177734375">
        <ele>6.19999980926513671875</ele>
        <time>2025-08-31T15:15:25.000Z</time>
        <extensions>
          <ns3:TrackPointExtension>
            <ns3:hr>84</ns3:hr>
          </ns3:TrackPointExtension>
        </extensions>
      </trkpt>
      <trkpt lat="56.93977992050349712371826171875" lon="-5.85585429333150386810302734375">
        <ele>6</ele>
        <time>2025-08-31T15:15:28.000Z</time>
        <extensions>
          <ns3:TrackPointExtension>
            <ns3:hr>83</ns3:hr>
          </ns3:TrackPointExtension>
        </extensions>
      </trkpt>
      <trkpt lat="56.93977472372353076934814453125" lon="-5.855878181755542755126953125">
        <ele>6</ele>
        <time>2025-08-31T15:15:29.000Z</time>
        <extensions>
          <ns3:TrackPointExtension>
            <ns3:hr>83</ns3:hr>
          </ns3:TrackPointExtension>
        </extensions>
      </trkpt>
      <trkpt lat="56.9397208280861377716064453125" lon="-5.8561579696834087371826171875">
        <ele>6.400000095367431640625</ele>
        <time>2025-08-31T15:15:41.000Z</time>
        <extensions>
          <ns3:TrackPointExtension>
            <ns3:hr>83</ns3:hr>
          </ns3:TrackPointExtension>
        </extensions>
      </trkpt>
      <trkpt lat="56.939661316573619842529296875" lon="-5.8564328961074352264404296875">
        <ele>6.599999904632568359375</ele>
        <time>2025-08-31T15:15:53.000Z</time>
        <extensions>
          <ns3:TrackPointExtension>
            <ns3:hr>82</ns3:hr>
          </ns3:TrackPointExtension>
        </extensions>
      </trkpt>
      <trkpt lat="56.93959669210016727447509765625" lon="-5.856738500297069549560546875">
        <ele>6.19999980926513671875</ele>
        <time>2025-08-31T15:16:07.000Z</time>
        <extensions>
          <ns3:TrackPointExtension>
            <ns3:hr>81</ns3:hr>
          </ns3:TrackPointExtension>
        </extensions>
      </trkpt>
      <trkpt lat="56.93957917392253875732421875" lon="-5.8568261750042438507080078125">
        <ele>6.400000095367431640625</ele>
        <time>2025-08-31T15:16:11.000Z</time>
        <extensions>
          <ns3:TrackPointExtension>
            <ns3:hr>85</ns3:hr>
          </ns3:TrackPointExtension>
        </extensions>
      </trkpt>
      <trkpt lat="56.9395421259105205535888671875" lon="-5.85701401345431804656982421875">
        <ele>6.400000095367431640625</ele>
        <time>2025-08-31T15:16:19.000Z</time>
        <extensions>
          <ns3:TrackPointExtension>
            <ns3:hr>83</ns3:hr>
          </ns3:TrackPointExtension>
        </extensions>
      </trkpt>
      <trkpt lat="56.9394935108721256256103515625" lon="-5.85723412223160266876220703125">
        <ele>6.19999980926513671875</ele>
        <time>2025-08-31T15:16:29.000Z</time>
        <extensions>
          <ns3:TrackPointExtension>
            <ns3:hr>86</ns3:hr>
          </ns3:TrackPointExtension>
        </extensions>
      </trkpt>
      <trkpt lat="56.939480267465114593505859375" lon="-5.8573009259998798370361328125">
        <ele>7</ele>
        <time>2025-08-31T15:16:32.000Z</time>
        <extensions>
          <ns3:TrackPointExtension>
            <ns3:hr>87</ns3:hr>
          </ns3:TrackPointExtension>
        </extensions>
      </trkpt>
      <trkpt lat="56.9394760765135288238525390625" lon="-5.8573227189481258392333984375">
        <ele>7.19999980926513671875</ele>
        <time>2025-08-31T15:16:33.000Z</time>
        <extensions>
          <ns3:TrackPointExtension>
            <ns3:hr>86</ns3:hr>
          </ns3:TrackPointExtension>
        </extensions>
      </trkpt>
      <trkpt lat="56.9394438900053501129150390625" lon="-5.8575032651424407958984375">
        <ele>6</ele>
        <time>2025-08-31T15:16:41.000Z</time>
        <extensions>
          <ns3:TrackPointExtension>
            <ns3:hr>86</ns3:hr>
          </ns3:TrackPointExtension>
        </extensions>
      </trkpt>
      <trkpt lat="56.9394412077963352203369140625" lon="-5.85752539336681365966796875">
        <ele>5.80000019073486328125</ele>
        <time>2025-08-31T15:16:42.000Z</time>
        <extensions>
          <ns3:TrackPointExtension>
            <ns3:hr>86</ns3:hr>
          </ns3:TrackPointExtension>
        </extensions>
      </trkpt>
      <trkpt lat="56.93942721001803874969482421875" lon="-5.8576341904699802398681640625">
        <ele>5</ele>
        <time>2025-08-31T15:16:47.000Z</time>
        <extensions>
          <ns3:TrackPointExtension>
            <ns3:hr>87</ns3:hr>
          </ns3:TrackPointExtension>
        </extensions>
      </trkpt>
      <trkpt lat="56.93940239958465099334716796875" lon="-5.8577790297567844390869140625">
        <ele>5.599999904632568359375</ele>
        <time>2025-08-31T15:16:54.000Z</time>
        <extensions>
          <ns3:TrackPointExtension>
            <ns3:hr>89</ns3:hr>
          </ns3:TrackPointExtension>
        </extensions>
      </trkpt>
      <trkpt lat="56.9393832050263881683349609375" lon="-5.8578626811504364013671875">
        <ele>6</ele>
        <time>2025-08-31T15:16:58.000Z</time>
        <extensions>
          <ns3:TrackPointExtension>
            <ns3:hr>88</ns3:hr>
          </ns3:TrackPointExtension>
        </extensions>
      </trkpt>
      <trkpt lat="56.9393426366150379180908203125" lon="-5.8579832129180431365966796875">
        <ele>5.400000095367431640625</ele>
        <time>2025-08-31T15:17:04.000Z</time>
        <extensions>
          <ns3:TrackPointExtension>
            <ns3:hr>85</ns3:hr>
          </ns3:TrackPointExtension>
        </extensions>
      </trkpt>
      <trkpt lat="56.93931631743907928466796875" lon="-5.8580301515758037567138671875">
        <ele>5.19999980926513671875</ele>
        <time>2025-08-31T15:17:07.000Z</time>
        <extensions>
          <ns3:TrackPointExtension>
            <ns3:hr>84</ns3:hr>
          </ns3:TrackPointExtension>
        </extensions>
      </trkpt>
      <trkpt lat="56.93923987448215484619140625" lon="-5.85813534446060657501220703125">
        <ele>4.80000019073486328125</ele>
        <time>2025-08-31T15:17:15.000Z</time>
        <extensions>
          <ns3:TrackPointExtension>
            <ns3:hr>82</ns3:hr>
          </ns3:TrackPointExtension>
        </extensions>
      </trkpt>
      <trkpt lat="56.9392306543886661529541015625" lon="-5.858152024447917938232421875">
        <ele>4.599999904632568359375</ele>
        <time>2025-08-31T15:17:16.000Z</time>
        <extensions>
          <ns3:TrackPointExtension>
            <ns3:hr>83</ns3:hr>
          </ns3:TrackPointExtension>
        </extensions>
      </trkpt>
      <trkpt lat="56.9391761720180511474609375" lon="-5.8582269586622714996337890625">
        <ele>4.400000095367431640625</ele>
        <time>2025-08-31T15:17:22.000Z</time>
        <extensions>
          <ns3:TrackPointExtension>
            <ns3:hr>86</ns3:hr>
          </ns3:TrackPointExtension>
        </extensions>
      </trkpt>
      <trkpt lat="56.93911674432456493377685546875" lon="-5.85832511074841022491455078125">
        <ele>4.19999980926513671875</ele>
        <time>2025-08-31T15:17:28.000Z</time>
        <extensions>
          <ns3:TrackPointExtension>
            <ns3:hr>88</ns3:hr>
          </ns3:TrackPointExtension>
        </extensions>
      </trkpt>
      <trkpt lat="56.938994787633419036865234375" lon="-5.8585005439817905426025390625">
        <ele>5.400000095367431640625</ele>
        <time>2025-08-31T15:17:40.000Z</time>
        <extensions>
          <ns3:TrackPointExtension>
            <ns3:hr>88</ns3:hr>
          </ns3:TrackPointExtension>
        </extensions>
      </trkpt>
      <trkpt lat="56.93887081928551197052001953125" lon="-5.8586832694709300994873046875">
        <ele>5.599999904632568359375</ele>
        <time>2025-08-31T15:17:52.000Z</time>
        <extensions>
          <ns3:TrackPointExtension>
            <ns3:hr>86</ns3:hr>
          </ns3:TrackPointExtension>
        </extensions>
      </trkpt>
      <trkpt lat="56.93875799886882305145263671875" lon="-5.85886993445456027984619140625">
        <ele>6</ele>
        <time>2025-08-31T15:18:04.000Z</time>
        <extensions>
          <ns3:TrackPointExtension>
            <ns3:hr>84</ns3:hr>
          </ns3:TrackPointExtension>
        </extensions>
      </trkpt>
      <trkpt lat="56.93873151205480098724365234375" lon="-5.8589119277894496917724609375">
        <ele>6.19999980926513671875</ele>
        <time>2025-08-31T15:18:07.000Z</time>
        <extensions>
          <ns3:TrackPointExtension>
            <ns3:hr>83</ns3:hr>
          </ns3:TrackPointExtension>
        </extensions>
      </trkpt>
      <trkpt lat="56.93870066665112972259521484375" lon="-5.85895576514303684234619140625">
        <ele>7</ele>
        <time>2025-08-31T15:18:10.000Z</time>
        <extensions>
          <ns3:TrackPointExtension>
            <ns3:hr>81</ns3:hr>
          </ns3:TrackPointExtension>
        </extensions>
      </trkpt>
      <trkpt lat="56.93865439854562282562255859375" lon="-5.8590188808739185333251953125">
        <ele>6.80000019073486328125</ele>
        <time>2025-08-31T15:18:15.000Z</time>
        <extensions>
          <ns3:TrackPointExtension>
            <ns3:hr>81</ns3:hr>
          </ns3:TrackPointExtension>
        </extensions>
      </trkpt>
      <trkpt lat="56.93857359699904918670654296875" lon="-5.859143771231174468994140625">
        <ele>6</ele>
        <time>2025-08-31T15:18:23.000Z</time>
        <extensions>
          <ns3:TrackPointExtension>
            <ns3:hr>85</ns3:hr>
          </ns3:TrackPointExtension>
        </extensions>
      </trkpt>
      <trkpt lat="56.9385560788214206695556640625" lon="-5.85918341763317584991455078125">
        <ele>6</ele>
        <time>2025-08-31T15:18:25.000Z</time>
        <extensions>
          <ns3:TrackPointExtension>
            <ns3:hr>85</ns3:hr>
          </ns3:TrackPointExtension>
        </extensions>
      </trkpt>
      <trkpt lat="56.9385141693055629730224609375" lon="-5.85924862883985042572021484375">
        <ele>6.599999904632568359375</ele>
        <time>2025-08-31T15:18:29.000Z</time>
        <extensions>
          <ns3:TrackPointExtension>
            <ns3:hr>82</ns3:hr>
          </ns3:TrackPointExtension>
        </extensions>
      </trkpt>
      <trkpt lat="56.93848407827317714691162109375" lon="-5.85928584448993206024169921875">
        <ele>7</ele>
        <time>2025-08-31T15:18:32.000Z</time>
        <extensions>
          <ns3:TrackPointExtension>
            <ns3:hr>81</ns3:hr>
          </ns3:TrackPointExtension>
        </extensions>
      </trkpt>
      <trkpt lat="56.93846446461975574493408203125" lon="-5.8593122474849224090576171875">
        <ele>7.19999980926513671875</ele>
        <time>2025-08-31T15:18:34.000Z</time>
        <extensions>
          <ns3:TrackPointExtension>
            <ns3:hr>82</ns3:hr>
          </ns3:TrackPointExtension>
        </extensions>
      </trkpt>
      <trkpt lat="56.938332282006740570068359375" lon="-5.85953361354768276214599609375">
        <ele>6.80000019073486328125</ele>
        <time>2025-08-31T15:18:48.000Z</time>
        <extensions>
          <ns3:TrackPointExtension>
            <ns3:hr>83</ns3:hr>
          </ns3:TrackPointExtension>
        </extensions>
      </trkpt>
      <trkpt lat="56.93832255899906158447265625" lon="-5.859548114240169525146484375">
        <ele>7</ele>
        <time>2025-08-31T15:18:49.000Z</time>
        <extensions>
          <ns3:TrackPointExtension>
            <ns3:hr>82</ns3:hr>
          </ns3:TrackPointExtension>
        </extensions>
      </trkpt>
      <trkpt lat="56.93829171359539031982421875" lon="-5.85959396325051784515380859375">
        <ele>8</ele>
        <time>2025-08-31T15:18:52.000Z</time>
        <extensions>
          <ns3:TrackPointExtension>
            <ns3:hr>83</ns3:hr>
          </ns3:TrackPointExtension>
        </extensions>
      </trkpt>
      <trkpt lat="56.93826220929622650146484375" lon="-5.85962849669158458709716796875">
        <ele>9.19999980926513671875</ele>
        <time>2025-08-31T15:18:55.000Z</time>
        <extensions>
          <ns3:TrackPointExtension>
            <ns3:hr>83</ns3:hr>
          </ns3:TrackPointExtension>
        </extensions>
      </trkpt>
      <trkpt lat="56.9382221437990665435791015625" lon="-5.85968432016670703887939453125">
        <ele>8.3999996185302734375</ele>
        <time>2025-08-31T15:18:59.000Z</time>
        <extensions>
          <ns3:TrackPointExtension>
            <ns3:hr>83</ns3:hr>
          </ns3:TrackPointExtension>
        </extensions>
      </trkpt>
      <trkpt lat="56.938211582601070404052734375" lon="-5.85969421081244945526123046875">
        <ele>8</ele>
        <time>2025-08-31T15:19:00.000Z</time>
        <extensions>
          <ns3:TrackPointExtension>
            <ns3:hr>83</ns3:hr>
          </ns3:TrackPointExtension>
        </extensions>
      </trkpt>
      <trkpt lat="56.93816833198070526123046875" lon="-5.8597296662628650665283203125">
        <ele>8.3999996185302734375</ele>
        <time>2025-08-31T15:19:04.000Z</time>
        <extensions>
          <ns3:TrackPointExtension>
            <ns3:hr>86</ns3:hr>
          </ns3:TrackPointExtension>
        </extensions>
      </trkpt>
      <trkpt lat="56.93810337223112583160400390625" lon="-5.85974969901144504547119140625">
        <ele>8</ele>
        <time>2025-08-31T15:19:09.000Z</time>
        <extensions>
          <ns3:TrackPointExtension>
            <ns3:hr>87</ns3:hr>
          </ns3:TrackPointExtension>
        </extensions>
      </trkpt>
      <trkpt lat="56.93805157206952571868896484375" lon="-5.8597648702561855316162109375">
        <ele>7.400000095367431640625</ele>
        <time>2025-08-31T15:19:13.000Z</time>
        <extensions>
          <ns3:TrackPointExtension>
            <ns3:hr>84</ns3:hr>
          </ns3:TrackPointExtension>
        </extensions>
      </trkpt>
      <trkpt lat="56.93802374415099620819091796875" lon="-5.8597739227116107940673828125">
        <ele>6.80000019073486328125</ele>
        <time>2025-08-31T15:19:15.000Z</time>
        <extensions>
          <ns3:TrackPointExtension>
            <ns3:hr>82</ns3:hr>
          </ns3:TrackPointExtension>
        </extensions>
      </trkpt>
      <trkpt lat="56.9379452057182788848876953125" lon="-5.85980434902012348175048828125">
        <ele>6.400000095367431640625</ele>
        <time>2025-08-31T15:19:21.000Z</time>
        <extensions>
          <ns3:TrackPointExtension>
            <ns3:hr>81</ns3:hr>
          </ns3:TrackPointExtension>
        </extensions>
      </trkpt>
      <trkpt lat="56.9378835149109363555908203125" lon="-5.85983418859541416168212890625">
        <ele>5.599999904632568359375</ele>
        <time>2025-08-31T15:19:26.000Z</time>
        <extensions>
          <ns3:TrackPointExtension>
            <ns3:hr>80</ns3:hr>
          </ns3:TrackPointExtension>
        </extensions>
      </trkpt>
      <trkpt lat="56.93781050853431224822998046875" lon="-5.8598657883703708648681640625">
        <ele>4.599999904632568359375</ele>
        <time>2025-08-31T15:19:32.000Z</time>
        <extensions>
          <ns3:TrackPointExtension>
            <ns3:hr>78</ns3:hr>
          </ns3:TrackPointExtension>
        </extensions>
      </trkpt>
      <trkpt lat="56.93777228705585002899169921875" lon="-5.85987878032028675079345703125">
        <ele>3.599999904632568359375</ele>
        <time>2025-08-31T15:19:35.000Z</time>
        <extensions>
          <ns3:TrackPointExtension>
            <ns3:hr>77</ns3:hr>
          </ns3:TrackPointExtension>
        </extensions>
      </trkpt>
      <trkpt lat="56.93775988183915615081787109375" lon="-5.85988305509090423583984375">
        <ele>3.599999904632568359375</ele>
        <time>2025-08-31T15:19:36.000Z</time>
        <extensions>
          <ns3:TrackPointExtension>
            <ns3:hr>76</ns3:hr>
          </ns3:TrackPointExtension>
        </extensions>
      </trkpt>
      <trkpt lat="56.9376276992261409759521484375" lon="-5.8599335141479969024658203125">
        <ele>2.2000000476837158203125</ele>
        <time>2025-08-31T15:19:47.000Z</time>
        <extensions>
          <ns3:TrackPointExtension>
            <ns3:hr>74</ns3:hr>
          </ns3:TrackPointExtension>
        </extensions>
      </trkpt>
      <trkpt lat="56.93755553103983402252197265625" lon="-5.8599405549466609954833984375">
        <ele>3.2000000476837158203125</ele>
        <time>2025-08-31T15:19:53.000Z</time>
        <extensions>
          <ns3:TrackPointExtension>
            <ns3:hr>75</ns3:hr>
          </ns3:TrackPointExtension>
        </extensions>
      </trkpt>
      <trkpt lat="56.9375066645443439483642578125" lon="-5.85991331376135349273681640625">
        <ele>4.400000095367431640625</ele>
        <time>2025-08-31T15:19:57.000Z</time>
        <extensions>
          <ns3:TrackPointExtension>
            <ns3:hr>76</ns3:hr>
          </ns3:TrackPointExtension>
        </extensions>
      </trkpt>
      <trkpt lat="56.9374944269657135009765625" lon="-5.85990308783948421478271484375">
        <ele>4.599999904632568359375</ele>
        <time>2025-08-31T15:19:58.000Z</time>
        <extensions>
          <ns3:TrackPointExtension>
            <ns3:hr>76</ns3:hr>
          </ns3:TrackPointExtension>
        </extensions>
      </trkpt>
      <trkpt lat="56.937372051179409027099609375" lon="-5.8597970567643642425537109375">
        <ele>4.80000019073486328125</ele>
        <time>2025-08-31T15:20:09.000Z</time>
        <extensions>
          <ns3:TrackPointExtension>
            <ns3:hr>77</ns3:hr>
          </ns3:TrackPointExtension>
        </extensions>
      </trkpt>
      <trkpt lat="56.93730675615370273590087890625" lon="-5.8597652055323123931884765625">
        <ele>5.400000095367431640625</ele>
        <time>2025-08-31T15:20:14.000Z</time>
        <extensions>
          <ns3:TrackPointExtension>
            <ns3:hr>78</ns3:hr>
          </ns3:TrackPointExtension>
        </extensions>
      </trkpt>
      <trkpt lat="56.9372154772281646728515625" lon="-5.8597578294575214385986328125">
        <ele>5.19999980926513671875</ele>
        <time>2025-08-31T15:20:21.000Z</time>
        <extensions>
          <ns3:TrackPointExtension>
            <ns3:hr>79</ns3:hr>
          </ns3:TrackPointExtension>
        </extensions>
      </trkpt>
      <trkpt lat="56.9371794350445270538330078125" lon="-5.85975925438106060028076171875">
        <ele>5</ele>
        <time>2025-08-31T15:20:24.000Z</time>
        <extensions>
          <ns3:TrackPointExtension>
            <ns3:hr>83</ns3:hr>
          </ns3:TrackPointExtension>
        </extensions>
      </trkpt>
      <trkpt lat="56.93714247085154056549072265625" lon="-5.8597598411142826080322265625">
        <ele>4.400000095367431640625</ele>
        <time>2025-08-31T15:20:27.000Z</time>
        <extensions>
          <ns3:TrackPointExtension>
            <ns3:hr>85</ns3:hr>
          </ns3:TrackPointExtension>
        </extensions>
      </trkpt>
      <trkpt lat="56.937085054814815521240234375" lon="-5.85977618582546710968017578125">
        <ele>4</ele>
        <time>2025-08-31T15:20:32.000Z</time>
        <extensions>
          <ns3:TrackPointExtension>
            <ns3:hr>84</ns3:hr>
          </ns3:TrackPointExtension>
        </extensions>
      </trkpt>
      <trkpt lat="56.93698681890964508056640625" lon="-5.85969932377338409423828125">
        <ele>4.400000095367431640625</ele>
        <time>2025-08-31T15:20:40.000Z</time>
        <extensions>
          <ns3:TrackPointExtension>
            <ns3:hr>81</ns3:hr>
          </ns3:TrackPointExtension>
        </extensions>
      </trkpt>
      <trkpt lat="56.936962343752384185791015625" lon="-5.859681554138660430908203125">
        <ele>5</ele>
        <time>2025-08-31T15:20:42.000Z</time>
        <extensions>
          <ns3:TrackPointExtension>
            <ns3:hr>81</ns3:hr>
          </ns3:TrackPointExtension>
        </extensions>
      </trkpt>
      <trkpt lat="56.9369501061737537384033203125" lon="-5.85967040620744228363037109375">
        <ele>5.400000095367431640625</ele>
        <time>2025-08-31T15:20:43.000Z</time>
        <extensions>
          <ns3:TrackPointExtension>
            <ns3:hr>81</ns3:hr>
          </ns3:TrackPointExtension>
        </extensions>
      </trkpt>
      <trkpt lat="56.9368317537009716033935546875" lon="-5.85951701737940311431884765625">
        <ele>6</ele>
        <time>2025-08-31T15:20:54.000Z</time>
        <extensions>
          <ns3:TrackPointExtension>
            <ns3:hr>82</ns3:hr>
          </ns3:TrackPointExtension>
        </extensions>
      </trkpt>
      <trkpt lat="56.936714909970760345458984375" lon="-5.8593561686575412750244140625">
        <ele>5.599999904632568359375</ele>
        <time>2025-08-31T15:21:05.000Z</time>
        <extensions>
          <ns3:TrackPointExtension>
            <ns3:hr>82</ns3:hr>
          </ns3:TrackPointExtension>
        </extensions>
      </trkpt>
      <trkpt lat="56.93661072291433811187744140625" lon="-5.8592518977820873260498046875">
        <ele>6</ele>
        <time>2025-08-31T15:21:15.000Z</time>
        <extensions>
          <ns3:TrackPointExtension>
            <ns3:hr>81</ns3:hr>
          </ns3:TrackPointExtension>
        </extensions>
      </trkpt>
      <trkpt lat="56.93647175095975399017333984375" lon="-5.859214849770069122314453125">
        <ele>5</ele>
        <time>2025-08-31T15:21:26.000Z</time>
        <extensions>
          <ns3:TrackPointExtension>
            <ns3:hr>81</ns3:hr>
          </ns3:TrackPointExtension>
        </extensions>
      </trkpt>
      <trkpt lat="56.93638265132904052734375" lon="-5.85922591388225555419921875">
        <ele>5.80000019073486328125</ele>
        <time>2025-08-31T15:21:33.000Z</time>
        <extensions>
          <ns3:TrackPointExtension>
            <ns3:hr>78</ns3:hr>
          </ns3:TrackPointExtension>
        </extensions>
      </trkpt>
      <trkpt lat="56.936344094574451446533203125" lon="-5.85924225859344005584716796875">
        <ele>6</ele>
        <time>2025-08-31T15:21:36.000Z</time>
        <extensions>
          <ns3:TrackPointExtension>
            <ns3:hr>77</ns3:hr>
          </ns3:TrackPointExtension>
        </extensions>
      </trkpt>
      <trkpt lat="56.936273686587810516357421875" lon="-5.85928919725120067596435546875">
        <ele>6.400000095367431640625</ele>
        <time>2025-08-31T15:21:42.000Z</time>
        <extensions>
          <ns3:TrackPointExtension>
            <ns3:hr>80</ns3:hr>
          </ns3:TrackPointExtension>
        </extensions>
      </trkpt>
      <trkpt lat="56.93626102991402149200439453125" lon="-5.85929942317306995391845703125">
        <ele>6.400000095367431640625</ele>
        <time>2025-08-31T15:21:43.000Z</time>
        <extensions>
          <ns3:TrackPointExtension>
            <ns3:hr>80</ns3:hr>
          </ns3:TrackPointExtension>
        </extensions>
      </trkpt>
      <trkpt lat="56.9362272508442401885986328125" lon="-5.85933244787156581878662109375">
        <ele>6.599999904632568359375</ele>
        <time>2025-08-31T15:21:46.000Z</time>
        <extensions>
          <ns3:TrackPointExtension>
            <ns3:hr>80</ns3:hr>
          </ns3:TrackPointExtension>
        </extensions>
      </trkpt>
      <trkpt lat="56.9361685775220394134521484375" lon="-5.85939799435436725616455078125">
        <ele>6.599999904632568359375</ele>
        <time>2025-08-31T15:21:52.000Z</time>
        <extensions>
          <ns3:TrackPointExtension>
            <ns3:hr>83</ns3:hr>
          </ns3:TrackPointExtension>
        </extensions>
      </trkpt>
      <trkpt lat="56.9361296854913234710693359375" lon="-5.85944895632565021514892578125">
        <ele>6.599999904632568359375</ele>
        <time>2025-08-31T15:21:56.000Z</time>
        <extensions>
          <ns3:TrackPointExtension>
            <ns3:hr>84</ns3:hr>
          </ns3:TrackPointExtension>
        </extensions>
      </trkpt>
      <trkpt lat="56.93609674461185932159423828125" lon="-5.85950888693332672119140625">
        <ele>6.80000019073486328125</ele>
        <time>2025-08-31T15:22:00.000Z</time>
        <extensions>
          <ns3:TrackPointExtension>
            <ns3:hr>87</ns3:hr>
          </ns3:TrackPointExtension>
        </extensions>
      </trkpt>
      <trkpt lat="56.93606070242822170257568359375" lon="-5.8595858328044414520263671875">
        <ele>7.599999904632568359375</ele>
        <time>2025-08-31T15:22:04.000Z</time>
        <extensions>
          <ns3:TrackPointExtension>
            <ns3:hr>90</ns3:hr>
          </ns3:TrackPointExtension>
        </extensions>
      </trkpt>
      <trkpt lat="56.93603589199483394622802734375" lon="-5.859650708734989166259765625">
        <ele>7.19999980926513671875</ele>
        <time>2025-08-31T15:22:08.000Z</time>
        <extensions>
          <ns3:TrackPointExtension>
            <ns3:hr>92</ns3:hr>
          </ns3:TrackPointExtension>
        </extensions>
      </trkpt>
      <trkpt lat="56.935956180095672607421875" lon="-5.85989554412662982940673828125">
        <ele>8.3999996185302734375</ele>
        <time>2025-08-31T15:22:21.000Z</time>
        <extensions>
          <ns3:TrackPointExtension>
            <ns3:hr>90</ns3:hr>
          </ns3:TrackPointExtension>
        </extensions>
      </trkpt>
      <trkpt lat="56.93590563721954822540283203125" lon="-5.86004993878304958343505859375">
        <ele>8.6000003814697265625</ele>
        <time>2025-08-31T15:22:29.000Z</time>
        <extensions>
          <ns3:TrackPointExtension>
            <ns3:hr>89</ns3:hr>
          </ns3:TrackPointExtension>
        </extensions>
      </trkpt>
      <trkpt lat="56.93587915040552616119384765625" lon="-5.860121436417102813720703125">
        <ele>9</ele>
        <time>2025-08-31T15:22:33.000Z</time>
        <extensions>
          <ns3:TrackPointExtension>
            <ns3:hr>89</ns3:hr>
          </ns3:TrackPointExtension>
        </extensions>
      </trkpt>
      <trkpt lat="56.93578829057514667510986328125" lon="-5.8604072593152523040771484375">
        <ele>7.599999904632568359375</ele>
        <time>2025-08-31T15:22:47.000Z</time>
        <extensions>
          <ns3:TrackPointExtension>
            <ns3:hr>87</ns3:hr>
          </ns3:TrackPointExtension>
        </extensions>
      </trkpt>
      <trkpt lat="56.9357833452522754669189453125" lon="-5.860426537692546844482421875">
        <ele>7.599999904632568359375</ele>
        <time>2025-08-31T15:22:48.000Z</time>
        <extensions>
          <ns3:TrackPointExtension>
            <ns3:hr>88</ns3:hr>
          </ns3:TrackPointExtension>
        </extensions>
      </trkpt>
      <trkpt lat="56.93571318872272968292236328125" lon="-5.8606657572090625762939453125">
        <ele>7.19999980926513671875</ele>
        <time>2025-08-31T15:23:00.000Z</time>
        <extensions>
          <ns3:TrackPointExtension>
            <ns3:hr>85</ns3:hr>
          </ns3:TrackPointExtension>
        </extensions>
      </trkpt>
      <trkpt lat="56.93568284623324871063232421875" lon="-5.86073725484311580657958984375">
        <ele>8.6000003814697265625</ele>
        <time>2025-08-31T15:23:04.000Z</time>
        <extensions>
          <ns3:TrackPointExtension>
            <ns3:hr>84</ns3:hr>
          </ns3:TrackPointExtension>
        </extensions>
      </trkpt>
      <trkpt lat="56.93561495281755924224853515625" lon="-5.86086382158100605010986328125">
        <ele>9.19999980926513671875</ele>
        <time>2025-08-31T15:23:13.000Z</time>
        <extensions>
          <ns3:TrackPointExtension>
            <ns3:hr>82</ns3:hr>
          </ns3:TrackPointExtension>
        </extensions>
      </trkpt>
      <trkpt lat="56.93558176048099994659423828125" lon="-5.860907323658466339111328125">
        <ele>9.6000003814697265625</ele>
        <time>2025-08-31T15:23:17.000Z</time>
        <extensions>
          <ns3:TrackPointExtension>
            <ns3:hr>83</ns3:hr>
          </ns3:TrackPointExtension>
        </extensions>
      </trkpt>
      <trkpt lat="56.93554370664060115814208984375" lon="-5.86096725426614284515380859375">
        <ele>10.19999980926513671875</ele>
        <time>2025-08-31T15:23:22.000Z</time>
        <extensions>
          <ns3:TrackPointExtension>
            <ns3:hr>86</ns3:hr>
          </ns3:TrackPointExtension>
        </extensions>
      </trkpt>
      <trkpt lat="56.93553532473742961883544921875" lon="-5.8609825931489467620849609375">
        <ele>10.3999996185302734375</ele>
        <time>2025-08-31T15:23:23.000Z</time>
        <extensions>
          <ns3:TrackPointExtension>
            <ns3:hr>86</ns3:hr>
          </ns3:TrackPointExtension>
        </extensions>
      </trkpt>
      <trkpt lat="56.9355084188282489776611328125" lon="-5.86101771332323551177978515625">
        <ele>10.6000003814697265625</ele>
        <time>2025-08-31T15:23:26.000Z</time>
        <extensions>
          <ns3:TrackPointExtension>
            <ns3:hr>90</ns3:hr>
          </ns3:TrackPointExtension>
        </extensions>
      </trkpt>
      <trkpt lat="56.93546139635145664215087890625" lon="-5.86104889400303363800048828125">
        <ele>11.80000019073486328125</ele>
        <time>2025-08-31T15:23:33.000Z</time>
        <extensions>
          <ns3:TrackPointExtension>
            <ns3:hr>92</ns3:hr>
          </ns3:TrackPointExtension>
        </extensions>
      </trkpt>
      <trkpt lat="56.935371123254299163818359375" lon="-5.8611180447041988372802734375">
        <ele>12</ele>
        <time>2025-08-31T15:23:43.000Z</time>
        <extensions>
          <ns3:TrackPointExtension>
            <ns3:hr>92</ns3:hr>
          </ns3:TrackPointExtension>
        </extensions>
      </trkpt>
      <trkpt lat="56.93535243161022663116455078125" lon="-5.8611287735402584075927734375">
        <ele>11.80000019073486328125</ele>
        <time>2025-08-31T15:23:45.000Z</time>
        <extensions>
          <ns3:TrackPointExtension>
            <ns3:hr>95</ns3:hr>
          </ns3:TrackPointExtension>
        </extensions>
      </trkpt>
      <trkpt lat="56.9353126175701618194580078125" lon="-5.86115065030753612518310546875">
        <ele>13</ele>
        <time>2025-08-31T15:23:49.000Z</time>
        <extensions>
          <ns3:TrackPointExtension>
            <ns3:hr>98</ns3:hr>
          </ns3:TrackPointExtension>
        </extensions>
      </trkpt>
      <trkpt lat="56.9353002123534679412841796875" lon="-5.86115886457264423370361328125">
        <ele>13</ele>
        <time>2025-08-31T15:23:50.000Z</time>
        <extensions>
          <ns3:TrackPointExtension>
            <ns3:hr>101</ns3:hr>
          </ns3:TrackPointExtension>
        </extensions>
      </trkpt>
      <trkpt lat="56.93526215851306915283203125" lon="-5.8611767180263996124267578125">
        <ele>13.6000003814697265625</ele>
        <time>2025-08-31T15:23:54.000Z</time>
        <extensions>
          <ns3:TrackPointExtension>
            <ns3:hr>103</ns3:hr>
          </ns3:TrackPointExtension>
        </extensions>
      </trkpt>
      <trkpt lat="56.93521111272275447845458984375" lon="-5.861176215112209320068359375">
        <ele>14</ele>
        <time>2025-08-31T15:23:59.000Z</time>
        <extensions>
          <ns3:TrackPointExtension>
            <ns3:hr>104</ns3:hr>
          </ns3:TrackPointExtension>
        </extensions>
      </trkpt>
      <trkpt lat="56.93516283296048641204833984375" lon="-5.8611953258514404296875">
        <ele>14.3999996185302734375</ele>
        <time>2025-08-31T15:24:03.000Z</time>
        <extensions>
          <ns3:TrackPointExtension>
            <ns3:hr>101</ns3:hr>
          </ns3:TrackPointExtension>
        </extensions>
      </trkpt>
      <trkpt lat="56.9350943528115749359130859375" lon="-5.86122826673090457916259765625">
        <ele>15.19999980926513671875</ele>
        <time>2025-08-31T15:24:09.000Z</time>
        <extensions>
          <ns3:TrackPointExtension>
            <ns3:hr>101</ns3:hr>
          </ns3:TrackPointExtension>
        </extensions>
      </trkpt>
      <trkpt lat="56.93504481576383113861083984375" lon="-5.86124989204108715057373046875">
        <ele>15.3999996185302734375</ele>
        <time>2025-08-31T15:24:14.000Z</time>
        <extensions>
          <ns3:TrackPointExtension>
            <ns3:hr>101</ns3:hr>
          </ns3:TrackPointExtension>
        </extensions>
      </trkpt>
      <trkpt lat="56.93493987433612346649169921875" lon="-5.86128291673958301544189453125">
        <ele>16.6000003814697265625</ele>
        <time>2025-08-31T15:24:24.000Z</time>
        <extensions>
          <ns3:TrackPointExtension>
            <ns3:hr>103</ns3:hr>
          </ns3:TrackPointExtension>
        </extensions>
      </trkpt>
      <trkpt lat="56.93486209027469158172607421875" lon="-5.8612744510173797607421875">
        <ele>18</ele>
        <time>2025-08-31T15:24:32.000Z</time>
        <extensions>
          <ns3:TrackPointExtension>
            <ns3:hr>103</ns3:hr>
          </ns3:TrackPointExtension>
        </extensions>
      </trkpt>
      <trkpt lat="56.9348405487835407257080078125" lon="-5.86126481182873249053955078125">
        <ele>18.6000003814697265625</ele>
        <time>2025-08-31T15:24:34.000Z</time>
        <extensions>
          <ns3:TrackPointExtension>
            <ns3:hr>104</ns3:hr>
          </ns3:TrackPointExtension>
        </extensions>
      </trkpt>
      <trkpt lat="56.93482923321425914764404296875" lon="-5.86126062087714672088623046875">
        <ele>19</ele>
        <time>2025-08-31T15:24:35.000Z</time>
        <extensions>
          <ns3:TrackPointExtension>
            <ns3:hr>103</ns3:hr>
          </ns3:TrackPointExtension>
        </extensions>
      </trkpt>
      <trkpt lat="56.93479537032544612884521484375" lon="-5.86124855093657970428466796875">
        <ele>20.200000762939453125</ele>
        <time>2025-08-31T15:24:38.000Z</time>
        <extensions>
          <ns3:TrackPointExtension>
            <ns3:hr>102</ns3:hr>
          </ns3:TrackPointExtension>
        </extensions>
      </trkpt>
      <trkpt lat="56.93476351909339427947998046875" lon="-5.86123262532055377960205078125">
        <ele>20.200000762939453125</ele>
        <time>2025-08-31T15:24:41.000Z</time>
        <extensions>
          <ns3:TrackPointExtension>
            <ns3:hr>101</ns3:hr>
          </ns3:TrackPointExtension>
        </extensions>
      </trkpt>
      <trkpt lat="56.93472797982394695281982421875" lon="-5.86119675077497959136962890625">
        <ele>19.799999237060546875</ele>
        <time>2025-08-31T15:24:45.000Z</time>
        <extensions>
          <ns3:TrackPointExtension>
            <ns3:hr>104</ns3:hr>
          </ns3:TrackPointExtension>
        </extensions>
      </trkpt>
      <trkpt lat="56.934694536030292510986328125" lon="-5.86117864586412906646728515625">
        <ele>18.799999237060546875</ele>
        <time>2025-08-31T15:24:48.000Z</time>
        <extensions>
          <ns3:TrackPointExtension>
            <ns3:hr>105</ns3:hr>
          </ns3:TrackPointExtension>
        </extensions>
      </trkpt>
      <trkpt lat="56.9346843101084232330322265625" lon="-5.86116783320903778076171875">
        <ele>18.6000003814697265625</ele>
        <time>2025-08-31T15:24:49.000Z</time>
        <extensions>
          <ns3:TrackPointExtension>
            <ns3:hr>105</ns3:hr>
          </ns3:TrackPointExtension>
        </extensions>
      </trkpt>
      <trkpt lat="56.93461817689239978790283203125" lon="-5.86112751625478267669677734375">
        <ele>19.799999237060546875</ele>
        <time>2025-08-31T15:24:55.000Z</time>
        <extensions>
          <ns3:TrackPointExtension>
            <ns3:hr>107</ns3:hr>
          </ns3:TrackPointExtension>
        </extensions>
      </trkpt>
      <trkpt lat="56.93459831178188323974609375" lon="-5.861116535961627960205078125">
        <ele>20.200000762939453125</ele>
        <time>2025-08-31T15:24:57.000Z</time>
        <extensions>
          <ns3:TrackPointExtension>
            <ns3:hr>107</ns3:hr>
          </ns3:TrackPointExtension>
        </extensions>
      </trkpt>
      <trkpt lat="56.93452966399490833282470703125" lon="-5.86109407246112823486328125">
        <ele>20.6000003814697265625</ele>
        <time>2025-08-31T15:25:03.000Z</time>
        <extensions>
          <ns3:TrackPointExtension>
            <ns3:hr>104</ns3:hr>
          </ns3:TrackPointExtension>
        </extensions>
      </trkpt>
      <trkpt lat="56.9345193542540073394775390625" lon="-5.86109046824276447296142578125">
        <ele>20.799999237060546875</ele>
        <time>2025-08-31T15:25:04.000Z</time>
        <extensions>
          <ns3:TrackPointExtension>
            <ns3:hr>102</ns3:hr>
          </ns3:TrackPointExtension>
        </extensions>
      </trkpt>
      <trkpt lat="56.93449714221060276031494140625" lon="-5.86108594201505184173583984375">
        <ele>21.6000003814697265625</ele>
        <time>2025-08-31T15:25:06.000Z</time>
        <extensions>
          <ns3:TrackPointExtension>
            <ns3:hr>98</ns3:hr>
          </ns3:TrackPointExtension>
        </extensions>
      </trkpt>
      <trkpt lat="56.93448641337454319000244140625" lon="-5.86108409799635410308837890625">
        <ele>21.799999237060546875</ele>
        <time>2025-08-31T15:25:07.000Z</time>
        <extensions>
          <ns3:TrackPointExtension>
            <ns3:hr>97</ns3:hr>
          </ns3:TrackPointExtension>
        </extensions>
      </trkpt>
      <trkpt lat="56.9344613514840602874755859375" lon="-5.86107940413057804107666015625">
        <ele>21.799999237060546875</ele>
        <time>2025-08-31T15:25:09.000Z</time>
        <extensions>
          <ns3:TrackPointExtension>
            <ns3:hr>96</ns3:hr>
          </ns3:TrackPointExtension>
        </extensions>
      </trkpt>
      <trkpt lat="56.93442941643297672271728515625" lon="-5.86107102222740650177001953125">
        <ele>20.6000003814697265625</ele>
        <time>2025-08-31T15:25:12.000Z</time>
        <extensions>
          <ns3:TrackPointExtension>
            <ns3:hr>97</ns3:hr>
          </ns3:TrackPointExtension>
        </extensions>
      </trkpt>
      <trkpt lat="56.934328414499759674072265625" lon="-5.86102240718901157379150390625">
        <ele>21</ele>
        <time>2025-08-31T15:25:21.000Z</time>
        <extensions>
          <ns3:TrackPointExtension>
            <ns3:hr>96</ns3:hr>
          </ns3:TrackPointExtension>
        </extensions>
      </trkpt>
      <trkpt lat="56.93429077975451946258544921875" lon="-5.86099885404109954833984375">
        <ele>21.799999237060546875</ele>
        <time>2025-08-31T15:25:24.000Z</time>
        <extensions>
          <ns3:TrackPointExtension>
            <ns3:hr>96</ns3:hr>
          </ns3:TrackPointExtension>
        </extensions>
      </trkpt>
      <trkpt lat="56.93419371731579303741455078125" lon="-5.860936157405376434326171875">
        <ele>21.6000003814697265625</ele>
        <time>2025-08-31T15:25:32.000Z</time>
        <extensions>
          <ns3:TrackPointExtension>
            <ns3:hr>96</ns3:hr>
          </ns3:TrackPointExtension>
        </extensions>
      </trkpt>
      <trkpt lat="56.9340560026466846466064453125" lon="-5.860835574567317962646484375">
        <ele>22.3999996185302734375</ele>
        <time>2025-08-31T15:25:44.000Z</time>
        <extensions>
          <ns3:TrackPointExtension>
            <ns3:hr>96</ns3:hr>
          </ns3:TrackPointExtension>
        </extensions>
      </trkpt>
      <trkpt lat="56.93403303623199462890625" lon="-5.8608206547796726226806640625">
        <ele>22.3999996185302734375</ele>
        <time>2025-08-31T15:25:46.000Z</time>
        <extensions>
          <ns3:TrackPointExtension>
            <ns3:hr>93</ns3:hr>
          </ns3:TrackPointExtension>
        </extensions>
      </trkpt>
      <trkpt lat="56.93389146588742733001708984375" lon="-5.8607780747115612030029296875">
        <ele>22</ele>
        <time>2025-08-31T15:25:58.000Z</time>
        <extensions>
          <ns3:TrackPointExtension>
            <ns3:hr>95</ns3:hr>
          </ns3:TrackPointExtension>
        </extensions>
      </trkpt>
      <trkpt lat="56.933830864727497100830078125" lon="-5.860774554312229156494140625">
        <ele>22.799999237060546875</ele>
        <time>2025-08-31T15:26:03.000Z</time>
        <extensions>
          <ns3:TrackPointExtension>
            <ns3:hr>94</ns3:hr>
          </ns3:TrackPointExtension>
        </extensions>
      </trkpt>
      <trkpt lat="56.93374260328710079193115234375" lon="-5.86076927371323108673095703125">
        <ele>23.799999237060546875</ele>
        <time>2025-08-31T15:26:10.000Z</time>
        <extensions>
          <ns3:TrackPointExtension>
            <ns3:hr>96</ns3:hr>
          </ns3:TrackPointExtension>
        </extensions>
      </trkpt>
      <trkpt lat="56.93367051891982555389404296875" lon="-5.860764496028423309326171875">
        <ele>24</ele>
        <time>2025-08-31T15:26:16.000Z</time>
        <extensions>
          <ns3:TrackPointExtension>
            <ns3:hr>98</ns3:hr>
          </ns3:TrackPointExtension>
        </extensions>
      </trkpt>
      <trkpt lat="56.9335718639194965362548828125" lon="-5.86077497340738773345947265625">
        <ele>23.3999996185302734375</ele>
        <time>2025-08-31T15:26:24.000Z</time>
        <extensions>
          <ns3:TrackPointExtension>
            <ns3:hr>98</ns3:hr>
          </ns3:TrackPointExtension>
        </extensions>
      </trkpt>
      <trkpt lat="56.9335467182099819183349609375" lon="-5.86078025400638580322265625">
        <ele>23</ele>
        <time>2025-08-31T15:26:26.000Z</time>
        <extensions>
          <ns3:TrackPointExtension>
            <ns3:hr>98</ns3:hr>
          </ns3:TrackPointExtension>
        </extensions>
      </trkpt>
      <trkpt lat="56.9335349835455417633056640625" lon="-5.8607814274728298187255859375">
        <ele>22.6000003814697265625</ele>
        <time>2025-08-31T15:26:27.000Z</time>
        <extensions>
          <ns3:TrackPointExtension>
            <ns3:hr>94</ns3:hr>
          </ns3:TrackPointExtension>
        </extensions>
      </trkpt>
      <trkpt lat="56.93349584005773067474365234375" lon="-5.86078268475830554962158203125">
        <ele>22.200000762939453125</ele>
        <time>2025-08-31T15:26:30.000Z</time>
        <extensions>
          <ns3:TrackPointExtension>
            <ns3:hr>91</ns3:hr>
          </ns3:TrackPointExtension>
        </extensions>
      </trkpt>
      <trkpt lat="56.93348444066941738128662109375" lon="-5.8607831038534641265869140625">
        <ele>22.3999996185302734375</ele>
        <time>2025-08-31T15:26:31.000Z</time>
        <extensions>
          <ns3:TrackPointExtension>
            <ns3:hr>87</ns3:hr>
          </ns3:TrackPointExtension>
        </extensions>
      </trkpt>
      <trkpt lat="56.933435909450054168701171875" lon="-5.86078469641506671905517578125">
        <ele>21.799999237060546875</ele>
        <time>2025-08-31T15:26:35.000Z</time>
        <extensions>
          <ns3:TrackPointExtension>
            <ns3:hr>85</ns3:hr>
          </ns3:TrackPointExtension>
        </extensions>
      </trkpt>
      <trkpt lat="56.9334089197218418121337890625" lon="-5.8607857860624790191650390625">
        <ele>21.200000762939453125</ele>
        <time>2025-08-31T15:26:37.000Z</time>
        <extensions>
          <ns3:TrackPointExtension>
            <ns3:hr>84</ns3:hr>
          </ns3:TrackPointExtension>
        </extensions>
      </trkpt>
      <trkpt lat="56.9333814270794391632080078125" lon="-5.860784947872161865234375">
        <ele>20.6000003814697265625</ele>
        <time>2025-08-31T15:26:39.000Z</time>
        <extensions>
          <ns3:TrackPointExtension>
            <ns3:hr>84</ns3:hr>
          </ns3:TrackPointExtension>
        </extensions>
      </trkpt>
      <trkpt lat="56.93327908404171466827392578125" lon="-5.86078855209052562713623046875">
        <ele>21.6000003814697265625</ele>
        <time>2025-08-31T15:26:47.000Z</time>
        <extensions>
          <ns3:TrackPointExtension>
            <ns3:hr>82</ns3:hr>
          </ns3:TrackPointExtension>
        </extensions>
      </trkpt>
      <trkpt lat="56.93321554921567440032958984375" lon="-5.8607837744057178497314453125">
        <ele>21.3999996185302734375</ele>
        <time>2025-08-31T15:26:53.000Z</time>
        <extensions>
          <ns3:TrackPointExtension>
            <ns3:hr>79</ns3:hr>
          </ns3:TrackPointExtension>
        </extensions>
      </trkpt>
      <trkpt lat="56.933165006339550018310546875" lon="-5.8607747219502925872802734375">
        <ele>21.200000762939453125</ele>
        <time>2025-08-31T15:26:57.000Z</time>
        <extensions>
          <ns3:TrackPointExtension>
            <ns3:hr>77</ns3:hr>
          </ns3:TrackPointExtension>
        </extensions>
      </trkpt>
      <trkpt lat="56.93307322449982166290283203125" lon="-5.860698111355304718017578125">
        <ele>20.6000003814697265625</ele>
        <time>2025-08-31T15:27:05.000Z</time>
        <extensions>
          <ns3:TrackPointExtension>
            <ns3:hr>77</ns3:hr>
          </ns3:TrackPointExtension>
        </extensions>
      </trkpt>
      <trkpt lat="56.933061741292476654052734375" lon="-5.86068629287183284759521484375">
        <ele>20.3999996185302734375</ele>
        <time>2025-08-31T15:27:06.000Z</time>
        <extensions>
          <ns3:TrackPointExtension>
            <ns3:hr>77</ns3:hr>
          </ns3:TrackPointExtension>
        </extensions>
      </trkpt>
      <trkpt lat="56.933008097112178802490234375" lon="-5.86062141694128513336181640625">
        <ele>19.200000762939453125</ele>
        <time>2025-08-31T15:27:11.000Z</time>
        <extensions>
          <ns3:TrackPointExtension>
            <ns3:hr>77</ns3:hr>
          </ns3:TrackPointExtension>
        </extensions>
      </trkpt>
      <trkpt lat="56.932955794036388397216796875" lon="-5.8606308884918689727783203125">
        <ele>18.3999996185302734375</ele>
        <time>2025-08-31T15:27:16.000Z</time>
        <extensions>
          <ns3:TrackPointExtension>
            <ns3:hr>75</ns3:hr>
          </ns3:TrackPointExtension>
        </extensions>
      </trkpt>
      <trkpt lat="56.9329391978681087493896484375" lon="-5.86077363230288028717041015625">
        <ele>18</ele>
        <time>2025-08-31T15:27:22.000Z</time>
        <extensions>
          <ns3:TrackPointExtension>
            <ns3:hr>74</ns3:hr>
          </ns3:TrackPointExtension>
        </extensions>
      </trkpt>
      <trkpt lat="56.93293911404907703399658203125" lon="-5.86079760454595088958740234375">
        <ele>17.799999237060546875</ele>
        <time>2025-08-31T15:27:23.000Z</time>
        <extensions>
          <ns3:TrackPointExtension>
            <ns3:hr>74</ns3:hr>
          </ns3:TrackPointExtension>
        </extensions>
      </trkpt>
      <trkpt lat="56.93294229917228221893310546875" lon="-5.86090824566781520843505859375">
        <ele>16.799999237060546875</ele>
        <time>2025-08-31T15:27:28.000Z</time>
        <extensions>
          <ns3:TrackPointExtension>
            <ns3:hr>74</ns3:hr>
          </ns3:TrackPointExtension>
        </extensions>
      </trkpt>
      <trkpt lat="56.9329440593719482421875" lon="-5.86099147796630859375">
        <ele>16.3999996185302734375</ele>
        <time>2025-08-31T15:27:32.000Z</time>
        <extensions>
          <ns3:TrackPointExtension>
            <ns3:hr>75</ns3:hr>
          </ns3:TrackPointExtension>
        </extensions>
      </trkpt>
      <trkpt lat="56.93292486481368541717529296875" lon="-5.8611871115863323211669921875">
        <ele>16.200000762939453125</ele>
        <time>2025-08-31T15:27:40.000Z</time>
        <extensions>
          <ns3:TrackPointExtension>
            <ns3:hr>75</ns3:hr>
          </ns3:TrackPointExtension>
        </extensions>
      </trkpt>
      <trkpt lat="56.93291882984340190887451171875" lon="-5.86123178713023662567138671875">
        <ele>15.80000019073486328125</ele>
        <time>2025-08-31T15:27:42.000Z</time>
        <extensions>
          <ns3:TrackPointExtension>
            <ns3:hr>75</ns3:hr>
          </ns3:TrackPointExtension>
        </extensions>
      </trkpt>
      <trkpt lat="56.93291363306343555450439453125" lon="-5.86129599250853061676025390625">
        <ele>14.6000003814697265625</ele>
        <time>2025-08-31T15:27:45.000Z</time>
        <extensions>
          <ns3:TrackPointExtension>
            <ns3:hr>76</ns3:hr>
          </ns3:TrackPointExtension>
        </extensions>
      </trkpt>
      <trkpt lat="56.93290583789348602294921875" lon="-5.8613627962768077850341796875">
        <ele>14.80000019073486328125</ele>
        <time>2025-08-31T15:27:48.000Z</time>
        <extensions>
          <ns3:TrackPointExtension>
            <ns3:hr>76</ns3:hr>
          </ns3:TrackPointExtension>
        </extensions>
      </trkpt>
      <trkpt lat="56.93288228474557399749755859375" lon="-5.8615173585712909698486328125">
        <ele>13.80000019073486328125</ele>
        <time>2025-08-31T15:27:55.000Z</time>
        <extensions>
          <ns3:TrackPointExtension>
            <ns3:hr>73</ns3:hr>
          </ns3:TrackPointExtension>
        </extensions>
      </trkpt>
      <trkpt lat="56.9328778423368930816650390625" lon="-5.86156739853322505950927734375">
        <ele>13.6000003814697265625</ele>
        <time>2025-08-31T15:27:57.000Z</time>
        <extensions>
          <ns3:TrackPointExtension>
            <ns3:hr>73</ns3:hr>
          </ns3:TrackPointExtension>
        </extensions>
      </trkpt>
      <trkpt lat="56.9328701309859752655029296875" lon="-5.86161098442971706390380859375">
        <ele>13.6000003814697265625</ele>
        <time>2025-08-31T15:27:59.000Z</time>
        <extensions>
          <ns3:TrackPointExtension>
            <ns3:hr>73</ns3:hr>
          </ns3:TrackPointExtension>
        </extensions>
      </trkpt>
      <trkpt lat="56.9328463263809680938720703125" lon="-5.86188876070082187652587890625">
        <ele>12.80000019073486328125</ele>
        <time>2025-08-31T15:28:11.000Z</time>
        <extensions>
          <ns3:TrackPointExtension>
            <ns3:hr>73</ns3:hr>
          </ns3:TrackPointExtension>
        </extensions>
      </trkpt>
      <trkpt lat="56.93284087814390659332275390625" lon="-5.86191206239163875579833984375">
        <ele>12.6000003814697265625</ele>
        <time>2025-08-31T15:28:12.000Z</time>
        <extensions>
          <ns3:TrackPointExtension>
            <ns3:hr>73</ns3:hr>
          </ns3:TrackPointExtension>
        </extensions>
      </trkpt>
      <trkpt lat="56.93278874270617961883544921875" lon="-5.86204265244305133819580078125">
        <ele>11.6000003814697265625</ele>
        <time>2025-08-31T15:28:19.000Z</time>
        <extensions>
          <ns3:TrackPointExtension>
            <ns3:hr>73</ns3:hr>
          </ns3:TrackPointExtension>
        </extensions>
      </trkpt>
      <trkpt lat="56.93277047015726566314697265625" lon="-5.862070731818675994873046875">
        <ele>11.6000003814697265625</ele>
        <time>2025-08-31T15:28:21.000Z</time>
        <extensions>
          <ns3:TrackPointExtension>
            <ns3:hr>72</ns3:hr>
          </ns3:TrackPointExtension>
        </extensions>
      </trkpt>
      <trkpt lat="56.93273325450718402862548828125" lon="-5.86213870905339717864990234375">
        <ele>10.6000003814697265625</ele>
        <time>2025-08-31T15:28:25.000Z</time>
        <extensions>
          <ns3:TrackPointExtension>
            <ns3:hr>71</ns3:hr>
          </ns3:TrackPointExtension>
        </extensions>
      </trkpt>
      <trkpt lat="56.932707689702510833740234375" lon="-5.8621815405786037445068359375">
        <ele>9.3999996185302734375</ele>
        <time>2025-08-31T15:28:28.000Z</time>
        <extensions>
          <ns3:TrackPointExtension>
            <ns3:hr>71</ns3:hr>
          </ns3:TrackPointExtension>
        </extensions>
      </trkpt>
      <trkpt lat="56.9327001459896564483642578125" lon="-5.8621956221759319305419921875">
        <ele>9</ele>
        <time>2025-08-31T15:28:29.000Z</time>
        <extensions>
          <ns3:TrackPointExtension>
            <ns3:hr>72</ns3:hr>
          </ns3:TrackPointExtension>
        </extensions>
      </trkpt>
      <trkpt lat="56.93260367028415203094482421875" lon="-5.86236284114420413970947265625">
        <ele>8.80000019073486328125</ele>
        <time>2025-08-31T15:28:40.000Z</time>
        <extensions>
          <ns3:TrackPointExtension>
            <ns3:hr>74</ns3:hr>
          </ns3:TrackPointExtension>
        </extensions>
      </trkpt>
      <trkpt lat="56.93254801444709300994873046875" lon="-5.86248035542666912078857421875">
        <ele>8.19999980926513671875</ele>
        <time>2025-08-31T15:28:47.000Z</time>
        <extensions>
          <ns3:TrackPointExtension>
            <ns3:hr>74</ns3:hr>
          </ns3:TrackPointExtension>
        </extensions>
      </trkpt>
      <trkpt lat="56.93249738775193691253662109375" lon="-5.862553529441356658935546875">
        <ele>7.19999980926513671875</ele>
        <time>2025-08-31T15:28:52.000Z</time>
        <extensions>
          <ns3:TrackPointExtension>
            <ns3:hr>75</ns3:hr>
          </ns3:TrackPointExtension>
        </extensions>
      </trkpt>
      <trkpt lat="56.93245111964643001556396484375" lon="-5.86262963712215423583984375">
        <ele>8.3999996185302734375</ele>
        <time>2025-08-31T15:28:57.000Z</time>
        <extensions>
          <ns3:TrackPointExtension>
            <ns3:hr>74</ns3:hr>
          </ns3:TrackPointExtension>
        </extensions>
      </trkpt>
      <trkpt lat="56.93241541273891925811767578125" lon="-5.86272309534251689910888671875">
        <ele>8.3999996185302734375</ele>
        <time>2025-08-31T15:29:02.000Z</time>
        <extensions>
          <ns3:TrackPointExtension>
            <ns3:hr>74</ns3:hr>
          </ns3:TrackPointExtension>
        </extensions>
      </trkpt>
      <trkpt lat="56.932334192097187042236328125" lon="-5.86283340118825435638427734375">
        <ele>7.400000095367431640625</ele>
        <time>2025-08-31T15:29:11.000Z</time>
        <extensions>
          <ns3:TrackPointExtension>
            <ns3:hr>74</ns3:hr>
          </ns3:TrackPointExtension>
        </extensions>
      </trkpt>
      <trkpt lat="56.93228817544877529144287109375" lon="-5.86284362711012363433837890625">
        <ele>7.400000095367431640625</ele>
        <time>2025-08-31T15:29:15.000Z</time>
        <extensions>
          <ns3:TrackPointExtension>
            <ns3:hr>74</ns3:hr>
          </ns3:TrackPointExtension>
        </extensions>
      </trkpt>
      <trkpt lat="56.93225204944610595703125" lon="-5.86285301484167575836181640625">
        <ele>7</ele>
        <time>2025-08-31T15:29:19.000Z</time>
        <extensions>
          <ns3:TrackPointExtension>
            <ns3:hr>74</ns3:hr>
          </ns3:TrackPointExtension>
        </extensions>
      </trkpt>
      <trkpt lat="56.93220175802707672119140625" lon="-5.86283725686371326446533203125">
        <ele>7.599999904632568359375</ele>
        <time>2025-08-31T15:29:26.000Z</time>
        <extensions>
          <ns3:TrackPointExtension>
            <ns3:hr>74</ns3:hr>
          </ns3:TrackPointExtension>
        </extensions>
      </trkpt>
      <trkpt lat="56.932203434407711029052734375" lon="-5.86283775977790355682373046875">
        <ele>8</ele>
        <time>2025-08-31T15:29:29.000Z</time>
        <extensions>
          <ns3:TrackPointExtension>
            <ns3:hr>74</ns3:hr>
          </ns3:TrackPointExtension>
        </extensions>
      </trkpt>
      <trkpt lat="56.93221114575862884521484375" lon="-5.862849242985248565673828125">
        <ele>7.599999904632568359375</ele>
        <time>2025-08-31T15:29:33.000Z</time>
        <extensions>
          <ns3:TrackPointExtension>
            <ns3:hr>73</ns3:hr>
          </ns3:TrackPointExtension>
        </extensions>
      </trkpt>
      <trkpt lat="56.93219840526580810546875" lon="-5.86276232264935970306396484375">
        <ele>6.80000019073486328125</ele>
        <time>2025-08-31T15:29:38.000Z</time>
        <extensions>
          <ns3:TrackPointExtension>
            <ns3:hr>73</ns3:hr>
          </ns3:TrackPointExtension>
        </extensions>
      </trkpt>
      <trkpt lat="56.93218231201171875" lon="-5.86258747614920139312744140625">
        <ele>7.80000019073486328125</ele>
        <time>2025-08-31T15:29:46.000Z</time>
        <extensions>
          <ns3:TrackPointExtension>
            <ns3:hr>76</ns3:hr>
          </ns3:TrackPointExtension>
        </extensions>
      </trkpt>
      <trkpt lat="56.93217652849853038787841796875" lon="-5.8625312335789203643798828125">
        <ele>7</ele>
        <time>2025-08-31T15:29:49.000Z</time>
        <extensions>
          <ns3:TrackPointExtension>
            <ns3:hr>76</ns3:hr>
          </ns3:TrackPointExtension>
        </extensions>
      </trkpt>
      <trkpt lat="56.9321702420711517333984375" lon="-5.862480439245700836181640625">
        <ele>6.19999980926513671875</ele>
        <time>2025-08-31T15:29:52.000Z</time>
        <extensions>
          <ns3:TrackPointExtension>
            <ns3:hr>76</ns3:hr>
          </ns3:TrackPointExtension>
        </extensions>
      </trkpt>
      <trkpt lat="56.93214677274227142333984375" lon="-5.86234129965305328369140625">
        <ele>6.19999980926513671875</ele>
        <time>2025-08-31T15:29:59.000Z</time>
        <extensions>
          <ns3:TrackPointExtension>
            <ns3:hr>76</ns3:hr>
          </ns3:TrackPointExtension>
        </extensions>
      </trkpt>
      <trkpt lat="56.9320849142968654632568359375" lon="-5.86221397854387760162353515625">
        <ele>5.599999904632568359375</ele>
        <time>2025-08-31T15:30:08.000Z</time>
        <extensions>
          <ns3:TrackPointExtension>
            <ns3:hr>76</ns3:hr>
          </ns3:TrackPointExtension>
        </extensions>
      </trkpt>
      <trkpt lat="56.9320356287062168121337890625" lon="-5.86216025054454803466796875">
        <ele>7.400000095367431640625</ele>
        <time>2025-08-31T15:30:13.000Z</time>
        <extensions>
          <ns3:TrackPointExtension>
            <ns3:hr>76</ns3:hr>
          </ns3:TrackPointExtension>
        </extensions>
      </trkpt>
      <trkpt lat="56.931979469954967498779296875" lon="-5.86207844316959381103515625">
        <ele>7.80000019073486328125</ele>
        <time>2025-08-31T15:30:19.000Z</time>
        <extensions>
          <ns3:TrackPointExtension>
            <ns3:hr>76</ns3:hr>
          </ns3:TrackPointExtension>
        </extensions>
      </trkpt>
      <trkpt lat="56.9319373928010463714599609375" lon="-5.8618834801018238067626953125">
        <ele>7.19999980926513671875</ele>
        <time>2025-08-31T15:30:29.000Z</time>
        <extensions>
          <ns3:TrackPointExtension>
            <ns3:hr>75</ns3:hr>
          </ns3:TrackPointExtension>
        </extensions>
      </trkpt>
      <trkpt lat="56.93193077109754085540771484375" lon="-5.86177158169448375701904296875">
        <ele>8.80000019073486328125</ele>
        <time>2025-08-31T15:30:37.000Z</time>
        <extensions>
          <ns3:TrackPointExtension>
            <ns3:hr>76</ns3:hr>
          </ns3:TrackPointExtension>
        </extensions>
      </trkpt>
      <trkpt lat="56.9319873489439487457275390625" lon="-5.86172129027545452117919921875">
        <ele>9.6000003814697265625</ele>
        <time>2025-08-31T15:30:44.000Z</time>
        <extensions>
          <ns3:TrackPointExtension>
            <ns3:hr>77</ns3:hr>
          </ns3:TrackPointExtension>
        </extensions>
      </trkpt>
      <trkpt lat="56.931995563209056854248046875" lon="-5.861720032989978790283203125">
        <ele>9.80000019073486328125</ele>
        <time>2025-08-31T15:30:45.000Z</time>
        <extensions>
          <ns3:TrackPointExtension>
            <ns3:hr>77</ns3:hr>
          </ns3:TrackPointExtension>
        </extensions>
      </trkpt>
      <trkpt lat="56.93200654350221157073974609375" lon="-5.8617165125906467437744140625">
        <ele>13.19999980926513671875</ele>
        <time>2025-08-31T15:30:47.000Z</time>
        <extensions>
          <ns3:TrackPointExtension>
            <ns3:hr>77</ns3:hr>
          </ns3:TrackPointExtension>
        </extensions>
      </trkpt>
      <trkpt lat="56.932010315358638763427734375" lon="-5.86171877570450305938720703125">
        <ele>12.19999980926513671875</ele>
        <time>2025-08-31T15:30:51.000Z</time>
        <extensions>
          <ns3:TrackPointExtension>
            <ns3:hr>80</ns3:hr>
          </ns3:TrackPointExtension>
        </extensions>
      </trkpt>
      <trkpt lat="56.93201106972992420196533203125" lon="-5.8617198653519153594970703125">
        <ele>12</ele>
        <time>2025-08-31T15:30:52.000Z</time>
        <extensions>
          <ns3:TrackPointExtension>
            <ns3:hr>80</ns3:hr>
          </ns3:TrackPointExtension>
        </extensions>
      </trkpt>
      <trkpt lat="56.93201224319636821746826171875" lon="-5.86172078736126422882080078125">
        <ele>10.80000019073486328125</ele>
        <time>2025-08-31T15:30:53.000Z</time>
        <extensions>
          <ns3:TrackPointExtension>
            <ns3:hr>80</ns3:hr>
          </ns3:TrackPointExtension>
        </extensions>
      </trkpt>
      <trkpt lat="56.932013332843780517578125" lon="-5.86170025169849395751953125">
        <ele>11.3999996185302734375</ele>
        <time>2025-08-31T15:30:59.000Z</time>
        <extensions>
          <ns3:TrackPointExtension>
            <ns3:hr>80</ns3:hr>
          </ns3:TrackPointExtension>
        </extensions>
      </trkpt>
      <trkpt lat="56.9320004247128963470458984375" lon="-5.8617198653519153594970703125">
        <ele>10.19999980926513671875</ele>
        <time>2025-08-31T15:31:08.000Z</time>
        <extensions>
          <ns3:TrackPointExtension>
            <ns3:hr>82</ns3:hr>
          </ns3:TrackPointExtension>
        </extensions>
      </trkpt>
      <trkpt lat="56.93200218491256237030029296875" lon="-5.861730091273784637451171875">
        <ele>10.19999980926513671875</ele>
        <time>2025-08-31T15:31:19.000Z</time>
        <extensions>
          <ns3:TrackPointExtension>
            <ns3:hr>81</ns3:hr>
          </ns3:TrackPointExtension>
        </extensions>
      </trkpt>
      <trkpt lat="56.93200235255062580108642578125" lon="-5.86173185147345066070556640625">
        <ele>10.3999996185302734375</ele>
        <time>2025-08-31T15:31:28.000Z</time>
        <extensions>
          <ns3:TrackPointExtension>
            <ns3:hr>79</ns3:hr>
          </ns3:TrackPointExtension>
        </extensions>
      </trkpt>
      <trkpt lat="56.93199866451323032379150390625" lon="-5.86172330193221569061279296875">
        <ele>10.3999996185302734375</ele>
        <time>2025-08-31T15:31:36.000Z</time>
        <extensions>
          <ns3:TrackPointExtension>
            <ns3:hr>77</ns3:hr>
          </ns3:TrackPointExtension>
        </extensions>
      </trkpt>
      <trkpt lat="56.93199128843843936920166015625" lon="-5.8617440052330493927001953125">
        <ele>11</ele>
        <time>2025-08-31T15:31:46.000Z</time>
        <extensions>
          <ns3:TrackPointExtension>
            <ns3:hr>76</ns3:hr>
          </ns3:TrackPointExtension>
        </extensions>
      </trkpt>
      <trkpt lat="56.9319910369813442230224609375" lon="-5.86172841489315032958984375">
        <ele>10.19999980926513671875</ele>
        <time>2025-08-31T15:31:51.000Z</time>
        <extensions>
          <ns3:TrackPointExtension>
            <ns3:hr>73</ns3:hr>
          </ns3:TrackPointExtension>
        </extensions>
      </trkpt>
      <trkpt lat="56.93199254572391510009765625" lon="-5.861720032989978790283203125">
        <ele>10</ele>
        <time>2025-08-31T15:31:55.000Z</time>
        <extensions>
          <ns3:TrackPointExtension>
            <ns3:hr>72</ns3:hr>
          </ns3:TrackPointExtension>
        </extensions>
      </trkpt>
      <trkpt lat="56.93199363537132740020751953125" lon="-5.8617094717919826507568359375">
        <ele>9.6000003814697265625</ele>
        <time>2025-08-31T15:31:58.000Z</time>
        <extensions>
          <ns3:TrackPointExtension>
            <ns3:hr>72</ns3:hr>
          </ns3:TrackPointExtension>
        </extensions>
      </trkpt>
      <trkpt lat="56.9319927133619785308837890625" lon="-5.86172129027545452117919921875">
        <ele>8.3999996185302734375</ele>
        <time>2025-08-31T15:32:01.000Z</time>
        <extensions>
          <ns3:TrackPointExtension>
            <ns3:hr>73</ns3:hr>
          </ns3:TrackPointExtension>
        </extensions>
      </trkpt>
      <trkpt lat="56.9319917075335979461669921875" lon="-5.86172212846577167510986328125">
        <ele>8</ele>
        <time>2025-08-31T15:32:03.000Z</time>
        <extensions>
          <ns3:TrackPointExtension>
            <ns3:hr>73</ns3:hr>
          </ns3:TrackPointExtension>
        </extensions>
      </trkpt>
      <trkpt lat="56.93199346773326396942138671875" lon="-5.8617145009338855743408203125">
        <ele>9.6000003814697265625</ele>
        <time>2025-08-31T15:32:07.000Z</time>
        <extensions>
          <ns3:TrackPointExtension>
            <ns3:hr>72</ns3:hr>
          </ns3:TrackPointExtension>
        </extensions>
      </trkpt>
      <trkpt lat="56.93198709748685359954833984375" lon="-5.86171743459999561309814453125">
        <ele>9.80000019073486328125</ele>
        <time>2025-08-31T15:32:13.000Z</time>
        <extensions>
          <ns3:TrackPointExtension>
            <ns3:hr>73</ns3:hr>
          </ns3:TrackPointExtension>
        </extensions>
      </trkpt>
      <trkpt lat="56.9319789670407772064208984375" lon="-5.86172481067478656768798828125">
        <ele>9.19999980926513671875</ele>
        <time>2025-08-31T15:32:24.000Z</time>
        <extensions>
          <ns3:TrackPointExtension>
            <ns3:hr>72</ns3:hr>
          </ns3:TrackPointExtension>
        </extensions>
      </trkpt>
      <trkpt lat="56.93197452463209629058837890625" lon="-5.8617272414267063140869140625">
        <ele>9</ele>
        <time>2025-08-31T15:32:28.000Z</time>
        <extensions>
          <ns3:TrackPointExtension>
            <ns3:hr>69</ns3:hr>
          </ns3:TrackPointExtension>
        </extensions>
      </trkpt>
      <trkpt lat="56.9319803081452846527099609375" lon="-5.86172841489315032958984375">
        <ele>8.6000003814697265625</ele>
        <time>2025-08-31T15:32:32.000Z</time>
        <extensions>
          <ns3:TrackPointExtension>
            <ns3:hr>67</ns3:hr>
          </ns3:TrackPointExtension>
        </extensions>
      </trkpt>
      <trkpt lat="56.9319803081452846527099609375" lon="-5.86172841489315032958984375">
        <ele>9</ele>
        <time>2025-08-31T15:32:36.000Z</time>
        <extensions>
          <ns3:TrackPointExtension>
            <ns3:hr>68</ns3:hr>
          </ns3:TrackPointExtension>
        </extensions>
      </trkpt>
      <trkpt lat="56.9319803081452846527099609375" lon="-5.86172841489315032958984375">
        <ele>10</ele>
        <time>2025-08-31T15:32:44.000Z</time>
        <extensions>
          <ns3:TrackPointExtension>
            <ns3:hr>65</ns3:hr>
          </ns3:TrackPointExtension>
        </extensions>
      </trkpt>
      <trkpt lat="56.9319819845259189605712890625" lon="-5.8617265708744525909423828125">
        <ele>9.3999996185302734375</ele>
        <time>2025-08-31T15:33:01.000Z</time>
        <extensions>
          <ns3:TrackPointExtension>
            <ns3:hr>65</ns3:hr>
          </ns3:TrackPointExtension>
        </extensions>
      </trkpt>
      <trkpt lat="56.93198047578334808349609375" lon="-5.861729085445404052734375">
        <ele>10.3999996185302734375</ele>
        <time>2025-08-31T15:33:05.000Z</time>
        <extensions>
          <ns3:TrackPointExtension>
            <ns3:hr>66</ns3:hr>
          </ns3:TrackPointExtension>
        </extensions>
      </trkpt>
    </trkseg>
  </trk>
</gpx>
